collision_id,time,amr_1,amr_2,collision_type,location,human_intervention_time,orders
1,63.2,AMR1,AMR3,경로충돌,"(14, 19)",30.9,O0001 O0003
2,63.8,AMR1,AMR3,정면충돌,"(14, 19)<->(15, 19)",39.5,O0001 O0003
3,95.4,AMR1,AMR3,경로충돌,"(8, 11)",23.3,O0001 O0003
4,96.9,AMR1,AMR3,정면충돌,"(8, 11)<->(9, 11)",33.5,O0001 O0003
5,210.8,AMR1,AMR3,경로충돌,"(16, 19)",22.9,O0004
6,211.4,AMR1,AMR3,정면충돌,"(16, 19)<->(17, 19)",20.4,O0004
7,291.7,AMR1,AMR2,경로충돌,"(18, 18)",31.4,O0006
8,292.6,AMR1,AMR2,정면충돌,"(18, 17)<->(18, 18)",24.7,O0006
9,302.7,AMR2,AMR3,경로충돌,"(18, 11)",32.4,O0006
10,359.5,AMR1,AMR2,경로충돌,"(18, 14)",49.7,O0007
11,360.2,AMR1,AMR2,정면충돌,"(18, 13)<->(18, 14)",21.4,O0007
12,373.3,AMR2,AMR3,경로충돌,"(16, 19)",45.0,O0008
13,374.2,AMR2,AMR3,정면충돌,"(16, 19)<->(17, 19)",25.4,O0008
14,526.3,AMR1,AMR2,경로충돌,"(13, 19)",51.8,O0011
15,526.6,AMR1,AMR2,정면충돌,"(12, 19)<->(13, 19)",49.5,O0011
16,602.2,AMR2,AMR3,경로충돌,"(13, 19)",28.4,O0012
17,602.4,AMR2,AMR3,정면충돌,"(13, 19)<->(14, 19)",53.9,O0012
18,1080.7,AMR2,AMR3,경로충돌,"(17, 19)",48.7,O0022
19,1081.1,AMR2,AMR3,정면충돌,"(16, 19)<->(17, 19)",23.0,O0022
20,1288.4,AMR1,AMR2,경로충돌,"(18, 17)",36.3,O0026
21,1288.6,AMR1,AMR2,정면충돌,"(18, 17)<->(18, 18)",48.0,O0026
22,1299.3,AMR2,AMR3,경로충돌,"(13, 19)",56.9,O0027
23,1300.8,AMR2,AMR3,정면충돌,"(13, 19)<->(14, 19)",26.9,O0027
24,1335.4,AMR2,AMR3,경로충돌,"(5, 11)",30.1,O0027 O0028
25,1392.5,AMR2,AMR3,경로충돌,"(18, 17)",51.0,O0029
26,1392.8,AMR2,AMR3,정면충돌,"(18, 16)<->(18, 17)",58.5,O0029
27,1446.5,AMR1,AMR3,경로충돌,"(18, 11)",23.8,O0029
28,1501.5,AMR1,AMR2,경로충돌,"(7, 9)",23.6,O0030 O0031
29,1577.9,AMR1,AMR3,경로충돌,"(18, 10)",50.0,O0033
30,1578.6,AMR1,AMR3,정면충돌,"(18, 9)<->(18, 10)",32.7,O0033
31,1593.0,AMR2,AMR3,경로충돌,"(16, 19)",35.5,O0032
32,1593.9,AMR2,AMR3,정면충돌,"(16, 19)<->(17, 19)",55.1,O0032
33,1835.8,AMR2,AMR3,경로충돌,"(15, 19)",49.8,
34,1958.0,AMR1,AMR3,경로충돌,"(15, 19)",46.4,
35,1958.4,AMR1,AMR3,정면충돌,"(15, 19)<->(16, 19)",54.7,O0040
36,2027.1,AMR1,AMR3,경로충돌,"(18, 11)",49.3,O0041
37,2027.5,AMR1,AMR3,정면충돌,"(18, 11)<->(18, 12)",52.4,O0041
38,2103.7,AMR1,AMR3,경로충돌,"(17, 19)",45.7,O0043
39,2104.1,AMR1,AMR3,정면충돌,"(16, 19)<->(17, 19)",43.7,O0043
40,2139.2,AMR1,AMR3,경로충돌,"(25, 11)",22.4,O0043 O0044
41,2139.5,AMR1,AMR3,정면충돌,"(24, 11)<->(25, 11)",56.4,O0043 O0044
42,2317.9,AMR1,AMR3,경로충돌,"(18, 11)",56.5,
43,2329.4,AMR2,AMR3,정면충돌,"(16, 19)<->(17, 19)",34.1,O0047
44,2337.9,AMR1,AMR3,경로충돌,"(16, 19)",45.1,O0048
45,2338.1,AMR1,AMR3,정면충돌,"(16, 19)<->(17, 19)",20.7,O0048
46,2455.9,AMR1,AMR3,경로충돌,"(18, 9)",40.0,
47,2459.5,AMR2,AMR3,경로충돌,"(17, 10)",44.9,O0051
48,2460.3,AMR2,AMR3,정면충돌,"(17, 10)<->(17, 11)",31.8,O0051
49,2473.7,AMR1,AMR3,경로충돌,"(16, 19)",36.6,O0050
50,2474.6,AMR1,AMR3,정면충돌,"(16, 19)<->(17, 19)",53.4,O0050
51,2486.7,AMR2,AMR3,경로충돌,"(17, 17)",25.7,O0051
52,2487.0,AMR2,AMR3,정면충돌,"(17, 17)<->(17, 18)",38.2,O0051
53,2561.4,AMR1,AMR2,경로충돌,"(13, 19)",23.5,O0052
54,2562.0,AMR1,AMR2,정면충돌,"(12, 19)<->(13, 19)",35.4,O0052
55,2643.5,AMR1,AMR2,경로충돌,"(18, 11)",55.3,O0053
56,2713.6,AMR1,AMR3,경로충돌,"(15, 19)",44.5,
57,2714.2,AMR1,AMR3,정면충돌,"(14, 19)<->(15, 19)",21.2,O0055
58,2787.9,AMR1,AMR3,경로충돌,"(18, 10)",54.3,O0057
59,2788.1,AMR1,AMR3,정면충돌,"(18, 10)<->(18, 11)",46.3,O0057
60,2872.2,AMR2,AMR3,경로충돌,"(16, 19)",40.8,O0059
61,2872.9,AMR2,AMR3,정면충돌,"(16, 19)<->(17, 19)",31.5,O0059
62,3019.9,AMR1,AMR2,경로충돌,"(15, 19)",32.0,
63,3160.3,AMR2,AMR3,정면충돌,"(17, 19)<->(18, 19)",27.3,O0064
64,3272.9,AMR1,AMR2,경로충돌,"(5, 11)",44.9,O0066 O0067
65,3273.6,AMR1,AMR2,정면충돌,"(4, 11)<->(5, 11)",22.0,O0066 O0067
66,3310.8,AMR2,AMR3,정면충돌,"(13, 19)<->(14, 19)",57.8,O0067
67,3326.4,AMR1,AMR2,경로충돌,"(18, 15)",24.1,O0068
68,3326.8,AMR1,AMR2,정면충돌,"(18, 15)<->(18, 16)",45.0,O0068
69,3392.0,AMR1,AMR2,경로충돌,"(18, 13)",43.0,O0069
70,3392.6,AMR1,AMR2,정면충돌,"(18, 12)<->(18, 13)",34.5,O0069
71,3465.4,AMR1,AMR2,경로충돌,"(17, 19)",31.1,O0070
72,3466.0,AMR1,AMR2,정면충돌,"(16, 19)<->(17, 19)",37.6,O0070
73,3616.8,AMR1,AMR2,경로충돌,"(11, 11)",33.2,O0073
74,3829.5,AMR1,AMR2,경로충돌,"(17, 19)",58.9,O0078
75,3829.8,AMR1,AMR2,정면충돌,"(16, 19)<->(17, 19)",45.8,O0078
76,3843.3,AMR1,AMR3,경로충돌,"(18, 11)",40.7,O0078
77,3899.2,AMR1,AMR2,경로충돌,"(18, 17)",46.5,O0079
78,3899.5,AMR1,AMR2,정면충돌,"(18, 16)<->(18, 17)",39.8,O0079
79,3903.2,AMR1,AMR3,경로충돌,"(17, 16)",25.9,
80,3908.9,AMR1,AMR3,경로충돌,"(16, 19)",20.9,O0080
81,3910.2,AMR1,AMR3,정면충돌,"(16, 19)<->(17, 19)",58.8,O0080
82,3926.4,AMR1,AMR2,경로충돌,"(19, 9)",53.8,O0079 O0080
83,3926.6,AMR1,AMR2,정면충돌,"(18, 9)<->(19, 9)",23.8,O0079 O0080
84,3975.5,AMR2,AMR3,경로충돌,"(18, 12)",44.4,O0081
85,3975.9,AMR2,AMR3,정면충돌,"(18, 12)<->(18, 13)",51.4,O0081
86,4195.4,AMR2,AMR3,경로충돌,"(17, 19)",55.8,O0086
87,4195.9,AMR2,AMR3,정면충돌,"(16, 19)<->(17, 19)",22.6,O0086
88,4250.8,AMR1,AMR2,경로충돌,"(14, 19)",25.3,O0087
89,4251.0,AMR1,AMR2,정면충돌,"(14, 19)<->(15, 19)",35.7,O0087
90,4300.1,AMR2,AMR3,경로충돌,"(4, 11)",44.1,O0089
91,4300.6,AMR2,AMR3,정면충돌,"(4, 11)<->(5, 11)",23.3,O0089
92,4334.5,AMR1,AMR3,경로충돌,"(13, 19)",47.8,O0089
93,4335.1,AMR1,AMR3,정면충돌,"(13, 19)<->(14, 19)",50.2,O0089
94,4356.5,AMR1,AMR2,경로충돌,"(3, 11)",37.9,O0088 O0089
95,4357.9,AMR1,AMR2,정면충돌,"(3, 11)<->(4, 11)",54.0,O0088 O0089
96,4407.9,AMR2,AMR3,경로충돌,"(18, 11)",35.6,O0090
97,4408.6,AMR2,AMR3,정면충돌,"(18, 11)<->(18, 12)",53.3,O0090
98,4481.8,AMR2,AMR3,경로충돌,"(17, 19)",35.3,O0091
99,4482.2,AMR2,AMR3,정면충돌,"(16, 19)<->(17, 19)",36.1,O0091
100,4488.9,AMR1,AMR3,경로충돌,"(14, 19)",35.1,O0092
101,4489.6,AMR1,AMR3,정면충돌,"(14, 19)<->(15, 19)",48.4,O0092
102,4551.7,AMR1,AMR2,정면충돌,"(18, 11)<->(18, 12)",55.3,O0093
103,4631.6,AMR1,AMR2,경로충돌,"(17, 19)",22.9,O0094
104,4633.1,AMR1,AMR2,정면충돌,"(16, 19)<->(17, 19)",43.6,O0094
105,4686.4,AMR1,AMR2,경로충돌,"(15, 3)",53.4,O0094 O0095
106,4924.9,AMR1,AMR2,경로충돌,"(13, 19)",47.7,O0100
107,4925.4,AMR1,AMR2,정면충돌,"(12, 19)<->(13, 19)",29.4,O0100
108,4935.6,AMR2,AMR3,경로충돌,"(12, 14)",34.6,O0100
109,4936.1,AMR2,AMR3,정면충돌,"(12, 14)<->(12, 15)",55.4,O0100
110,5096.3,AMR1,AMR2,정면충돌,"(12, 19)<->(13, 19)",28.6,O0104
111,5214.7,AMR1,AMR2,경로충돌,"(18, 9)",58.2,O0107
112,5232.8,AMR1,AMR3,경로충돌,"(18, 17)",35.7,O0106
113,5233.5,AMR1,AMR3,정면충돌,"(18, 16)<->(18, 17)",40.8,O0106
114,5307.8,AMR1,AMR2,경로충돌,"(18, 18)",48.3,O0108
115,5308.4,AMR1,AMR2,정면충돌,"(18, 17)<->(18, 18)",47.2,O0108
116,5319.6,AMR2,AMR3,경로충돌,"(18, 10)",43.6,O0108
117,5320.8,AMR2,AMR3,정면충돌,"(18, 9)<->(18, 10)",54.7,O0108
118,5356.3,AMR1,AMR3,경로충돌,"(11, 11)",45.6,O0110
119,5357.2,AMR1,AMR3,정면충돌,"(10, 11)<->(11, 11)",56.6,O0110
120,5386.0,AMR2,AMR3,경로충돌,"(13, 19)",46.1,O0110
121,5387.4,AMR2,AMR3,정면충돌,"(13, 19)<->(14, 19)",43.5,O0110
122,5454.7,AMR1,AMR3,경로충돌,"(17, 19)",22.3,O0111
123,5454.9,AMR1,AMR3,정면충돌,"(16, 19)<->(17, 19)",56.3,O0111
124,5829.6,AMR1,AMR2,경로충돌,"(14, 19)",29.2,O0119
125,5830.0,AMR1,AMR2,정면충돌,"(14, 19)<->(15, 19)",29.0,O0119
126,5897.1,AMR2,AMR3,경로충돌,"(18, 16)",22.0,O0120
127,5898.4,AMR2,AMR3,정면충돌,"(18, 15)<->(18, 16)",44.9,O0120
128,5906.9,AMR1,AMR2,경로충돌,"(18, 10)",34.8,O0120
129,5907.8,AMR1,AMR2,정면충돌,"(18, 10)<->(18, 11)",46.1,O0120
130,5971.1,AMR1,AMR3,정면충돌,"(15, 19)<->(16, 19)",52.5,O0121
131,5977.5,AMR2,AMR3,경로충돌,"(16, 19)",57.7,O0122
132,5979.1,AMR2,AMR3,정면충돌,"(15, 19)<->(16, 19)",52.1,O0122
133,6134.1,AMR1,AMR2,경로충돌,"(18, 11)",53.5,O0125
134,6135.1,AMR1,AMR2,정면충돌,"(18, 10)<->(18, 11)",35.2,O0125
135,6304.4,AMR1,AMR2,경로충돌,"(18, 12)",22.1,O0129
136,6304.6,AMR1,AMR2,정면충돌,"(18, 11)<->(18, 12)",50.8,O0129
137,6346.8,AMR1,AMR3,경로충돌,"(18, 16)",59.8,O0129
138,6347.3,AMR1,AMR3,정면충돌,"(18, 15)<->(18, 16)",38.5,O0129
139,6475.1,AMR2,AMR3,경로충돌,"(18, 14)",56.0,O0133
140,6475.4,AMR2,AMR3,정면충돌,"(18, 13)<->(18, 14)",42.6,O0133
141,6613.3,AMR1,AMR2,경로충돌,"(18, 10)",35.4,O0136
142,6614.2,AMR1,AMR2,정면충돌,"(18, 9)<->(18, 10)",53.3,O0136
143,6888.9,AMR1,AMR3,경로충돌,"(15, 19)",22.5,
144,6889.5,AMR1,AMR3,정면충돌,"(14, 19)<->(15, 19)",34.5,O0141
145,6963.1,AMR2,AMR3,경로충돌,"(19, 9)",47.8,O0142
146,6963.8,AMR2,AMR3,정면충돌,"(18, 9)<->(19, 9)",23.3,O0142
147,6967.8,AMR1,AMR2,경로충돌,"(18, 9)",42.2,
148,6970.2,AMR2,AMR3,경로충돌,"(20, 9)",35.5,O0142
149,7040.1,AMR2,AMR3,경로충돌,"(12, 19)",28.8,O0144
150,7040.3,AMR2,AMR3,정면충돌,"(12, 19)<->(13, 19)",36.3,O0144
151,7108.0,AMR1,AMR2,경로충돌,"(17, 19)",49.7,O0145
152,7108.3,AMR1,AMR2,정면충돌,"(16, 19)<->(17, 19)",46.8,O0145
153,7117.3,AMR1,AMR3,경로충돌,"(16, 19)",43.7,O0146
154,7117.9,AMR1,AMR3,정면충돌,"(16, 19)<->(17, 19)",51.0,O0146
155,7192.7,AMR2,AMR3,경로충돌,"(14, 19)",36.4,O0147
156,7193.3,AMR2,AMR3,정면충돌,"(14, 19)<->(15, 19)",43.2,O0147
157,7277.1,AMR1,AMR2,경로충돌,"(18, 11)",24.0,O0149
158,7278.1,AMR1,AMR2,정면충돌,"(18, 10)<->(18, 11)",46.4,O0149
159,7353.5,AMR1,AMR2,경로충돌,"(13, 19)",46.7,O0150
160,7355.0,AMR1,AMR2,정면충돌,"(13, 19)<->(14, 19)",45.1,O0150
161,7630.0,AMR1,AMR3,정면충돌,"(17, 9)<->(17, 10)",51.9,O0157
162,7633.9,AMR1,AMR2,경로충돌,"(18, 9)",59.4,
163,7648.8,AMR1,AMR2,경로충돌,"(17, 19)",48.9,O0156
164,7649.1,AMR1,AMR2,정면충돌,"(16, 19)<->(17, 19)",59.0,O0156
165,7655.7,AMR1,AMR3,경로충돌,"(17, 16)",46.2,O0156
166,7660.1,AMR2,AMR3,경로충돌,"(17, 17)",31.1,O0157
167,7660.7,AMR2,AMR3,정면충돌,"(17, 16)<->(17, 17)",54.6,O0157
168,7917.1,AMR1,AMR3,경로충돌,"(20, 11)",46.8,O0163
169,7918.0,AMR1,AMR3,정면충돌,"(19, 11)<->(20, 11)",45.1,O0163
170,7941.6,AMR2,AMR3,경로충돌,"(18, 16)",25.8,O0162
171,7942.5,AMR2,AMR3,정면충돌,"(18, 15)<->(18, 16)",42.6,O0162
172,7953.1,AMR1,AMR2,경로충돌,"(16, 19)",33.6,O0163
173,7954.3,AMR1,AMR2,정면충돌,"(16, 19)<->(17, 19)",43.1,O0163
174,7966.8,AMR2,AMR3,경로충돌,"(18, 11)",56.9,O0162 O0163
175,7967.9,AMR2,AMR3,정면충돌,"(18, 11)<->(19, 11)",35.3,O0162 O0163
176,7986.3,AMR1,AMR2,경로충돌,"(18, 11)",20.8,O0163 O0164
177,7986.5,AMR1,AMR2,정면충돌,"(18, 11)<->(19, 11)",24.9,O0163 O0164
178,8011.9,AMR1,AMR3,경로충돌,"(18, 11)",41.5,
179,8025.3,AMR1,AMR3,정면충돌,"(16, 19)<->(17, 19)",53.7,O0164
180,8035.3,AMR1,AMR2,경로충돌,"(18, 15)",22.0,O0164
181,8036.0,AMR1,AMR2,정면충돌,"(18, 14)<->(18, 15)",36.5,O0164
182,8099.3,AMR1,AMR2,경로충돌,"(18, 9)",33.6,
183,8113.8,AMR1,AMR2,경로충돌,"(17, 19)",37.7,O0166
184,8114.1,AMR1,AMR2,정면충돌,"(16, 19)<->(17, 19)",45.1,O0166
185,8154.7,AMR1,AMR3,경로충돌,"(18, 9)",40.1,O0166
186,8219.8,AMR1,AMR2,경로충돌,"(12, 17)",30.9,O0169
187,8313.4,AMR2,AMR3,경로충돌,"(18, 10)",54.8,O0170
188,8314.7,AMR2,AMR3,정면충돌,"(18, 9)<->(18, 10)",52.4,O0170
189,8372.1,AMR1,AMR2,경로충돌,"(18, 11)",55.9,O0171
190,8425.2,AMR1,AMR2,경로충돌,"(18, 9)",25.0,
191,8440.0,AMR1,AMR2,경로충돌,"(16, 19)",41.4,O0173
192,8440.6,AMR1,AMR2,정면충돌,"(16, 19)<->(17, 19)",29.4,O0173
193,8451.4,AMR2,AMR3,경로충돌,"(18, 14)",23.9,O0173
194,8451.7,AMR2,AMR3,정면충돌,"(18, 14)<->(18, 15)",57.1,O0173
195,8524.8,AMR2,AMR3,경로충돌,"(18, 16)",46.4,O0175
196,8526.0,AMR2,AMR3,정면충돌,"(18, 16)<->(18, 17)",38.3,O0175
197,8557.5,AMR2,AMR3,경로충돌,"(18, 9)",50.6,O0175 O0176
198,8654.2,AMR1,AMR3,경로충돌,"(17, 19)",53.9,O0178
199,8654.4,AMR1,AMR3,정면충돌,"(16, 19)<->(17, 19)",38.6,O0178
200,8716.3,AMR1,AMR2,경로충돌,"(16, 19)",24.3,O0179
201,8717.0,AMR1,AMR2,정면충돌,"(16, 19)<->(17, 19)",56.1,O0179
202,8727.1,AMR1,AMR3,경로충돌,"(18, 15)",40.3,O0179
203,8727.5,AMR1,AMR3,정면충돌,"(18, 15)<->(18, 16)",36.7,O0179
204,8813.9,AMR2,AMR3,경로충돌,"(24, 11)",27.8,O0180 O0181
205,8912.4,AMR1,AMR3,경로충돌,"(17, 12)",40.8,O0184
206,8913.7,AMR1,AMR3,정면충돌,"(17, 12)<->(17, 13)",54.7,O0184
207,9160.5,AMR2,AMR3,정면충돌,"(16, 19)<->(17, 19)",57.3,O0188
208,9339.8,AMR2,AMR3,정면충돌,"(18, 11)<->(18, 12)",25.6,O0192
209,9401.3,AMR1,AMR3,정면충돌,"(17, 17)<->(17, 18)",24.8,O0193
210,9405.9,AMR1,AMR2,경로충돌,"(18, 17)",59.7,O0193
211,9406.3,AMR1,AMR2,정면충돌,"(18, 17)<->(18, 18)",40.9,O0193
212,9436.6,AMR1,AMR3,경로충돌,"(16, 9)",45.4,O0193 O0194
213,9437.5,AMR1,AMR3,정면충돌,"(16, 9)<->(17, 9)",47.8,O0193 O0194
214,9477.6,AMR2,AMR3,경로충돌,"(12, 15)",36.5,O0194
215,9477.8,AMR2,AMR3,정면충돌,"(12, 15)<->(12, 16)",35.8,O0194
216,9487.9,AMR1,AMR2,경로충돌,"(13, 19)",54.8,O0195
217,9488.4,AMR1,AMR2,정면충돌,"(13, 19)<->(14, 19)",44.9,O0195
218,9552.7,AMR2,AMR3,경로충돌,"(17, 19)",20.9,O0196
219,9621.2,AMR2,AMR3,경로충돌,"(18, 14)",21.5,O0197
220,9621.9,AMR2,AMR3,정면충돌,"(18, 14)<->(18, 15)",53.5,O0197
221,9631.6,AMR1,AMR3,경로충돌,"(17, 9)",43.7,O0197
222,9632.5,AMR1,AMR3,정면충돌,"(17, 9)<->(17, 10)",49.8,O0197
223,9698.3,AMR1,AMR3,경로충돌,"(13, 19)",40.0,O0199
224,9699.6,AMR1,AMR3,정면충돌,"(13, 19)<->(14, 19)",48.4,O0199
225,9759.2,AMR1,AMR2,경로충돌,"(17, 17)",33.9,O0200
226,9759.8,AMR1,AMR2,정면충돌,"(17, 17)<->(17, 18)",34.6,O0200
227,9772.8,AMR1,AMR3,경로충돌,"(18, 9)",33.7,O0200
228,9778.8,AMR2,AMR3,경로충돌,"(18, 11)",31.7,O0201
229,9927.4,AMR1,AMR3,경로충돌,"(14, 19)",57.9,O0204
230,9927.8,AMR1,AMR3,정면충돌,"(14, 19)<->(15, 19)",55.0,O0204
231,10043.4,AMR1,AMR2,경로충돌,"(17, 11)",41.8,O0207
232,10044.0,AMR1,AMR2,정면충돌,"(17, 11)<->(17, 12)",21.7,O0207
233,10078.6,AMR1,AMR2,경로충돌,"(17, 12)",57.1,O0208
234,10079.0,AMR1,AMR2,정면충돌,"(17, 11)<->(17, 12)",52.4,O0208
235,10082.8,AMR2,AMR3,경로충돌,"(17, 11)",45.5,O0206 O0208
236,10087.7,AMR2,AMR3,경로충돌,"(16, 9)",58.6,O0206 O0208
237,10267.1,AMR1,AMR2,경로충돌,"(18, 11)",50.2,O0210
238,10458.0,AMR1,AMR2,정면충돌,"(18, 18)<->(18, 19)",44.3,O0215
239,10469.4,AMR1,AMR3,경로충돌,"(18, 12)",33.5,O0215
240,10470.1,AMR1,AMR3,정면충돌,"(18, 11)<->(18, 12)",44.9,O0215
241,10546.2,AMR1,AMR3,경로충돌,"(14, 19)",36.9,O0217
242,10546.7,AMR1,AMR3,정면충돌,"(14, 19)<->(15, 19)",27.0,O0217
243,10611.4,AMR2,AMR3,경로충돌,"(12, 16)",26.5,O0219
244,10612.4,AMR2,AMR3,정면충돌,"(12, 15)<->(12, 16)",24.3,O0219
245,10651.2,AMR1,AMR2,경로충돌,"(17, 18)",47.4,O0219
246,10651.7,AMR1,AMR2,정면충돌,"(17, 17)<->(17, 18)",35.0,O0219
247,10718.1,AMR2,AMR3,경로충돌,"(17, 19)",59.5,O0220
248,10718.5,AMR2,AMR3,정면충돌,"(16, 19)<->(17, 19)",56.7,O0220
249,10827.1,AMR2,AMR3,경로충돌,"(18, 11)",31.4,O0221 O0223
250,10874.5,AMR2,AMR3,정면충돌,"(18, 15)<->(18, 16)",24.1,O0223
251,10883.6,AMR1,AMR3,경로충돌,"(18, 11)",53.3,O0223
252,10884.1,AMR1,AMR3,정면충돌,"(18, 10)<->(18, 11)",54.0,O0223
253,10958.7,AMR1,AMR3,정면충돌,"(18, 17)<->(18, 18)",34.8,O0225
254,11085.2,AMR1,AMR3,경로충돌,"(16, 19)",50.5,O0228
255,11086.5,AMR1,AMR3,정면충돌,"(15, 19)<->(16, 19)",57.5,O0228
256,11367.5,AMR2,AMR3,경로충돌,"(16, 19)",37.9,O0233
257,11367.8,AMR2,AMR3,정면충돌,"(16, 19)<->(17, 19)",37.7,O0233
258,11372.2,AMR1,AMR2,경로충돌,"(17, 19)",44.7,O0233
259,11377.5,AMR1,AMR3,경로충돌,"(16, 19)",53.8,O0234
260,11577.7,AMR2,AMR3,경로충돌,"(15, 19)",48.1,
261,11578.2,AMR2,AMR3,정면충돌,"(14, 19)<->(15, 19)",59.5,O0238
262,11657.7,AMR1,AMR2,경로충돌,"(16, 19)",25.7,O0240
263,11658.5,AMR1,AMR2,정면충돌,"(16, 19)<->(17, 19)",23.8,O0240
264,11769.1,AMR1,AMR3,경로충돌,"(12, 12)",24.8,O0243
265,11770.5,AMR1,AMR3,정면충돌,"(12, 12)<->(12, 13)",57.6,O0243
266,11792.7,AMR1,AMR3,정면충돌,"(16, 11)<->(17, 11)",31.9,O0242
267,11831.2,AMR2,AMR3,경로충돌,"(12, 10)",22.9,O0243
268,11831.4,AMR2,AMR3,정면충돌,"(12, 10)<->(12, 11)",26.0,O0243
269,11883.1,AMR1,AMR3,경로충돌,"(18, 17)",20.9,O0245
270,11883.8,AMR1,AMR3,정면충돌,"(18, 16)<->(18, 17)",41.3,O0245
271,11922.2,AMR1,AMR2,경로충돌,"(17, 19)",45.4,O0245
272,11987.9,AMR1,AMR2,경로충돌,"(18, 14)",31.4,O0247
273,11988.4,AMR1,AMR2,정면충돌,"(18, 14)<->(18, 15)",20.8,O0247
274,12122.8,AMR1,AMR2,경로충돌,"(17, 19)",21.5,O0250
275,12123.3,AMR1,AMR2,정면충돌,"(16, 19)<->(17, 19)",47.5,O0250
276,12134.3,AMR2,AMR3,경로충돌,"(18, 13)",20.0,O0250
277,12134.6,AMR2,AMR3,정면충돌,"(18, 13)<->(18, 14)",29.5,O0250
278,12185.7,AMR1,AMR3,경로충돌,"(12, 9)",37.9,
279,12201.0,AMR1,AMR3,경로충돌,"(13, 19)",36.4,O0251
280,12202.1,AMR1,AMR3,정면충돌,"(13, 19)<->(14, 19)",57.3,O0251
281,12275.9,AMR2,AMR3,경로충돌,"(18, 14)",57.3,O0253
282,12276.5,AMR2,AMR3,정면충돌,"(18, 14)<->(18, 15)",40.1,O0253
283,12349.3,AMR2,AMR3,경로충돌,"(17, 19)",44.6,
284,12350.8,AMR1,AMR2,경로충돌,"(16, 19)",34.3,O0254
285,12351.3,AMR1,AMR2,정면충돌,"(16, 19)<->(17, 19)",45.7,O0254
286,12423.9,AMR2,AMR3,정면충돌,"(18, 14)<->(18, 15)",22.3,O0256
287,12433.5,AMR1,AMR2,경로충돌,"(18, 11)",27.5,O0256
288,12544.4,AMR1,AMR2,정면충돌,"(18, 9)<->(19, 9)",53.0,O0258 O0259
289,12580.1,AMR1,AMR3,경로충돌,"(16, 19)",38.3,O0259
290,12580.8,AMR1,AMR3,정면충돌,"(16, 19)<->(17, 19)",39.8,O0259
291,12591.6,AMR1,AMR2,경로충돌,"(18, 14)",53.3,O0259
292,12592.0,AMR1,AMR2,정면충돌,"(18, 14)<->(18, 15)",46.1,O0259
293,12940.9,AMR1,AMR3,경로충돌,"(16, 19)",26.8,O0266
294,12941.6,AMR1,AMR3,정면충돌,"(16, 19)<->(17, 19)",38.6,O0266
295,12943.2,AMR1,AMR2,경로충돌,"(17, 18)",54.2,
296,12975.8,AMR1,AMR3,경로충돌,"(17, 9)",34.0,O0266 O0267
297,13016.3,AMR2,AMR3,정면충돌,"(18, 14)<->(18, 15)",58.1,O0268
298,13091.3,AMR1,AMR2,경로충돌,"(17, 19)",27.8,
299,13094.8,AMR2,AMR3,경로충돌,"(13, 19)",35.8,O0269
300,13096.4,AMR2,AMR3,정면충돌,"(13, 19)<->(14, 19)",27.6,O0269
301,13187.4,AMR1,AMR2,경로충돌,"(18, 16)",31.3,O0272
302,13188.1,AMR1,AMR2,정면충돌,"(18, 15)<->(18, 16)",28.8,O0272
303,13225.3,AMR2,AMR3,경로충돌,"(18, 9)",46.1,O0273
304,13238.1,AMR1,AMR3,경로충돌,"(18, 19)",50.0,O0272
305,13238.7,AMR1,AMR3,정면충돌,"(18, 18)<->(18, 19)",55.1,O0272
306,13248.2,AMR2,AMR3,경로충돌,"(17, 19)",25.6,O0273
307,13380.3,AMR2,AMR3,정면충돌,"(18, 17)<->(18, 18)",59.8,O0275
308,13410.5,AMR2,AMR3,경로충돌,"(18, 9)",47.5,O0275 O0277
309,13451.6,AMR2,AMR3,경로충돌,"(18, 15)",30.8,O0277
310,13451.9,AMR2,AMR3,정면충돌,"(18, 15)<->(18, 16)",46.9,O0277
311,13525.8,AMR1,AMR3,경로충돌,"(12, 19)",44.5,
312,13529.0,AMR1,AMR2,정면충돌,"(14, 19)<->(15, 19)",34.1,O0278
313,13675.8,AMR2,AMR3,경로충돌,"(17, 19)",31.0,O0282
314,13676.2,AMR2,AMR3,정면충돌,"(16, 19)<->(17, 19)",23.4,O0282
315,13857.8,AMR1,AMR2,경로충돌,"(18, 10)",28.6,O0286
316,13858.7,AMR1,AMR2,정면충돌,"(18, 9)<->(18, 10)",54.3,O0286
317,13901.1,AMR1,AMR3,경로충돌,"(18, 14)",34.9,O0286
318,13901.3,AMR1,AMR3,정면충돌,"(18, 14)<->(18, 15)",46.1,O0286
319,13978.6,AMR1,AMR3,경로충돌,"(17, 19)",37.9,O0288
320,13978.9,AMR1,AMR3,정면충돌,"(16, 19)<->(17, 19)",29.4,O0288
321,14029.6,AMR1,AMR3,경로충돌,"(17, 9)",37.2,O0288
322,14029.9,AMR1,AMR3,정면충돌,"(17, 9)<->(17, 10)",29.0,O0288
323,14068.2,AMR1,AMR3,경로충돌,"(18, 10)",37.2,O0290
324,14068.9,AMR1,AMR3,정면충돌,"(18, 9)<->(18, 10)",27.7,O0290
325,14107.6,AMR2,AMR3,경로충돌,"(17, 19)",25.2,O0290
326,14107.8,AMR2,AMR3,정면충돌,"(16, 19)<->(17, 19)",51.8,O0290
327,14242.6,AMR2,AMR3,경로충돌,"(16, 19)",32.5,O0293
328,14243.2,AMR2,AMR3,정면충돌,"(16, 19)<->(17, 19)",47.4,O0293
329,14250.2,AMR1,AMR3,경로충돌,"(18, 18)",57.1,O0293
330,14251.3,AMR1,AMR3,정면충돌,"(18, 17)<->(18, 18)",56.6,O0293
331,14259.9,AMR1,AMR2,정면충돌,"(15, 18)<->(15, 19)",53.4,O0294
332,14328.5,AMR1,AMR3,경로충돌,"(18, 19)",39.9,O0295
333,14460.2,AMR1,AMR3,경로충돌,"(12, 10)",40.6,O0297
334,14461.1,AMR1,AMR3,정면충돌,"(12, 9)<->(12, 10)",20.7,O0297
335,14474.8,AMR1,AMR2,경로충돌,"(12, 19)",47.0,O0298
336,14475.8,AMR1,AMR2,정면충돌,"(12, 19)<->(13, 19)",40.2,O0298
337,14509.9,AMR1,AMR2,경로충돌,"(12, 9)",33.7,O0298 O0299
338,14537.9,AMR1,AMR3,경로충돌,"(17, 17)",54.1,O0299
339,14538.2,AMR1,AMR3,정면충돌,"(17, 17)<->(17, 18)",50.1,O0299
340,14547.7,AMR2,AMR3,경로충돌,"(18, 12)",51.5,O0299
341,14548.3,AMR2,AMR3,정면충돌,"(18, 12)<->(18, 13)",33.6,O0299
342,14618.4,AMR2,AMR3,경로충돌,"(18, 18)",40.4,O0301
343,14618.7,AMR2,AMR3,정면충돌,"(18, 17)<->(18, 18)",51.1,O0301
344,14647.4,AMR2,AMR3,경로충돌,"(17, 11)",56.3,O0301 O0302
345,14736.6,AMR2,AMR3,경로충돌,"(17, 11)",39.5,
346,14744.0,AMR1,AMR3,경로충돌,"(16, 19)",48.7,O0303
347,14744.3,AMR1,AMR3,정면충돌,"(16, 19)<->(17, 19)",42.6,O0303
348,14746.6,AMR2,AMR3,경로충돌,"(17, 18)",29.1,
349,14771.4,AMR1,AMR3,정면충돌,"(18, 11)<->(19, 11)",54.9,O0303 O0304
350,15072.9,AMR1,AMR3,경로충돌,"(19, 9)",41.6,O0310 O0311
351,15073.3,AMR1,AMR3,정면충돌,"(19, 9)<->(20, 9)",26.9,O0310 O0311
352,15103.0,AMR2,AMR3,경로충돌,"(17, 19)",43.2,O0311
353,15294.1,AMR1,AMR2,경로충돌,"(19, 11)",54.3,O0316
354,15305.0,AMR2,AMR3,경로충돌,"(18, 11)",26.4,
355,15315.3,AMR1,AMR3,정면충돌,"(16, 19)<->(17, 19)",26.6,O0315
356,15396.5,AMR2,AMR3,경로충돌,"(18, 19)",45.4,O0317
357,15595.9,AMR2,AMR3,경로충돌,"(18, 11)",25.5,
358,15608.1,AMR2,AMR3,경로충돌,"(17, 19)",50.5,O0321
359,15608.4,AMR2,AMR3,정면충돌,"(16, 19)<->(17, 19)",44.4,O0321
360,15620.7,AMR1,AMR3,경로충돌,"(12, 16)",39.0,O0322
361,15622.0,AMR1,AMR3,정면충돌,"(12, 16)<->(12, 17)",38.1,O0322
362,15756.9,AMR1,AMR3,경로충돌,"(17, 12)",59.0,O0324
363,15757.7,AMR1,AMR3,정면충돌,"(17, 12)<->(17, 13)",32.2,O0324
364,15764.2,AMR1,AMR2,경로충돌,"(18, 11)",42.7,O0324
365,15773.6,AMR2,AMR3,경로충돌,"(18, 18)",37.3,O0325
366,15774.0,AMR2,AMR3,정면충돌,"(18, 18)<->(18, 19)",58.3,O0325
367,15835.2,AMR1,AMR2,경로충돌,"(12, 19)",35.3,O0326
368,15867.7,AMR1,AMR2,경로충돌,"(12, 9)",20.2,O0326 O0327
369,16048.4,AMR1,AMR3,경로충돌,"(17, 12)",37.8,O0330
370,16048.6,AMR1,AMR3,정면충돌,"(17, 11)<->(17, 12)",41.8,O0330
371,16057.6,AMR2,AMR3,경로충돌,"(18, 16)",49.9,O0331
372,16058.2,AMR2,AMR3,정면충돌,"(18, 16)<->(18, 17)",45.5,O0331
373,16121.2,AMR1,AMR3,경로충돌,"(17, 19)",55.5,O0332
374,16126.7,AMR1,AMR2,경로충돌,"(18, 14)",29.7,O0332
375,16127.3,AMR1,AMR2,정면충돌,"(18, 13)<->(18, 14)",45.3,O0332
376,16192.8,AMR1,AMR3,정면충돌,"(18, 14)<->(18, 15)",53.3,O0333
377,16407.0,AMR1,AMR3,경로충돌,"(17, 17)",55.5,O0338
378,16407.5,AMR1,AMR3,정면충돌,"(17, 16)<->(17, 17)",52.2,O0338
379,16485.6,AMR1,AMR2,경로충돌,"(17, 19)",46.4,O0340
380,16485.8,AMR1,AMR2,정면충돌,"(16, 19)<->(17, 19)",36.8,O0340
381,16515.5,AMR2,AMR3,경로충돌,"(17, 9)",56.9,O0339 O0340
382,16612.9,AMR1,AMR3,경로충돌,"(17, 19)",49.7,O0342
383,16614.5,AMR1,AMR3,정면충돌,"(16, 19)<->(17, 19)",37.3,O0342
384,16621.8,AMR1,AMR2,경로충돌,"(17, 19)",57.6,O0343
385,16622.4,AMR1,AMR2,정면충돌,"(16, 19)<->(17, 19)",55.3,O0343
386,16828.4,AMR2,AMR3,경로충돌,"(14, 19)",58.8,O0347
387,16829.0,AMR2,AMR3,정면충돌,"(14, 19)<->(15, 19)",58.0,O0347
388,17021.4,AMR1,AMR3,경로충돌,"(17, 15)",57.9,O0351
389,17021.7,AMR1,AMR3,정면충돌,"(17, 15)<->(17, 16)",36.6,O0351
390,17026.5,AMR2,AMR3,경로충돌,"(18, 15)",36.1,O0351
391,17027.8,AMR2,AMR3,정면충돌,"(18, 14)<->(18, 15)",59.0,O0351
392,17040.7,AMR1,AMR2,경로충돌,"(12, 13)",21.1,O0352
393,17040.9,AMR1,AMR2,정면충돌,"(12, 12)<->(12, 13)",57.9,O0352
394,17246.9,AMR1,AMR2,경로충돌,"(12, 18)",53.0,O0356
395,17247.8,AMR1,AMR2,정면충돌,"(12, 17)<->(12, 18)",27.6,O0356
396,17254.7,AMR1,AMR3,경로충돌,"(15, 19)",45.2,
397,17265.7,AMR1,AMR3,정면충돌,"(15, 18)<->(15, 19)",35.2,O0357
398,17269.4,AMR1,AMR3,경로충돌,"(15, 18)",49.8,O0357
399,17301.4,AMR1,AMR3,경로충돌,"(17, 9)",56.7,O0358
400,17302.3,AMR1,AMR3,정면충돌,"(17, 9)<->(17, 10)",50.1,O0358
401,17330.3,AMR1,AMR2,경로충돌,"(17, 17)",53.6,O0358
402,17330.9,AMR1,AMR2,정면충돌,"(17, 16)<->(17, 17)",31.4,O0358
403,17391.1,AMR1,AMR3,정면충돌,"(16, 19)<->(17, 19)",40.0,O0359
404,17400.8,AMR1,AMR2,경로충돌,"(18, 15)",38.8,O0359
405,17401.8,AMR1,AMR2,정면충돌,"(18, 14)<->(18, 15)",57.5,O0359
406,17510.0,AMR1,AMR3,경로충돌,"(18, 9)",28.6,O0361
407,17547.1,AMR2,AMR3,경로충돌,"(12, 16)",48.8,O0363
408,17547.5,AMR2,AMR3,정면충돌,"(12, 15)<->(12, 16)",47.3,O0363
409,17558.0,AMR1,AMR2,경로충돌,"(14, 19)",34.0,O0362
410,17558.3,AMR1,AMR2,정면충돌,"(13, 19)<->(14, 19)",57.4,O0362
411,17741.8,AMR2,AMR3,경로충돌,"(17, 9)",56.0,O0366 O0367
412,17837.2,AMR1,AMR2,경로충돌,"(18, 11)",30.3,O0368
413,17838.0,AMR1,AMR2,정면충돌,"(18, 10)<->(18, 11)",33.0,O0368
414,17846.5,AMR2,AMR3,경로충돌,"(17, 16)",45.6,O0369
415,17847.7,AMR2,AMR3,정면충돌,"(17, 16)<->(17, 17)",25.2,O0369
416,17907.1,AMR1,AMR2,경로충돌,"(16, 19)",31.4,O0370
417,17907.8,AMR1,AMR2,정면충돌,"(16, 19)<->(17, 19)",24.6,O0370
418,17916.9,AMR2,AMR3,경로충돌,"(18, 16)",48.3,O0370
419,17917.8,AMR2,AMR3,정면충돌,"(18, 15)<->(18, 16)",39.6,O0370
420,18021.9,AMR2,AMR3,정면충돌,"(10, 9)<->(11, 9)",24.0,O0372 O0373
421,18170.6,AMR2,AMR3,경로충돌,"(20, 11)",53.5,O0375 O0376
422,18170.9,AMR2,AMR3,정면충돌,"(19, 11)<->(20, 11)",41.7,O0375 O0376
423,18370.0,AMR1,AMR2,정면충돌,"(12, 16)<->(12, 17)",46.3,O0381
424,18408.1,AMR1,AMR3,경로충돌,"(17, 19)",29.6,O0381
425,18468.6,AMR1,AMR2,경로충돌,"(18, 9)",47.2,O0382
426,18535.4,AMR1,AMR2,경로충돌,"(16, 19)",33.5,O0384
427,18535.9,AMR1,AMR2,정면충돌,"(16, 19)<->(17, 19)",59.2,O0384
428,18571.3,AMR1,AMR2,경로충돌,"(18, 9)",22.7,O0384 O0385
429,18571.8,AMR1,AMR2,정면충돌,"(18, 9)<->(19, 9)",21.9,O0384 O0385
430,18611.1,AMR1,AMR3,정면충돌,"(18, 18)<->(18, 19)",35.6,O0385
431,18621.1,AMR1,AMR2,정면충돌,"(18, 14)<->(18, 15)",25.4,O0385
432,18656.9,AMR2,AMR3,경로충돌,"(17, 12)",25.4,O0387
433,18658.3,AMR2,AMR3,정면충돌,"(17, 12)<->(17, 13)",50.3,O0387
434,18750.5,AMR1,AMR3,경로충돌,"(18, 18)",41.9,O0388
435,18750.9,AMR1,AMR3,정면충돌,"(18, 18)<->(18, 19)",47.8,O0388
436,18893.4,AMR2,AMR3,정면충돌,"(17, 18)<->(17, 19)",27.0,O0391
437,18904.9,AMR1,AMR3,정면충돌,"(18, 10)<->(18, 11)",45.6,O0391
438,18945.2,AMR1,AMR2,경로충돌,"(17, 9)",50.8,O0393
439,18965.4,AMR2,AMR3,경로충돌,"(18, 18)",23.4,O0392
440,18966.4,AMR2,AMR3,정면충돌,"(18, 17)<->(18, 18)",27.0,O0392
441,19029.4,AMR1,AMR2,경로충돌,"(18, 9)",38.4,
442,19044.1,AMR1,AMR2,경로충돌,"(17, 19)",33.1,O0394
443,19044.5,AMR1,AMR2,정면충돌,"(16, 19)<->(17, 19)",53.8,O0394
444,19127.9,AMR2,AMR3,정면충돌,"(18, 17)<->(18, 18)",42.4,O0396
445,19249.5,AMR1,AMR2,정면충돌,"(18, 13)<->(18, 14)",38.8,O0398
446,19325.2,AMR2,AMR3,경로충돌,"(18, 19)",35.6,O0400
447,19325.7,AMR2,AMR3,정면충돌,"(17, 19)<->(18, 19)",26.7,O0400
448,19370.9,AMR1,AMR2,경로충돌,"(12, 11)",27.5,O0402
449,19371.6,AMR1,AMR2,정면충돌,"(12, 11)<->(12, 12)",30.9,O0402
450,19407.7,AMR1,AMR3,정면충돌,"(13, 19)<->(14, 19)",20.5,O0402
451,19420.8,AMR2,AMR3,경로충돌,"(12, 11)",26.6,O0401 O0402
452,19474.8,AMR1,AMR2,경로충돌,"(17, 19)",43.5,O0403
453,19475.2,AMR1,AMR2,정면충돌,"(16, 19)<->(17, 19)",40.2,O0403
454,19515.6,AMR1,AMR2,경로충돌,"(26, 9)",39.9,O0403 O0404
455,19516.9,AMR1,AMR2,정면충돌,"(25, 9)<->(26, 9)",41.8,O0403 O0404
456,19563.6,AMR2,AMR3,경로충돌,"(18, 9)",43.0,
457,19578.1,AMR2,AMR3,경로충돌,"(17, 19)",60.0,O0405
458,19578.4,AMR2,AMR3,정면충돌,"(16, 19)<->(17, 19)",40.9,O0405
459,19653.9,AMR1,AMR3,경로충돌,"(15, 19)",50.8,
460,19772.3,AMR1,AMR3,경로충돌,"(18, 10)",32.1,O0409
461,19772.6,AMR1,AMR3,정면충돌,"(18, 10)<->(18, 11)",52.2,O0409
462,19813.2,AMR2,AMR3,경로충돌,"(18, 17)",41.4,O0409
463,19813.7,AMR2,AMR3,정면충돌,"(18, 16)<->(18, 17)",54.4,O0409
464,19886.3,AMR2,AMR3,경로충돌,"(18, 19)",58.3,O0411
465,20084.2,AMR1,AMR2,경로충돌,"(24, 9)",27.9,O0416
466,20085.3,AMR1,AMR2,정면충돌,"(24, 9)<->(25, 9)",55.7,O0416
467,20136.5,AMR1,AMR3,경로충돌,"(24, 9)",45.4,O0415 O0416
468,20528.3,AMR1,AMR3,경로충돌,"(5, 9)",55.8,O0423 O0424
469,20564.9,AMR1,AMR2,경로충돌,"(14, 19)",21.9,O0424
470,20565.5,AMR1,AMR2,정면충돌,"(13, 19)<->(14, 19)",53.6,O0424
471,20578.6,AMR1,AMR3,경로충돌,"(18, 17)",49.8,O0425
472,20579.0,AMR1,AMR3,정면충돌,"(18, 17)<->(18, 18)",54.2,O0425
473,20653.2,AMR1,AMR3,경로충돌,"(17, 19)",31.3,O0426
474,20654.7,AMR1,AMR3,정면충돌,"(16, 19)<->(17, 19)",33.0,O0426
475,20707.7,AMR1,AMR2,정면충돌,"(26, 9)<->(27, 9)",46.0,O0428
476,20747.6,AMR2,AMR3,경로충돌,"(17, 19)",34.1,O0428
477,20749.0,AMR2,AMR3,정면충돌,"(16, 19)<->(17, 19)",41.9,O0428
478,20768.5,AMR1,AMR2,경로충돌,"(24, 9)",53.4,O0427 O0428
479,20769.3,AMR1,AMR2,정면충돌,"(23, 9)<->(24, 9)",35.1,O0427 O0428
480,20869.4,AMR1,AMR3,경로충돌,"(12, 10)",59.8,O0429
481,20870.1,AMR1,AMR3,정면충돌,"(12, 9)<->(12, 10)",55.6,O0429
482,21196.1,AMR1,AMR2,경로충돌,"(18, 15)",49.4,O0436
483,21196.4,AMR1,AMR2,정면충돌,"(18, 14)<->(18, 15)",54.2,O0436
484,21339.4,AMR2,AMR3,경로충돌,"(16, 19)",20.7,O0440
485,21340.0,AMR2,AMR3,정면충돌,"(16, 19)<->(17, 19)",44.9,O0440
486,21487.2,AMR1,AMR3,정면충돌,"(16, 19)<->(17, 19)",56.2,O0443
487,21570.5,AMR1,AMR2,경로충돌,"(18, 11)",33.6,
488,21582.3,AMR1,AMR2,경로충돌,"(17, 19)",44.2,O0445
489,21582.6,AMR1,AMR2,정면충돌,"(16, 19)<->(17, 19)",23.9,O0445
490,21710.9,AMR1,AMR3,경로충돌,"(16, 19)",50.4,O0447
491,21711.2,AMR1,AMR3,정면충돌,"(16, 19)<->(17, 19)",28.8,O0447
492,21715.6,AMR1,AMR2,경로충돌,"(17, 19)",59.3,O0447
493,21874.2,AMR1,AMR2,경로충돌,"(14, 19)",44.4,O0451
494,21874.4,AMR1,AMR2,정면충돌,"(13, 19)<->(14, 19)",22.0,O0451
495,21936.5,AMR1,AMR3,경로충돌,"(18, 9)",41.3,
496,21951.8,AMR1,AMR3,경로충돌,"(16, 19)",25.0,O0452
497,21952.5,AMR1,AMR3,정면충돌,"(16, 19)<->(17, 19)",33.0,O0452
498,22035.1,AMR1,AMR2,경로충돌,"(18, 14)",46.8,O0454
499,22035.6,AMR1,AMR2,정면충돌,"(18, 14)<->(18, 15)",23.3,O0454
500,22109.4,AMR1,AMR2,경로충돌,"(18, 16)",53.2,O0455
501,22109.7,AMR1,AMR2,정면충돌,"(18, 15)<->(18, 16)",47.5,O0455
502,22117.9,AMR1,AMR3,경로충돌,"(18, 11)",47.0,O0455
503,22118.9,AMR1,AMR3,정면충돌,"(18, 11)<->(18, 12)",32.9,O0455
504,22193.9,AMR1,AMR3,경로충돌,"(17, 19)",24.4,O0457
505,22195.2,AMR1,AMR3,정면충돌,"(16, 19)<->(17, 19)",41.3,O0457
506,22316.4,AMR1,AMR2,정면충돌,"(14, 19)<->(15, 19)",46.8,O0459
507,22900.7,AMR2,AMR3,경로충돌,"(15, 19)",57.8,
508,22901.2,AMR2,AMR3,정면충돌,"(14, 19)<->(15, 19)",46.4,O0471
509,23054.4,AMR1,AMR2,경로충돌,"(17, 19)",49.9,O0474
510,23054.9,AMR1,AMR2,정면충돌,"(17, 19)<->(18, 19)",38.5,O0474
511,23117.8,AMR1,AMR2,경로충돌,"(18, 9)",29.2,
512,23132.6,AMR1,AMR2,경로충돌,"(16, 19)",41.5,O0476
513,23133.3,AMR1,AMR2,정면충돌,"(16, 19)<->(17, 19)",57.3,O0476
514,23348.6,AMR1,AMR2,경로충돌,"(18, 16)",42.1,O0480
515,23349.1,AMR1,AMR2,정면충돌,"(18, 15)<->(18, 16)",22.2,O0480
516,23424.6,AMR1,AMR2,경로충돌,"(13, 19)",45.4,O0482
517,23425.0,AMR1,AMR2,정면충돌,"(12, 19)<->(13, 19)",54.2,O0482
518,23462.3,AMR1,AMR2,경로충돌,"(5, 9)",39.5,O0482 O0483
519,23463.2,AMR1,AMR2,정면충돌,"(4, 9)<->(5, 9)",47.4,O0482 O0483
520,23657.7,AMR2,AMR3,경로충돌,"(18, 10)",26.5,O0486
521,23658.6,AMR2,AMR3,정면충돌,"(18, 10)<->(18, 11)",47.0,O0486
522,23728.2,AMR2,AMR3,경로충돌,"(15, 19)",41.4,
523,23768.6,AMR1,AMR3,경로충돌,"(17, 11)",51.9,O0490
524,23770.2,AMR1,AMR3,정면충돌,"(17, 11)<->(17, 12)",39.8,O0490
525,23935.7,AMR1,AMR2,경로충돌,"(15, 19)",37.8,
526,23942.5,AMR1,AMR3,경로충돌,"(18, 19)",37.7,O0493
527,23943.0,AMR1,AMR3,정면충돌,"(18, 18)<->(18, 19)",55.5,O0493
528,24011.9,AMR1,AMR3,경로충돌,"(18, 13)",59.7,O0494
529,24012.3,AMR1,AMR3,정면충돌,"(18, 12)<->(18, 13)",41.0,O0494
530,24085.1,AMR1,AMR3,경로충돌,"(12, 19)",29.8,O0495
531,24246.8,AMR1,AMR3,정면충돌,"(12, 10)<->(12, 11)",49.4,O0498
532,24335.7,AMR1,AMR3,경로충돌,"(11, 11)",30.2,O0500 O0501
533,24377.0,AMR1,AMR2,경로충돌,"(14, 19)",55.6,O0501
534,24377.2,AMR1,AMR2,정면충돌,"(13, 19)<->(14, 19)",24.1,O0501
535,24384.1,AMR1,AMR3,경로충돌,"(15, 19)",35.9,
536,24523.4,AMR1,AMR3,경로충돌,"(17, 19)",56.6,O0504
537,24523.6,AMR1,AMR3,정면충돌,"(16, 19)<->(17, 19)",21.4,O0504
538,24529.8,AMR1,AMR2,경로충돌,"(15, 19)",53.3,
539,24530.6,AMR1,AMR2,정면충돌,"(14, 19)<->(15, 19)",44.1,O0505
540,25077.9,AMR1,AMR2,경로충돌,"(18, 19)",48.4,O0515
541,25078.4,AMR1,AMR2,정면충돌,"(17, 19)<->(18, 19)",22.5,O0515
542,25143.9,AMR2,AMR3,경로충돌,"(12, 16)",49.5,O0516
543,25145.0,AMR2,AMR3,정면충돌,"(12, 15)<->(12, 16)",57.8,O0516
544,25307.8,AMR1,AMR2,정면충돌,"(12, 19)<->(13, 19)",20.8,O0520
545,25610.5,AMR1,AMR2,경로충돌,"(16, 19)",29.3,O0526
546,25611.4,AMR1,AMR2,정면충돌,"(16, 19)<->(17, 19)",53.1,O0526
547,25686.5,AMR1,AMR2,경로충돌,"(15, 19)",51.8,
548,25824.3,AMR2,AMR3,경로충돌,"(16, 19)",43.5,O0530
549,25824.6,AMR2,AMR3,정면충돌,"(16, 19)<->(17, 19)",57.5,O0530
550,25901.9,AMR1,AMR3,경로충돌,"(18, 18)",42.9,O0532
551,25903.3,AMR1,AMR3,정면충돌,"(18, 17)<->(18, 18)",29.1,O0532
552,25953.0,AMR2,AMR3,경로충돌,"(18, 9)",51.9,
553,25967.3,AMR2,AMR3,경로충돌,"(16, 19)",31.7,O0533
554,25967.9,AMR2,AMR3,정면충돌,"(16, 19)<->(17, 19)",28.9,O0533
555,25976.1,AMR1,AMR3,정면충돌,"(18, 17)<->(18, 18)",31.0,O0533
556,26005.7,AMR2,AMR3,정면충돌,"(20, 9)<->(21, 9)",26.4,O0533 O0534
557,26041.1,AMR1,AMR2,경로충돌,"(15, 19)",28.0,
558,26041.6,AMR1,AMR2,정면충돌,"(15, 19)<->(16, 19)",51.5,O0534
559,26055.2,AMR1,AMR3,경로충돌,"(18, 12)",37.9,O0534
560,26055.8,AMR1,AMR3,정면충돌,"(18, 11)<->(18, 12)",20.0,O0534
561,26310.3,AMR2,AMR3,경로충돌,"(16, 11)",57.9,O0541
562,26311.1,AMR2,AMR3,정면충돌,"(15, 11)<->(16, 11)",26.2,O0541
563,26342.2,AMR1,AMR3,경로충돌,"(16, 19)",30.5,O0541
564,26342.8,AMR1,AMR3,정면충돌,"(16, 19)<->(17, 19)",40.2,O0541
565,26416.2,AMR1,AMR3,경로충돌,"(15, 19)",34.2,
566,26476.6,AMR1,AMR3,경로충돌,"(17, 11)",57.0,
567,26487.7,AMR2,AMR3,경로충돌,"(17, 19)",52.7,
568,26489.3,AMR1,AMR2,정면충돌,"(16, 19)<->(17, 19)",55.2,O0543
569,26567.6,AMR2,AMR3,경로충돌,"(18, 11)",39.2,O0545
570,26568.3,AMR2,AMR3,정면충돌,"(18, 10)<->(18, 11)",22.7,O0545
571,26631.9,AMR2,AMR3,경로충돌,"(18, 11)",30.2,
572,26644.9,AMR2,AMR3,경로충돌,"(17, 19)",26.0,O0546
573,26645.1,AMR2,AMR3,정면충돌,"(16, 19)<->(17, 19)",21.8,O0546
574,26653.0,AMR1,AMR2,경로충돌,"(16, 19)",36.8,O0547
575,26653.8,AMR1,AMR2,정면충돌,"(16, 19)<->(17, 19)",30.4,O0547
576,26687.6,AMR2,AMR3,경로충돌,"(17, 9)",28.7,O0546 O0547
577,26795.5,AMR1,AMR3,경로충돌,"(18, 9)",21.6,O0549
578,26814.3,AMR1,AMR2,경로충돌,"(17, 19)",28.7,O0550
579,26850.8,AMR1,AMR2,경로충돌,"(24, 9)",59.1,O0550 O0551
580,26851.2,AMR1,AMR2,정면충돌,"(24, 9)<->(25, 9)",33.4,O0550 O0551
581,27221.6,AMR1,AMR3,경로충돌,"(18, 11)",48.2,O0557
582,27223.5,AMR1,AMR3,정면충돌,"(18, 10)<->(18, 11)",36.1,O0557
583,27365.5,AMR1,AMR2,경로충돌,"(13, 19)",33.2,O0560
584,27366.2,AMR1,AMR2,정면충돌,"(12, 19)<->(13, 19)",36.4,O0560
585,27444.6,AMR2,AMR3,경로충돌,"(17, 19)",38.6,O0562
586,27445.8,AMR2,AMR3,정면충돌,"(16, 19)<->(17, 19)",36.6,O0562
587,27453.1,AMR1,AMR2,경로충돌,"(18, 16)",57.1,O0562
588,27552.2,AMR1,AMR3,경로충돌,"(5, 9)",23.6,O0563 O0564
589,27571.4,AMR1,AMR2,정면충돌,"(2, 9)<->(3, 9)",53.3,O0564 O0565
590,27639.7,AMR2,AMR3,경로충돌,"(5, 9)",48.6,O0565 O0566
591,27640.8,AMR2,AMR3,정면충돌,"(4, 9)<->(5, 9)",53.5,O0565 O0566
592,27701.5,AMR1,AMR3,정면충돌,"(16, 19)<->(17, 19)",51.5,O0567
593,27839.9,AMR1,AMR3,경로충돌,"(12, 17)",54.6,O0570
594,27840.1,AMR1,AMR3,정면충돌,"(12, 16)<->(12, 17)",23.3,O0570
595,27864.8,AMR2,AMR3,경로충돌,"(12, 9)",33.8,O0569 O0570
596,27913.7,AMR1,AMR2,경로충돌,"(13, 19)",44.6,O0571
597,27914.6,AMR1,AMR2,정면충돌,"(13, 19)<->(14, 19)",54.6,O0571
598,28125.1,AMR1,AMR2,경로충돌,"(18, 13)",20.4,O0575
599,28125.7,AMR1,AMR2,정면충돌,"(18, 12)<->(18, 13)",34.1,O0575
600,28357.7,AMR2,AMR3,정면충돌,"(16, 19)<->(17, 19)",27.8,O0580
601,28859.2,AMR2,AMR3,경로충돌,"(13, 19)",30.9,O0590
602,28859.8,AMR2,AMR3,정면충돌,"(12, 19)<->(13, 19)",51.4,O0590
603,28988.6,AMR1,AMR3,정면충돌,"(24, 9)<->(25, 9)",44.8,O0594
604,29015.5,AMR1,AMR2,정면충돌,"(17, 19)<->(18, 19)",58.9,O0593
605,29020.8,AMR1,AMR3,경로충돌,"(17, 16)",43.2,O0593
606,29021.1,AMR1,AMR3,정면충돌,"(17, 16)<->(17, 17)",22.2,O0593
607,29052.1,AMR1,AMR2,정면충돌,"(26, 9)<->(27, 9)",30.1,O0593 O0594
608,29144.0,AMR1,AMR3,경로충돌,"(18, 9)",34.1,O0595 O0596
609,29145.3,AMR1,AMR3,정면충돌,"(18, 9)<->(19, 9)",24.1,O0595 O0596
610,29188.0,AMR1,AMR3,경로충돌,"(18, 13)",51.3,O0596
611,29188.3,AMR1,AMR3,정면충돌,"(18, 13)<->(18, 14)",59.3,O0596
612,29193.8,AMR1,AMR2,경로충돌,"(17, 13)",56.1,O0596
613,29194.4,AMR1,AMR2,정면충돌,"(17, 12)<->(17, 13)",20.6,O0596
614,29297.8,AMR1,AMR2,정면충돌,"(7, 11)<->(8, 11)",52.7,O0598 O0599
615,29434.8,AMR2,AMR3,경로충돌,"(18, 16)",57.9,O0602
616,29436.3,AMR2,AMR3,정면충돌,"(18, 15)<->(18, 16)",28.8,O0602
617,29483.6,AMR1,AMR2,경로충돌,"(18, 16)",29.6,O0602
618,29484.6,AMR1,AMR2,정면충돌,"(18, 15)<->(18, 16)",27.8,O0602
619,29577.0,AMR1,AMR2,정면충돌,"(18, 12)<->(18, 13)",36.4,O0605
620,29621.2,AMR2,AMR3,정면충돌,"(18, 12)<->(18, 13)",54.8,O0605
621,29752.1,AMR1,AMR3,정면충돌,"(1, 9)<->(2, 9)",53.0,O0609
622,29819.4,AMR1,AMR2,경로충돌,"(12, 9)",24.8,O0608 O0609
623,29907.6,AMR1,AMR2,경로충돌,"(25, 11)",24.9,O0612
624,29909.1,AMR1,AMR2,정면충돌,"(25, 11)<->(26, 11)",51.9,O0612
625,30011.1,AMR1,AMR3,경로충돌,"(15, 19)",54.8,
626,30100.5,AMR1,AMR2,경로충돌,"(14, 19)",51.7,O0615
627,30101.1,AMR1,AMR2,정면충돌,"(14, 19)<->(15, 19)",32.0,O0615
628,30336.2,AMR1,AMR2,경로충돌,"(18, 12)",40.5,O0620
629,30336.5,AMR1,AMR2,정면충돌,"(18, 12)<->(18, 13)",53.9,O0620
630,30371.7,AMR2,AMR3,경로충돌,"(17, 19)",59.2,O0620
631,30561.6,AMR1,AMR2,경로충돌,"(12, 9)",36.5,O0624
632,30683.2,AMR1,AMR3,경로충돌,"(17, 11)",44.1,O0626 O0627
633,30793.3,AMR1,AMR2,경로충돌,"(13, 19)",52.4,O0629
634,30794.4,AMR1,AMR2,정면충돌,"(13, 19)<->(14, 19)",57.8,O0629
635,30799.7,AMR1,AMR3,경로충돌,"(15, 19)",24.2,
636,30800.1,AMR1,AMR3,정면충돌,"(14, 19)<->(15, 19)",24.9,O0630
637,30923.9,AMR2,AMR3,경로충돌,"(10, 9)",33.5,O0633
638,30925.5,AMR2,AMR3,정면충돌,"(9, 9)<->(10, 9)",28.1,O0633
639,31015.5,AMR2,AMR3,경로충돌,"(18, 19)",57.8,O0634
640,31046.7,AMR2,AMR3,경로충돌,"(24, 11)",27.6,O0634 O0635
641,31085.1,AMR1,AMR3,경로충돌,"(17, 19)",35.1,O0635
642,31164.0,AMR2,AMR3,경로충돌,"(18, 17)",31.2,O0637
643,31164.4,AMR2,AMR3,정면충돌,"(18, 17)<->(18, 18)",51.2,O0637
644,31241.0,AMR1,AMR2,정면충돌,"(18, 18)<->(18, 19)",46.3,O0639
645,31269.7,AMR1,AMR2,경로충돌,"(17, 11)",34.9,O0639 O0640
646,31297.8,AMR2,AMR3,경로충돌,"(17, 19)",29.9,
647,31382.7,AMR1,AMR2,경로충돌,"(13, 19)",50.7,O0642
648,31383.6,AMR1,AMR2,정면충돌,"(13, 19)<->(14, 19)",24.4,O0642
649,31402.6,AMR2,AMR3,경로충돌,"(5, 11)",55.8,O0641 O0642
650,31404.0,AMR2,AMR3,정면충돌,"(4, 11)<->(5, 11)",25.1,O0641 O0642
651,31528.5,AMR2,AMR3,경로충돌,"(16, 19)",57.6,O0645
652,31529.8,AMR2,AMR3,정면충돌,"(16, 19)<->(17, 19)",20.6,O0645
653,31669.6,AMR2,AMR3,경로충돌,"(18, 18)",55.6,O0647
654,31670.7,AMR2,AMR3,정면충돌,"(18, 17)<->(18, 18)",34.1,O0647
655,31785.9,AMR1,AMR3,경로충돌,"(11, 11)",21.0,O0649 O0651
656,31857.3,AMR2,AMR3,경로충돌,"(18, 11)",57.9,O0652
657,31857.6,AMR2,AMR3,정면충돌,"(18, 10)<->(18, 11)",42.7,O0652
658,31894.9,AMR1,AMR3,경로충돌,"(16, 19)",34.2,O0652
659,31895.3,AMR1,AMR3,정면충돌,"(16, 19)<->(17, 19)",25.6,O0652
660,31982.2,AMR2,AMR3,경로충돌,"(12, 9)",52.3,O0653 O0654
661,32095.8,AMR1,AMR3,경로충돌,"(18, 19)",39.7,O0656
662,32096.3,AMR1,AMR3,정면충돌,"(17, 19)<->(18, 19)",25.6,O0656
663,32103.3,AMR2,AMR3,경로충돌,"(17, 14)",28.4,O0656
664,32103.9,AMR2,AMR3,정면충돌,"(17, 13)<->(17, 14)",44.3,O0656
665,32119.8,AMR1,AMR3,경로충돌,"(24, 10)",41.7,O0656 O0657
666,32250.4,AMR1,AMR2,경로충돌,"(14, 19)",38.7,O0659
667,32251.0,AMR1,AMR2,정면충돌,"(13, 19)<->(14, 19)",54.5,O0659
668,32460.3,AMR1,AMR3,경로충돌,"(18, 11)",38.9,
669,32473.3,AMR1,AMR3,정면충돌,"(16, 19)<->(17, 19)",23.6,O0664
670,32484.0,AMR1,AMR2,정면충돌,"(18, 14)<->(18, 15)",38.5,O0664
671,32564.0,AMR1,AMR2,경로충돌,"(13, 19)",55.9,O0666
672,32564.5,AMR1,AMR2,정면충돌,"(13, 19)<->(14, 19)",22.7,O0666
673,32716.2,AMR1,AMR3,경로충돌,"(12, 11)",29.8,O0670
674,32716.4,AMR1,AMR3,정면충돌,"(12, 11)<->(12, 12)",37.8,O0670
675,32878.3,AMR1,AMR3,경로충돌,"(14, 19)",24.7,O0672
676,32878.6,AMR1,AMR3,정면충돌,"(13, 19)<->(14, 19)",48.4,O0672
677,32914.0,AMR1,AMR3,경로충돌,"(4, 11)",47.5,O0672 O0674
678,32915.5,AMR1,AMR3,정면충돌,"(3, 11)<->(4, 11)",44.9,O0672 O0674
679,33036.9,AMR1,AMR3,경로충돌,"(17, 19)",27.8,O0676
680,33037.2,AMR1,AMR3,정면충돌,"(16, 19)<->(17, 19)",58.7,O0676
681,33071.6,AMR1,AMR3,경로충돌,"(20, 11)",52.8,O0676 O0677
682,33071.9,AMR1,AMR3,정면충돌,"(20, 11)<->(21, 11)",27.9,O0676 O0677
683,33079.8,AMR1,AMR2,경로충돌,"(18, 9)",39.7,O0676
684,33120.7,AMR1,AMR3,경로충돌,"(18, 15)",37.5,O0678
685,33121.3,AMR1,AMR3,정면충돌,"(18, 14)<->(18, 15)",25.7,O0678
686,33167.2,AMR2,AMR3,경로충돌,"(18, 11)",22.0,O0678
687,33168.3,AMR2,AMR3,정면충돌,"(18, 11)<->(18, 12)",23.2,O0678
688,33172.2,AMR1,AMR3,경로충돌,"(17, 11)",28.7,O0678
689,33184.0,AMR1,AMR2,경로충돌,"(17, 19)",58.8,O0679
690,33184.4,AMR1,AMR2,정면충돌,"(16, 19)<->(17, 19)",52.3,O0679
691,33195.9,AMR2,AMR3,경로충돌,"(17, 11)",23.2,O0678 O0679
692,33324.5,AMR1,AMR2,경로충돌,"(18, 17)",22.2,O0682
693,33324.9,AMR1,AMR2,정면충돌,"(18, 17)<->(18, 18)",28.5,O0682
694,33396.1,AMR1,AMR3,경로충돌,"(12, 17)",40.9,O0684
695,33399.5,AMR1,AMR2,정면충돌,"(13, 19)<->(14, 19)",30.1,O0683
696,33753.7,AMR2,AMR3,경로충돌,"(18, 18)",58.8,O0691
697,33754.0,AMR2,AMR3,정면충돌,"(18, 17)<->(18, 18)",56.8,O0691
698,33930.6,AMR1,AMR3,경로충돌,"(2, 9)",49.0,O0693 O0694
699,33931.3,AMR1,AMR3,정면충돌,"(2, 9)<->(3, 9)",25.4,O0693 O0694
700,33955.7,AMR1,AMR2,경로충돌,"(12, 9)",37.8,O0694
701,34045.6,AMR2,AMR3,정면충돌,"(16, 19)<->(17, 19)",32.6,O0696
702,34119.9,AMR1,AMR3,경로충돌,"(18, 16)",27.2,O0698
703,34120.5,AMR1,AMR3,정면충돌,"(18, 16)<->(18, 17)",34.9,O0698
704,34192.4,AMR1,AMR3,정면충돌,"(18, 18)<->(18, 19)",36.1,O0699
705,34202.0,AMR1,AMR2,경로충돌,"(17, 19)",26.9,O0700
706,34202.2,AMR1,AMR2,정면충돌,"(16, 19)<->(17, 19)",33.0,O0700
707,34337.8,AMR2,AMR3,경로충돌,"(18, 16)",30.7,O0702
708,34338.5,AMR2,AMR3,정면충돌,"(18, 16)<->(18, 17)",44.4,O0702
709,34482.3,AMR1,AMR3,경로충돌,"(16, 19)",42.8,O0706
710,34482.9,AMR1,AMR3,정면충돌,"(16, 19)<->(17, 19)",24.4,O0706
711,34513.5,AMR1,AMR3,경로충돌,"(18, 11)",31.0,O0706 O0707
712,34554.9,AMR1,AMR2,경로충돌,"(18, 18)",34.3,O0707
713,34555.5,AMR1,AMR2,정면충돌,"(18, 18)<->(18, 19)",20.8,O0707
714,34622.1,AMR1,AMR3,경로충돌,"(18, 9)",30.1,
715,34636.0,AMR1,AMR3,경로충돌,"(17, 19)",26.8,O0709
716,34636.3,AMR1,AMR3,정면충돌,"(16, 19)<->(17, 19)",35.1,O0709
717,34780.9,AMR1,AMR3,경로충돌,"(15, 19)",58.1,
718,34823.2,AMR1,AMR3,경로충돌,"(12, 11)",22.8,O0712
719,34899.2,AMR1,AMR3,경로충돌,"(18, 11)",27.8,O0715
720,34899.4,AMR1,AMR3,정면충돌,"(18, 11)<->(18, 12)",29.6,O0715
721,34912.3,AMR2,AMR3,경로충돌,"(17, 19)",31.3,O0714
722,34912.7,AMR2,AMR3,정면충돌,"(16, 19)<->(17, 19)",49.7,O0714
723,34924.6,AMR1,AMR2,경로충돌,"(17, 11)",36.4,O0714
724,34934.0,AMR1,AMR3,경로충돌,"(17, 17)",21.9,O0716
725,34976.3,AMR2,AMR3,경로충돌,"(18, 9)",56.8,
726,34991.1,AMR2,AMR3,경로충돌,"(16, 19)",37.5,O0716
727,34991.7,AMR2,AMR3,정면충돌,"(16, 19)<->(17, 19)",47.8,O0716
728,35030.7,AMR2,AMR3,경로충돌,"(21, 9)",49.8,O0716 O0717
729,35091.2,AMR1,AMR2,경로충돌,"(17, 9)",24.9,O0717 O0718
730,35146.6,AMR1,AMR2,경로충돌,"(18, 15)",53.3,O0719
731,35147.1,AMR1,AMR2,정면충돌,"(18, 14)<->(18, 15)",52.2,O0719
732,35220.4,AMR1,AMR2,경로충돌,"(17, 19)",39.7,O0721
733,35340.4,AMR1,AMR2,경로충돌,"(17, 14)",47.9,O0723
734,35340.6,AMR1,AMR2,정면충돌,"(17, 13)<->(17, 14)",34.1,O0723
735,35348.9,AMR2,AMR3,정면충돌,"(18, 16)<->(18, 17)",48.9,O0724
736,35414.1,AMR1,AMR2,정면충돌,"(17, 19)<->(18, 19)",38.0,O0725
737,35424.0,AMR2,AMR3,정면충돌,"(18, 15)<->(18, 16)",41.1,O0725
738,35687.7,AMR2,AMR3,경로충돌,"(18, 18)",23.0,O0731
739,35689.3,AMR2,AMR3,정면충돌,"(18, 17)<->(18, 18)",58.7,O0731
740,35696.1,AMR1,AMR3,경로충돌,"(18, 14)",36.9,O0731
741,35696.7,AMR1,AMR3,정면충돌,"(18, 13)<->(18, 14)",55.5,O0731
742,35721.3,AMR2,AMR3,경로충돌,"(19, 9)",44.1,O0731 O0732
743,35722.9,AMR2,AMR3,정면충돌,"(18, 9)<->(19, 9)",25.2,O0731 O0732
744,35755.2,AMR1,AMR2,경로충돌,"(16, 19)",58.3,O0732
745,35756.1,AMR1,AMR2,정면충돌,"(16, 19)<->(17, 19)",51.5,O0732
746,35766.6,AMR2,AMR3,정면충돌,"(18, 14)<->(18, 15)",57.0,O0732
747,35797.4,AMR1,AMR2,경로충돌,"(17, 9)",38.2,O0732 O0733
748,35841.1,AMR2,AMR3,경로충돌,"(18, 17)",38.7,O0734
749,35841.3,AMR2,AMR3,정면충돌,"(18, 17)<->(18, 18)",46.8,O0734
750,35876.7,AMR2,AMR3,경로충돌,"(18, 9)",41.5,O0734 O0735
751,35916.4,AMR2,AMR3,경로충돌,"(18, 15)",31.8,O0735
752,35916.6,AMR2,AMR3,정면충돌,"(18, 15)<->(18, 16)",46.5,O0735
753,35987.8,AMR2,AMR3,경로충돌,"(18, 18)",32.4,O0737
754,35988.1,AMR2,AMR3,정면충돌,"(18, 17)<->(18, 18)",22.7,O0737
755,35998.2,AMR1,AMR3,경로충돌,"(18, 11)",23.9,O0737
756,35998.8,AMR1,AMR3,정면충돌,"(18, 11)<->(18, 12)",53.0,O0737
757,36020.4,AMR2,AMR3,경로충돌,"(18, 11)",26.9,O0737 O0738
758,36057.0,AMR1,AMR2,경로충돌,"(15, 19)",54.4,
759,36066.9,AMR2,AMR3,경로충돌,"(18, 11)",54.6,O0738
760,36068.1,AMR2,AMR3,정면충돌,"(18, 11)<->(18, 12)",44.8,O0738
761,36123.2,AMR1,AMR3,경로충돌,"(18, 9)",21.4,
762,36138.0,AMR1,AMR3,경로충돌,"(17, 19)",53.8,O0740
763,36138.3,AMR1,AMR3,정면충돌,"(16, 19)<->(17, 19)",26.4,O0740
764,36401.3,AMR1,AMR3,정면충돌,"(16, 19)<->(17, 19)",44.3,O0746
765,36412.5,AMR1,AMR2,경로충돌,"(18, 14)",58.0,O0746
766,36412.7,AMR1,AMR2,정면충돌,"(18, 13)<->(18, 14)",50.7,O0746
767,36431.4,AMR1,AMR3,경로충돌,"(19, 11)",24.0,O0746 O0747
768,36488.2,AMR1,AMR2,경로충돌,"(16, 19)",25.8,O0748
769,36488.8,AMR1,AMR2,정면충돌,"(16, 19)<->(17, 19)",58.6,O0748
770,36583.1,AMR1,AMR3,경로충돌,"(17, 9)",41.0,O0749
771,36712.9,AMR1,AMR3,경로충돌,"(18, 19)",51.2,O0752
772,36713.5,AMR1,AMR3,정면충돌,"(17, 19)<->(18, 19)",55.8,O0752
773,36783.7,AMR1,AMR2,경로충돌,"(18, 9)",43.8,O0754
774,36784.9,AMR1,AMR2,정면충돌,"(18, 9)<->(18, 10)",29.3,O0754
775,36855.1,AMR1,AMR2,경로충돌,"(17, 19)",48.1,O0755
776,36855.3,AMR1,AMR2,정면충돌,"(16, 19)<->(17, 19)",37.0,O0755
777,36862.8,AMR1,AMR3,경로충돌,"(16, 19)",51.8,O0756
778,36864.0,AMR1,AMR3,정면충돌,"(16, 19)<->(17, 19)",38.2,O0756
779,36937.5,AMR2,AMR3,경로충돌,"(17, 19)",32.2,O0757
780,36938.9,AMR2,AMR3,정면충돌,"(16, 19)<->(17, 19)",45.6,O0757
781,36946.1,AMR1,AMR3,경로충돌,"(18, 16)",44.6,O0757
782,37001.2,AMR1,AMR2,경로충돌,"(12, 11)",39.9,
783,37013.0,AMR1,AMR2,경로충돌,"(13, 19)",49.3,O0758
784,37013.8,AMR1,AMR2,정면충돌,"(13, 19)<->(14, 19)",53.6,O0758
785,37097.7,AMR1,AMR3,경로충돌,"(14, 19)",39.3,O0760
786,37098.3,AMR1,AMR3,정면충돌,"(14, 19)<->(15, 19)",59.4,O0760
787,37171.1,AMR2,AMR3,경로충돌,"(18, 9)",37.2,O0761
788,37319.7,AMR2,AMR3,경로충돌,"(18, 11)",48.1,
789,37331.0,AMR2,AMR3,경로충돌,"(17, 19)",42.9,O0765
790,37331.4,AMR2,AMR3,정면충돌,"(16, 19)<->(17, 19)",45.6,O0765
791,37370.8,AMR1,AMR3,경로충돌,"(18, 11)",49.8,O0765
792,37412.5,AMR1,AMR3,경로충돌,"(18, 9)",43.8,O0766
793,37478.1,AMR1,AMR3,경로충돌,"(17, 17)",27.0,O0769
794,37502.1,AMR1,AMR3,정면충돌,"(20, 11)<->(21, 11)",20.6,O0768
795,37524.7,AMR1,AMR2,경로충돌,"(18, 19)",30.6,O0769
796,37525.3,AMR1,AMR2,정면충돌,"(18, 18)<->(18, 19)",25.1,O0769
797,37643.1,AMR2,AMR3,경로충돌,"(18, 15)",42.3,O0771
798,37643.4,AMR2,AMR3,정면충돌,"(18, 15)<->(18, 16)",27.0,O0771
799,37649.5,AMR1,AMR2,경로충돌,"(17, 14)",20.4,O0771
800,37650.1,AMR1,AMR2,정면충돌,"(17, 14)<->(17, 15)",52.0,O0771
801,37722.6,AMR1,AMR2,경로충돌,"(18, 18)",53.3,O0773
802,37723.2,AMR1,AMR2,정면충돌,"(18, 18)<->(18, 19)",31.6,O0773
803,37786.8,AMR2,AMR3,경로충돌,"(17, 16)",57.9,O0774
804,37788.0,AMR2,AMR3,정면충돌,"(17, 16)<->(17, 17)",22.6,O0774
805,37794.7,AMR1,AMR2,경로충돌,"(18, 13)",50.0,O0774
806,37795.3,AMR1,AMR2,정면충돌,"(18, 12)<->(18, 13)",49.2,O0774
807,37802.5,AMR1,AMR3,경로충돌,"(17, 16)",55.9,O0775
808,37803.1,AMR1,AMR3,정면충돌,"(17, 15)<->(17, 16)",55.4,O0775
809,37945.8,AMR1,AMR3,경로충돌,"(17, 12)",29.1,O0777
810,37946.1,AMR1,AMR3,정면충돌,"(17, 11)<->(17, 12)",53.5,O0777
811,38097.3,AMR1,AMR3,경로충돌,"(18, 17)",54.8,O0781
812,38097.6,AMR1,AMR3,정면충돌,"(18, 16)<->(18, 17)",28.9,O0781
813,38165.8,AMR1,AMR2,경로충돌,"(12, 19)",36.3,O0782
814,38245.3,AMR2,AMR3,경로충돌,"(18, 16)",35.4,O0784
815,38246.6,AMR2,AMR3,정면충돌,"(18, 16)<->(18, 17)",34.0,O0784
816,38309.7,AMR1,AMR3,경로충돌,"(18, 10)",26.8,O0785
817,38310.9,AMR1,AMR3,정면충돌,"(18, 10)<->(18, 11)",55.6,O0785
818,38435.8,AMR2,AMR3,경로충돌,"(16, 19)",36.5,O0788
819,38436.4,AMR2,AMR3,정면충돌,"(16, 19)<->(17, 19)",25.8,O0788
820,38463.2,AMR1,AMR3,경로충돌,"(18, 16)",23.6,O0789
821,38463.7,AMR1,AMR3,정면충돌,"(18, 16)<->(18, 17)",26.4,O0789
822,38509.0,AMR2,AMR3,경로충돌,"(18, 14)",54.1,O0789
823,38509.3,AMR2,AMR3,정면충돌,"(18, 13)<->(18, 14)",49.6,O0789
824,38582.2,AMR1,AMR3,경로충돌,"(18, 17)",54.1,O0791
825,38582.4,AMR1,AMR3,정면충돌,"(18, 16)<->(18, 17)",41.7,O0791
826,38592.3,AMR1,AMR2,경로충돌,"(18, 11)",57.7,O0791
827,38648.2,AMR1,AMR2,경로충돌,"(18, 11)",44.1,
828,38656.1,AMR1,AMR3,경로충돌,"(17, 19)",33.2,O0792
829,38657.2,AMR1,AMR3,정면충돌,"(16, 19)<->(17, 19)",40.6,O0792
830,38664.1,AMR1,AMR2,경로충돌,"(16, 19)",34.6,O0793
831,38665.0,AMR1,AMR2,정면충돌,"(16, 19)<->(17, 19)",29.8,O0793
832,38782.2,AMR2,AMR3,경로충돌,"(18, 14)",40.2,O0796
833,38782.9,AMR2,AMR3,정면충돌,"(18, 14)<->(18, 15)",44.2,O0796
834,38869.9,AMR1,AMR2,정면충돌,"(18, 13)<->(18, 14)",21.0,O0797
835,38900.8,AMR2,AMR3,경로충돌,"(18, 16)",52.5,O0798
836,38901.6,AMR2,AMR3,정면충돌,"(18, 16)<->(18, 17)",22.7,O0798
837,38942.4,AMR1,AMR2,경로충돌,"(18, 18)",41.2,O0798
838,38943.9,AMR1,AMR2,정면충돌,"(18, 17)<->(18, 18)",24.0,O0798
839,38955.2,AMR1,AMR3,경로충돌,"(12, 18)",37.7,O0799
840,38955.8,AMR1,AMR3,정면충돌,"(12, 17)<->(12, 18)",42.0,O0799
841,39017.1,AMR2,AMR3,경로충돌,"(17, 19)",47.3,O0800
842,39017.3,AMR2,AMR3,정면충돌,"(16, 19)<->(17, 19)",49.1,O0800
843,39027.9,AMR1,AMR3,경로충돌,"(18, 14)",58.6,O0800
844,39028.1,AMR1,AMR3,정면충돌,"(18, 14)<->(18, 15)",55.1,O0800
845,39085.2,AMR1,AMR2,경로충돌,"(17, 11)",31.1,
846,39096.4,AMR1,AMR2,경로충돌,"(16, 19)",22.2,O0801
847,39097.6,AMR1,AMR2,정면충돌,"(16, 19)<->(17, 19)",41.5,O0801
848,39106.6,AMR1,AMR3,경로충돌,"(16, 19)",31.1,O0802
849,39107.0,AMR1,AMR3,정면충돌,"(16, 19)<->(17, 19)",25.0,O0802
850,39210.3,AMR1,AMR3,경로충돌,"(11, 11)",30.7,O0803 O0804
851,39262.0,AMR2,AMR3,경로충돌,"(18, 16)",29.3,O0805
852,39262.7,AMR2,AMR3,정면충돌,"(18, 15)<->(18, 16)",52.0,O0805
853,39331.3,AMR1,AMR3,경로충돌,"(13, 19)",41.0,O0806
854,39332.0,AMR1,AMR3,정면충돌,"(12, 19)<->(13, 19)",52.0,O0806
855,39375.4,AMR2,AMR3,경로충돌,"(11, 11)",39.2,O0808
856,39398.2,AMR2,AMR3,경로충돌,"(11, 11)",53.0,O0807
857,39513.2,AMR2,AMR3,정면충돌,"(26, 9)<->(27, 9)",35.0,O0809
858,39530.2,AMR1,AMR2,경로충돌,"(26, 9)",52.8,O0809 O0811
859,39530.8,AMR1,AMR2,정면충돌,"(25, 9)<->(26, 9)",26.9,O0809 O0811
860,39631.8,AMR2,AMR3,경로충돌,"(17, 19)",37.4,O0812
861,39654.1,AMR1,AMR2,경로충돌,"(18, 15)",38.7,O0813
862,39654.6,AMR1,AMR2,정면충돌,"(18, 14)<->(18, 15)",45.1,O0813
863,39704.0,AMR2,AMR3,경로충돌,"(18, 17)",46.3,O0813
864,39704.4,AMR2,AMR3,정면충돌,"(18, 17)<->(18, 18)",45.0,O0813
865,39711.7,AMR1,AMR2,경로충돌,"(17, 15)",30.3,O0813
866,39712.3,AMR1,AMR2,정면충돌,"(17, 15)<->(17, 16)",22.3,O0813
867,39718.7,AMR1,AMR3,경로충돌,"(17, 17)",45.0,O0814
868,39719.0,AMR1,AMR3,정면충돌,"(17, 16)<->(17, 17)",55.9,O0814
869,39785.5,AMR1,AMR2,경로충돌,"(17, 19)",46.5,O0815
870,39785.8,AMR1,AMR2,정면충돌,"(17, 19)<->(18, 19)",33.1,O0815
871,39847.4,AMR2,AMR3,경로충돌,"(16, 19)",51.6,O0816
872,39848.8,AMR2,AMR3,정면충돌,"(16, 19)<->(17, 19)",33.1,O0816
873,39931.7,AMR1,AMR2,경로충돌,"(16, 19)",49.6,O0818
874,39932.3,AMR1,AMR2,정면충돌,"(16, 19)<->(17, 19)",55.9,O0818
875,40009.3,AMR1,AMR3,경로충돌,"(12, 11)",28.0,O0819
876,40010.4,AMR1,AMR3,정면충돌,"(12, 10)<->(12, 11)",24.3,O0819
877,40021.9,AMR2,AMR3,경로충돌,"(12, 19)",43.1,O0820
878,40022.1,AMR2,AMR3,정면충돌,"(11, 19)<->(12, 19)",53.9,O0820
879,40073.9,AMR2,AMR3,경로충돌,"(12, 10)",37.5,O0820
880,40121.9,AMR1,AMR2,경로충돌,"(17, 19)",46.6,O0822
881,40123.5,AMR1,AMR2,정면충돌,"(16, 19)<->(17, 19)",38.3,O0822
882,40174.2,AMR2,AMR3,경로충돌,"(12, 18)",43.6,O0823
883,40174.5,AMR2,AMR3,정면충돌,"(12, 18)<->(12, 19)",38.3,O0823
884,40247.2,AMR2,AMR3,경로충돌,"(18, 17)",37.1,O0825
885,40554.9,AMR1,AMR3,경로충돌,"(18, 11)",34.7,O0831
886,40591.3,AMR2,AMR3,경로충돌,"(18, 16)",26.2,O0831
887,40592.3,AMR2,AMR3,정면충돌,"(18, 16)<->(18, 17)",26.1,O0831
888,40680.4,AMR1,AMR2,경로충돌,"(17, 11)",29.1,O0832 O0833
889,40946.3,AMR1,AMR2,경로충돌,"(13, 19)",36.5,O0838
890,40946.6,AMR1,AMR2,정면충돌,"(13, 19)<->(14, 19)",34.4,O0838
891,41094.0,AMR2,AMR3,경로충돌,"(16, 19)",20.2,O0841
892,41094.3,AMR2,AMR3,정면충돌,"(16, 19)<->(17, 19)",40.8,O0841
893,41098.7,AMR1,AMR2,경로충돌,"(17, 19)",21.5,O0841
894,41104.0,AMR1,AMR3,경로충돌,"(16, 19)",57.8,O0842
895,41387.3,AMR1,AMR3,경로충돌,"(18, 19)",28.3,O0847
896,41387.9,AMR1,AMR3,정면충돌,"(17, 19)<->(18, 19)",30.6,O0847
897,41638.6,AMR2,AMR3,경로충돌,"(16, 11)",52.7,O0854
898,41640.1,AMR2,AMR3,정면충돌,"(16, 11)<->(17, 11)",32.9,O0854
899,41863.3,AMR2,AMR3,경로충돌,"(18, 11)",31.6,
900,41875.5,AMR2,AMR3,경로충돌,"(17, 19)",39.1,O0858
901,41875.9,AMR2,AMR3,정면충돌,"(16, 19)<->(17, 19)",39.6,O0858
902,41887.7,AMR1,AMR3,정면충돌,"(18, 12)<->(18, 13)",56.3,O0858
903,41961.4,AMR1,AMR3,경로충돌,"(14, 19)",27.6,O0860
904,41961.9,AMR1,AMR3,정면충돌,"(13, 19)<->(14, 19)",45.6,O0860
905,42121.7,AMR2,AMR3,경로충돌,"(17, 19)",22.0,O0863
906,42122.2,AMR2,AMR3,정면충돌,"(16, 19)<->(17, 19)",39.4,O0863
907,42211.0,AMR1,AMR3,경로충돌,"(16, 19)",50.2,O0865
908,42211.7,AMR1,AMR3,정면충돌,"(16, 19)<->(17, 19)",43.6,O0865
909,42297.6,AMR1,AMR2,경로충돌,"(18, 15)",21.0,O0867
910,42297.8,AMR1,AMR2,정면충돌,"(18, 15)<->(18, 16)",29.9,O0867
911,42345.9,AMR1,AMR2,경로충돌,"(20, 11)",34.2,O0867
912,42347.4,AMR1,AMR2,정면충돌,"(19, 11)<->(20, 11)",59.4,O0867
913,42370.1,AMR2,AMR3,정면충돌,"(19, 11)<->(20, 11)",52.8,O0867 O0868
914,42628.1,AMR2,AMR3,경로충돌,"(12, 11)",54.3,O0873
915,42642.9,AMR1,AMR2,정면충돌,"(14, 19)<->(15, 19)",30.8,O0874
916,42787.3,AMR1,AMR3,정면충돌,"(16, 19)<->(17, 19)",40.0,O0877
917,42819.5,AMR2,AMR3,경로충돌,"(11, 11)",31.9,O0876 O0878
918,42927.0,AMR1,AMR3,경로충돌,"(18, 13)",40.8,O0879
919,42927.4,AMR1,AMR3,정면충돌,"(18, 12)<->(18, 13)",47.6,O0879
920,42998.5,AMR1,AMR3,경로충돌,"(18, 17)",23.2,O0881
921,42999.2,AMR1,AMR3,정면충돌,"(18, 17)<->(18, 18)",59.4,O0881
922,43075.0,AMR2,AMR3,경로충돌,"(14, 19)",39.3,O0883
923,43075.4,AMR2,AMR3,정면충돌,"(13, 19)<->(14, 19)",54.5,O0883
924,43140.9,AMR1,AMR2,경로충돌,"(18, 18)",46.4,O0884
925,43141.5,AMR1,AMR2,정면충돌,"(18, 17)<->(18, 18)",32.2,O0884
926,43151.3,AMR2,AMR3,경로충돌,"(18, 11)",39.0,O0884
927,43151.6,AMR2,AMR3,정면충돌,"(18, 11)<->(18, 12)",37.3,O0884
928,43232.3,AMR2,AMR3,경로충돌,"(17, 19)",21.5,O0886
929,43232.5,AMR2,AMR3,정면충돌,"(17, 19)<->(18, 19)",26.4,O0886
930,43414.6,AMR1,AMR3,경로충돌,"(17, 17)",32.1,O0891
931,43460.4,AMR2,AMR3,경로충돌,"(17, 19)",45.6,O0891
932,43461.1,AMR2,AMR3,정면충돌,"(16, 19)<->(17, 19)",40.1,O0891
933,43610.8,AMR1,AMR3,경로충돌,"(17, 19)",27.2,O0894
934,43611.1,AMR1,AMR3,정면충돌,"(16, 19)<->(17, 19)",41.3,O0894
935,43725.2,AMR1,AMR2,경로충돌,"(17, 15)",53.4,O0897
936,43725.8,AMR1,AMR2,정면충돌,"(17, 14)<->(17, 15)",33.3,O0897
937,43811.0,AMR2,AMR3,경로충돌,"(16, 19)",41.6,O0898
938,43811.5,AMR2,AMR3,정면충돌,"(16, 19)<->(17, 19)",48.0,O0898
939,44078.2,AMR2,AMR3,정면충돌,"(16, 19)<->(17, 19)",55.0,O0904
940,44234.4,AMR1,AMR2,경로충돌,"(13, 19)",28.1,O0907
941,44234.6,AMR1,AMR2,정면충돌,"(13, 19)<->(14, 19)",37.1,O0907
942,44264.4,AMR2,AMR3,경로충돌,"(18, 9)",54.8,O0906 O0908
943,44265.1,AMR2,AMR3,정면충돌,"(18, 9)<->(19, 9)",26.2,O0906 O0908
944,44310.3,AMR2,AMR3,경로충돌,"(18, 11)",51.0,O0908
945,44311.3,AMR2,AMR3,정면충돌,"(18, 11)<->(18, 12)",29.4,O0908
946,44320.5,AMR1,AMR2,경로충돌,"(18, 9)",25.8,O0908
947,44513.0,AMR1,AMR3,경로충돌,"(18, 11)",43.7,
948,44526.6,AMR1,AMR3,경로충돌,"(17, 19)",28.7,O0912
949,44526.8,AMR1,AMR3,정면충돌,"(16, 19)<->(17, 19)",59.4,O0912
950,44689.8,AMR2,AMR3,경로충돌,"(18, 11)",56.8,O0915
951,44691.7,AMR1,AMR2,경로충돌,"(18, 11)",59.0,O0916
952,44976.0,AMR1,AMR2,경로충돌,"(18, 16)",32.8,O0922
953,44976.7,AMR1,AMR2,정면충돌,"(18, 15)<->(18, 16)",41.4,O0922
954,45126.5,AMR2,AMR3,경로충돌,"(18, 11)",49.9,O0925
955,45127.6,AMR2,AMR3,정면충돌,"(18, 11)<->(18, 12)",55.1,O0925
956,45338.8,AMR2,AMR3,정면충돌,"(14, 19)<->(15, 19)",56.1,O0929
957,45823.1,AMR1,AMR2,경로충돌,"(12, 19)",49.4,O0939
958,45823.5,AMR1,AMR2,정면충돌,"(12, 18)<->(12, 19)",39.0,O0939
959,45899.9,AMR1,AMR3,경로충돌,"(17, 19)",59.2,O0941
960,45900.5,AMR1,AMR3,정면충돌,"(17, 19)<->(18, 19)",50.6,O0941
961,45990.2,AMR2,AMR3,경로충돌,"(13, 19)",23.7,O0943
962,45990.6,AMR2,AMR3,정면충돌,"(12, 19)<->(13, 19)",24.9,O0943
963,46007.9,AMR1,AMR3,경로충돌,"(5, 11)",40.5,O0942 O0943
964,46058.8,AMR1,AMR2,경로충돌,"(18, 16)",45.6,O0944
965,46059.1,AMR1,AMR2,정면충돌,"(18, 15)<->(18, 16)",20.1,O0944
966,46135.1,AMR1,AMR3,경로충돌,"(14, 19)",47.5,O0945
967,46135.3,AMR1,AMR3,정면충돌,"(13, 19)<->(14, 19)",25.0,O0945
968,46270.4,AMR1,AMR2,경로충돌,"(18, 13)",58.5,O0948
969,46270.9,AMR1,AMR2,정면충돌,"(18, 13)<->(18, 14)",37.2,O0948
970,46337.7,AMR1,AMR2,경로충돌,"(18, 16)",47.1,O0950
971,46338.5,AMR1,AMR2,정면충돌,"(18, 16)<->(18, 17)",53.5,O0950
972,46348.2,AMR1,AMR3,경로충돌,"(18, 11)",54.1,O0950
973,46408.9,AMR2,AMR3,경로충돌,"(12, 19)",51.0,O0951
974,46413.9,AMR1,AMR3,정면충돌,"(14, 19)<->(15, 19)",58.9,O0952
975,46444.7,AMR1,AMR3,경로충돌,"(11, 11)",27.6,O0952 O0953
976,46445.2,AMR1,AMR3,정면충돌,"(10, 11)<->(11, 11)",44.1,O0952 O0953
977,46703.0,AMR1,AMR2,정면충돌,"(16, 19)<->(17, 19)",28.6,O0958
978,46789.8,AMR1,AMR3,정면충돌,"(9, 9)<->(10, 9)",40.7,O0959
979,46808.5,AMR1,AMR2,경로충돌,"(10, 9)",21.3,O0959 O0960
980,46863.3,AMR1,AMR3,경로충돌,"(17, 19)",55.2,O0961
981,46864.6,AMR1,AMR3,정면충돌,"(16, 19)<->(17, 19)",37.5,O0961
982,46889.9,AMR1,AMR3,경로충돌,"(17, 11)",52.1,O0961 O0962
983,46890.2,AMR1,AMR3,정면충돌,"(16, 11)<->(17, 11)",29.5,O0961 O0962
984,46933.3,AMR2,AMR3,경로충돌,"(18, 9)",55.7,
985,46947.9,AMR2,AMR3,경로충돌,"(16, 19)",34.8,O0963
986,46948.6,AMR2,AMR3,정면충돌,"(16, 19)<->(17, 19)",44.5,O0963
987,47063.5,AMR1,AMR3,경로충돌,"(17, 19)",51.2,O0965
988,47132.0,AMR1,AMR3,경로충돌,"(18, 19)",31.0,O0967
989,47132.5,AMR1,AMR3,정면충돌,"(17, 19)<->(18, 19)",24.2,O0967
990,47166.3,AMR2,AMR3,경로충돌,"(18, 9)",53.5,O0968
991,47166.4,AMR1,AMR2,경로충돌,"(18, 9)",20.6,O0967
992,47167.4,AMR2,AMR3,정면충돌,"(18, 9)<->(18, 10)",28.2,O0968
993,47171.1,AMR1,AMR3,경로충돌,"(20, 10)",25.9,O0967 O0968
994,47261.9,AMR2,AMR3,경로충돌,"(13, 19)",28.3,O0969
995,47262.1,AMR2,AMR3,정면충돌,"(13, 19)<->(14, 19)",45.6,O0969
996,47346.2,AMR2,AMR3,경로충돌,"(18, 9)",56.4,O0971
997,47602.8,AMR1,AMR2,경로충돌,"(18, 9)",22.8,O0976
998,47883.6,AMR2,AMR3,경로충돌,"(15, 19)",40.0,
999,47884.3,AMR2,AMR3,정면충돌,"(14, 19)<->(15, 19)",21.9,O0982
1000,47941.1,AMR2,AMR3,경로충돌,"(15, 3)",33.4,O0982 O0983
1001,48047.8,AMR2,AMR3,경로충돌,"(16, 19)",24.3,O0985
1002,48048.1,AMR2,AMR3,정면충돌,"(16, 19)<->(17, 19)",54.2,O0985
1003,48052.5,AMR1,AMR2,경로충돌,"(17, 19)",33.3,O0985
1004,48176.7,AMR1,AMR2,경로충돌,"(18, 9)",31.8,O0989
1005,48191.6,AMR1,AMR3,경로충돌,"(17, 19)",55.4,O0988
1006,48192.1,AMR1,AMR3,정면충돌,"(16, 19)<->(17, 19)",49.9,O0988
1007,48197.7,AMR2,AMR3,경로충돌,"(17, 16)",40.3,O0988
1008,48200.5,AMR1,AMR2,정면충돌,"(16, 19)<->(17, 19)",50.8,O0989
1009,48272.2,AMR2,AMR3,정면충돌,"(17, 19)<->(18, 19)",29.6,O0990
1010,48347.1,AMR1,AMR3,경로충돌,"(12, 11)",28.2,
1011,48359.2,AMR1,AMR3,경로충돌,"(14, 19)",40.7,O0991
1012,48359.4,AMR1,AMR3,정면충돌,"(13, 19)<->(14, 19)",24.3,O0991
1013,48493.8,AMR1,AMR3,경로충돌,"(11, 11)",31.4,O0995
1014,48586.0,AMR2,AMR3,경로충돌,"(13, 19)",26.5,O0996
1015,48587.5,AMR2,AMR3,정면충돌,"(13, 19)<->(14, 19)",54.7,O0996
