JOB_ID,종류,랙,발생시각,배정시각,작업시작시각,작업완료시각,대기시간,이동시간,피킹/적치시간,RFID/바코드시간,병목대기시간,병목정지횟수,스테이션대기시간,리드타임,이동거리(m),담당
1,OUTBOUND,B,0.00,0.00,0.00,48.91,0.00,26.67,18.74,3.50,0.00,0,0.00,48.91,32,작업자1
2,OUTBOUND,D,22.65,22.65,22.65,75.70,0.00,26.67,23.13,3.26,0.00,0,0.00,53.05,32,작업자2
3,OUTBOUND,D,39.81,39.81,39.81,82.76,0.00,21.67,17.28,4.01,0.00,0,0.00,42.95,26,작업자3
4,OUTBOUND,J,62.55,62.55,62.55,116.67,0.00,33.33,16.71,4.08,0.00,0,0.00,54.12,40,작업자1
5,INBOUND,C,80.33,80.33,80.33,132.23,0.00,29.17,18.24,4.50,0.00,0,0.00,51.90,35,작업자2
6,INBOUND,C,100.73,100.73,100.73,152.66,0.00,28.33,18.05,5.55,0.00,0,0.00,51.93,34,작업자3
7,INBOUND,A,122.34,122.34,122.34,178.20,0.00,34.17,15.87,5.82,0.00,0,0.00,55.86,41,작업자1
8,OUTBOUND,D,137.49,137.49,137.49,184.39,0.00,19.17,23.32,4.41,0.00,0,0.00,46.90,23,작업자2
9,INBOUND,C,155.73,155.73,155.73,201.33,0.00,19.17,21.37,5.07,0.00,0,0.00,45.60,23,작업자3
10,OUTBOUND,G,171.25,171.25,171.25,220.47,0.00,21.67,23.42,4.14,0.00,0,0.00,49.22,26,작업자4
11,INBOUND,B,187.39,187.39,187.39,238.48,0.00,29.17,16.56,5.37,0.00,0,0.00,51.09,35,작업자1
12,OUTBOUND,F,206.87,206.87,206.87,262.62,0.00,36.67,15.48,3.60,0.00,0,0.00,55.75,44,작업자2
13,INBOUND,H,227.81,227.81,227.81,271.35,0.00,20.83,17.46,5.24,0.00,0,0.00,43.54,25,작업자3
14,OUTBOUND,J,245.02,245.02,245.02,304.57,0.00,35.00,20.36,4.20,0.00,0,0.00,59.55,42,작업자1
15,OUTBOUND,I,267.29,267.29,267.29,313.78,0.00,25.00,17.70,3.78,0.00,0,0.00,46.49,30,작업자2
16,OUTBOUND,A,286.87,286.87,286.87,346.40,0.00,31.67,23.53,4.33,0.00,0,0.00,59.53,38,작업자3
17,OUTBOUND,G,311.86,311.86,311.86,358.76,0.00,21.67,22.07,3.16,0.00,0,0.00,46.90,26,작업자1
18,INBOUND,H,333.72,333.72,333.72,389.48,0.00,30.00,21.09,4.67,0.00,0,0.00,55.76,36,작업자2
19,OUTBOUND,B,357.82,357.82,357.82,408.80,0.00,25.00,22.17,3.81,0.00,0,0.00,50.98,30,작업자3
20,INBOUND,J,373.63,373.63,373.63,433.69,0.00,36.67,17.65,5.75,0.00,0,0.00,60.06,44,작업자1
21,INBOUND,E,389.28,389.28,389.28,449.65,0.00,33.33,21.93,5.11,0.00,0,0.00,60.37,40,작업자4
22,OUTBOUND,I,410.61,410.61,410.61,449.67,0.00,15.00,20.05,4.02,0.00,0,0.00,39.06,18,작업자2
23,INBOUND,J,428.87,428.87,428.87,488.87,0.00,37.50,18.23,4.26,0.00,0,0.00,60.00,45,작업자3
24,INBOUND,I,446.81,446.81,446.81,501.75,0.00,31.67,17.75,5.53,0.00,0,0.00,54.94,38,작업자1
25,OUTBOUND,B,466.12,466.12,466.12,525.25,0.00,30.00,24.48,4.65,0.00,0,0.00,59.13,36,작업자2
26,INBOUND,I,487.66,487.66,487.66,539.88,0.00,26.67,21.43,4.12,0.00,0,0.00,52.22,32,작업자4
27,OUTBOUND,G,511.32,511.32,511.32,556.39,0.00,23.33,17.86,3.88,0.00,0,0.00,45.07,28,작업자1
28,OUTBOUND,G,535.20,535.20,535.20,584.32,0.00,23.33,22.21,3.57,0.00,0,0.00,49.12,28,작업자2
29,INBOUND,G,558.47,558.47,558.47,617.63,0.00,31.67,22.50,5.00,0.00,0,0.00,59.16,38,작업자1
30,OUTBOUND,F,580.77,580.77,580.77,642.85,0.00,39.17,19.53,3.38,0.00,0,0.00,62.08,47,작업자3
31,OUTBOUND,E,598.90,598.90,598.90,662.15,0.00,36.67,22.53,4.05,0.00,0,0.00,63.25,44,작업자2
32,OUTBOUND,H,623.43,623.43,623.43,658.24,0.00,15.00,15.03,4.77,0.00,0,0.00,34.81,18,작업자1
33,OUTBOUND,B,639.34,639.34,639.34,691.90,0.00,26.67,22.69,3.20,0.00,0,0.00,52.56,32,작업자4
34,INBOUND,F,658.66,658.66,658.66,722.69,0.00,38.33,20.01,5.68,0.00,0,0.00,64.03,46,작업자1
35,OUTBOUND,J,679.23,679.23,679.23,731.56,0.00,30.00,18.99,3.33,0.00,0,0.00,52.33,36,작업자2
36,INBOUND,B,699.84,699.84,699.84,756.47,0.00,30.00,21.68,4.96,0.00,0,0.00,56.63,36,작업자3
37,OUTBOUND,G,718.38,718.38,718.38,764.92,0.00,23.33,18.79,4.41,0.00,0,0.00,46.54,28,작업자4
38,OUTBOUND,E,733.89,733.89,733.89,795.62,0.00,38.33,19.13,4.27,0.00,0,0.00,61.73,46,작업자1
39,INBOUND,B,752.02,752.02,752.02,804.17,0.00,30.00,17.26,4.89,0.00,0,0.00,52.15,36,작업자2
40,INBOUND,C,772.09,772.09,772.09,817.08,0.00,22.50,17.78,4.71,0.00,0,0.00,44.99,27,작업자3
41,INBOUND,B,791.91,791.91,791.91,848.98,0.00,30.83,22.01,4.23,0.00,0,0.00,57.07,37,작업자4
42,INBOUND,F,815.37,815.37,815.37,878.29,0.00,38.33,18.94,5.65,0.00,0,0.00,62.92,46,작업자1
43,OUTBOUND,J,837.99,837.99,837.99,890.61,0.00,30.00,18.49,4.13,0.00,0,0.00,52.62,36,작업자2
44,INBOUND,I,861.07,861.07,861.07,910.94,0.00,25.00,19.92,4.95,0.00,0,0.00,49.87,30,작업자3
45,INBOUND,I,882.20,882.20,882.20,938.34,0.00,32.50,19.37,4.27,0.00,0,0.00,56.14,39,작업자1
46,OUTBOUND,E,903.29,903.29,903.29,963.25,0.00,33.33,23.35,3.28,0.00,0,0.00,59.96,40,작업자2
47,INBOUND,E,920.10,920.10,920.10,974.02,0.00,30.00,19.09,4.82,0.00,0,0.00,53.92,36,작업자3
48,INBOUND,C,938.61,938.61,938.61,983.84,0.00,22.50,18.28,4.44,0.00,0,0.00,45.23,27,작업자1
49,OUTBOUND,G,959.27,959.27,959.27,997.69,0.00,14.17,19.60,4.65,0.00,0,0.00,38.42,17,작업자4
50,INBOUND,A,975.69,975.69,975.69,1038.78,0.00,35.83,22.17,5.09,0.00,0,0.00,63.09,43,작업자2
51,INBOUND,D,998.15,998.15,998.15,1044.32,0.00,20.00,20.32,5.84,0.00,0,0.00,46.17,24,작업자1
52,OUTBOUND,F,1017.35,1017.35,1017.35,1078.48,0.00,39.17,18.76,3.21,0.00,0,0.00,61.13,47,작업자3
53,INBOUND,F,1036.05,1036.05,1036.05,1099.12,0.00,35.83,22.46,4.78,0.00,0,0.00,63.07,43,작업자4
54,INBOUND,A,1057.01,1057.01,1057.01,1113.54,0.00,27.50,24.11,4.92,0.00,0,0.00,56.53,33,작업자1
55,INBOUND,J,1073.58,1073.58,1073.58,1131.25,0.00,34.17,18.40,5.10,0.00,0,0.00,57.67,41,작업자2
56,OUTBOUND,E,1095.32,1095.32,1095.32,1159.61,0.00,36.67,23.18,4.45,0.00,0,0.00,64.29,44,작업자3
57,OUTBOUND,H,1116.94,1116.94,1116.94,1161.68,0.00,22.50,17.60,4.63,0.00,0,0.00,44.74,27,작업자1
58,OUTBOUND,D,1136.09,1136.09,1136.09,1175.93,0.00,18.33,18.07,3.43,0.00,0,0.00,39.84,22,작업자2
59,INBOUND,F,1156.21,1156.21,1156.21,1216.33,0.00,37.50,17.45,5.17,0.00,0,0.00,60.12,45,작업자4
60,OUTBOUND,J,1172.32,1172.32,1172.32,1233.40,0.00,35.00,21.86,4.21,0.00,0,0.00,61.08,42,작업자1
61,OUTBOUND,E,1192.59,1192.59,1192.59,1250.54,0.00,33.33,19.83,4.78,0.00,0,0.00,57.95,40,작업자2
62,INBOUND,J,1209.79,1209.79,1209.79,1270.16,0.00,36.67,19.24,4.47,0.00,0,0.00,60.37,44,작업자3
63,OUTBOUND,E,1224.87,1224.87,1224.87,1290.87,0.00,41.67,19.88,4.45,0.00,0,0.00,66.00,50,작업자4
64,INBOUND,E,1247.54,1247.54,1247.54,1311.95,0.00,35.83,24.35,4.23,0.00,0,0.00,64.41,43,작업자1
65,INBOUND,A,1265.82,1265.82,1265.82,1326.09,0.00,35.00,21.03,4.23,0.00,0,0.00,60.27,42,작업자2
66,OUTBOUND,C,1288.29,1288.29,1288.29,1338.04,0.00,23.33,23.03,3.38,0.00,0,0.00,49.75,28,작업자3
67,INBOUND,D,1307.10,1307.10,1307.10,1367.40,0.00,30.83,23.87,5.60,0.00,0,0.00,60.30,37,작업자4
68,INBOUND,F,1327.68,1327.68,1327.68,1387.06,0.00,35.83,18.27,5.28,0.00,0,0.00,59.38,43,작업자1
69,INBOUND,A,1346.65,1346.65,1346.65,1402.36,0.00,32.50,17.91,5.29,0.00,0,0.00,55.71,39,작업자2
70,INBOUND,B,1361.84,1361.84,1361.84,1417.91,0.00,31.67,20.11,4.29,0.00,0,0.00,56.07,38,작업자3
71,INBOUND,J,1382.60,1382.60,1382.60,1436.09,0.00,30.00,18.10,5.39,0.00,0,0.00,53.49,36,작업자4
72,INBOUND,G,1404.69,1404.69,1404.69,1460.31,0.00,30.83,19.81,4.98,0.00,0,0.00,55.62,37,작업자1
73,INBOUND,A,1420.85,1420.85,1420.85,1479.35,0.00,34.17,19.47,4.86,0.00,0,0.00,58.50,41,작업자2
74,INBOUND,J,1437.56,1437.56,1437.56,1493.96,0.00,30.83,20.32,5.25,0.00,0,0.00,56.40,37,작업자3
75,OUTBOUND,F,1460.88,1460.88,1460.88,1504.89,0.00,22.50,16.82,4.69,0.00,0,0.00,44.01,27,작업자1
76,OUTBOUND,B,1480.25,1480.25,1480.25,1527.96,0.00,20.00,23.56,4.15,0.00,0,0.00,47.71,24,작업자2
77,OUTBOUND,G,1499.61,1499.61,1499.61,1549.69,0.00,29.17,16.20,4.72,0.00,0,0.00,50.08,35,작업자3
78,OUTBOUND,E,1515.39,1515.39,1515.39,1579.59,0.00,36.67,24.06,3.48,0.00,0,0.00,64.20,44,작업자1
79,INBOUND,F,1533.79,1533.79,1533.79,1596.96,0.00,36.67,21.95,4.55,0.00,0,0.00,63.17,44,작업자2
80,OUTBOUND,B,1549.55,1549.55,1549.55,1602.25,0.00,29.17,18.76,4.77,0.00,0,0.00,52.70,35,작업자4
81,OUTBOUND,F,1569.65,1569.65,1569.65,1632.22,0.00,33.33,24.55,4.69,0.00,0,0.00,62.57,40,작업자3
82,OUTBOUND,C,1591.93,1591.93,1591.93,1639.06,0.00,25.00,17.35,4.78,0.00,0,0.00,47.13,30,작업자1
83,INBOUND,E,1607.96,1607.96,1607.96,1669.96,0.00,35.83,20.63,5.54,0.00,0,0.00,62.00,43,작업자2
84,OUTBOUND,C,1624.69,1624.69,1624.69,1674.33,0.00,23.33,21.67,4.65,0.00,0,0.00,49.64,28,작업자4
85,INBOUND,H,1641.46,1641.46,1641.46,1696.46,0.00,30.83,19.66,4.50,0.00,0,0.00,55.00,37,작업자1
86,OUTBOUND,J,1664.01,1664.01,1664.01,1720.32,0.00,33.33,19.53,3.45,0.00,0,0.00,56.31,40,작업자3
87,OUTBOUND,J,1685.82,1685.82,1685.82,1730.05,0.00,19.17,21.46,3.60,0.00,0,0.00,44.23,23,작업자2
88,INBOUND,J,1707.17,1707.17,1707.17,1762.95,0.00,29.17,21.36,5.25,0.00,0,0.00,55.78,35,작업자1
89,OUTBOUND,F,1730.81,1730.81,1730.81,1790.46,0.00,33.33,22.89,3.42,0.00,0,0.00,59.65,40,작업자2
90,INBOUND,H,1750.21,1750.21,1750.21,1803.77,0.00,30.00,17.73,5.83,0.00,0,0.00,53.56,36,작업자3
91,OUTBOUND,E,1771.52,1771.52,1771.52,1815.00,0.00,18.33,21.13,4.02,0.00,0,0.00,43.48,22,작업자1
92,INBOUND,I,1787.09,1787.09,1787.09,1844.30,0.00,31.67,20.75,4.79,0.00,0,0.00,57.21,38,작업자4
93,INBOUND,H,1805.19,1805.19,1805.19,1861.17,0.00,29.17,22.71,4.10,0.00,0,0.00,55.98,35,작업자2
94,OUTBOUND,E,1820.76,1820.76,1820.76,1883.88,0.00,38.33,21.56,3.23,0.00,0,0.00,63.12,46,작업자1
95,INBOUND,B,1842.21,1842.21,1842.21,1891.03,0.00,22.50,21.02,5.30,0.00,0,0.00,48.82,27,작업자3
96,OUTBOUND,G,1863.15,1863.15,1863.15,1902.97,0.00,15.83,20.15,3.84,0.00,0,0.00,39.82,19,작업자2
97,INBOUND,A,1883.95,1883.95,1883.95,1943.23,0.00,36.67,17.79,4.82,0.00,0,0.00,59.28,44,작업자1
98,OUTBOUND,J,1908.04,1908.04,1908.04,1969.96,0.00,33.33,24.38,4.21,0.00,0,0.00,61.92,40,작업자2
99,INBOUND,J,1924.92,1924.92,1924.92,1974.43,0.00,27.50,17.37,4.64,0.00,0,0.00,49.51,33,작업자3
100,OUTBOUND,A,1944.94,1944.94,1944.94,1989.16,0.00,20.00,20.28,3.94,0.00,0,0.00,44.22,24,작업자1
101,OUTBOUND,F,1960.97,1960.97,1960.97,2019.41,0.00,35.00,18.71,4.72,0.00,0,0.00,58.44,42,작업자4
102,INBOUND,C,1976.81,1976.81,1976.81,2027.70,0.00,27.50,17.86,5.53,0.00,0,0.00,50.89,33,작업자2
103,OUTBOUND,H,1994.29,1994.29,1994.29,2038.33,0.00,18.33,21.26,4.45,0.00,0,0.00,44.04,22,작업자1
104,OUTBOUND,J,2014.53,2014.53,2014.53,2051.98,0.00,15.00,19.31,3.14,0.00,0,0.00,37.45,18,작업자3
105,OUTBOUND,E,2033.17,2033.17,2033.17,2081.68,0.00,25.83,19.44,3.23,0.00,0,0.00,48.51,31,작업자2
106,OUTBOUND,F,2052.26,2052.26,2052.26,2112.24,0.00,36.67,18.96,4.35,0.00,0,0.00,59.98,44,작업자1
107,OUTBOUND,F,2073.24,2073.24,2073.24,2132.68,0.00,36.67,19.67,3.11,0.00,0,0.00,59.44,44,작업자3
108,OUTBOUND,I,2091.54,2091.54,2091.54,2139.87,0.00,23.33,21.14,3.87,0.00,0,0.00,48.33,28,작업자2
109,INBOUND,J,2109.38,2109.38,2109.38,2169.19,0.00,36.67,18.73,4.42,0.00,0,0.00,59.81,44,작업자4
110,OUTBOUND,J,2127.71,2127.71,2127.71,2186.66,0.00,35.00,19.41,4.54,0.00,0,0.00,58.95,42,작업자1
111,OUTBOUND,F,2144.12,2144.12,2144.12,2208.35,0.00,36.67,22.76,4.81,0.00,0,0.00,64.23,44,작업자2
112,INBOUND,G,2168.80,2168.80,2168.80,2227.20,0.00,31.67,21.02,5.70,0.00,0,0.00,58.40,38,작업자3
113,INBOUND,B,2189.75,2189.75,2189.75,2248.14,0.00,30.00,22.80,5.60,0.00,0,0.00,58.39,36,작업자1
114,INBOUND,F,2210.34,2210.34,2210.34,2272.14,0.00,37.50,19.35,4.95,0.00,0,0.00,61.80,45,작업자2
115,INBOUND,I,2232.04,2232.04,2232.04,2283.28,0.00,26.67,19.09,5.48,0.00,0,0.00,51.24,32,작업자3
116,OUTBOUND,G,2253.50,2253.50,2253.50,2288.31,0.00,15.00,16.14,3.68,0.00,0,0.00,34.81,18,작업자1
117,INBOUND,F,2272.12,2272.12,2272.12,2332.30,0.00,35.83,19.27,5.07,0.00,0,0.00,60.18,43,작업자4
118,OUTBOUND,D,2288.92,2288.92,2288.92,2339.32,0.00,26.67,19.65,4.08,0.00,0,0.00,50.40,32,작업자1
119,INBOUND,H,2313.40,2313.40,2313.40,2370.39,0.00,30.83,21.31,4.85,0.00,0,0.00,56.99,37,작업자2
120,INBOUND,C,2330.67,2330.67,2330.67,2382.41,0.00,23.33,23.25,5.15,0.00,0,0.00,51.74,28,작업자3
121,OUTBOUND,B,2346.44,2346.44,2346.44,2396.58,0.00,28.33,17.36,4.46,0.00,0,0.00,50.14,34,작업자1
122,INBOUND,J,2368.06,2368.06,2368.06,2431.30,0.00,35.00,22.60,5.64,0.00,0,0.00,63.24,42,작업자4
123,OUTBOUND,C,2389.03,2389.03,2389.03,2425.61,0.00,13.33,19.75,3.49,0.00,0,0.00,36.58,16,작업자2
124,INBOUND,J,2405.84,2405.84,2405.84,2466.56,0.00,36.67,19.17,4.88,0.00,0,0.00,60.72,44,작업자1
125,OUTBOUND,A,2428.05,2428.05,2428.05,2488.04,0.00,38.33,18.32,3.33,0.00,0,0.00,59.99,46,작업자2
126,INBOUND,D,2446.69,2446.69,2446.69,2490.56,0.00,20.00,18.65,5.22,0.00,0,0.00,43.87,24,작업자3
127,OUTBOUND,H,2467.80,2467.80,2467.80,2506.56,0.00,18.33,16.50,3.93,0.00,0,0.00,38.76,22,작업자1
128,OUTBOUND,E,2488.14,2488.14,2488.14,2541.24,0.00,33.33,16.07,3.69,0.00,0,0.00,53.10,40,작업자2
129,OUTBOUND,D,2512.18,2512.18,2512.18,2563.74,0.00,25.00,21.96,4.60,0.00,0,0.00,51.56,30,작업자1
130,OUTBOUND,J,2533.96,2533.96,2533.96,2578.85,0.00,25.00,15.82,4.07,0.00,0,0.00,44.89,30,작업자3
131,OUTBOUND,E,2553.58,2553.58,2553.58,2619.42,0.00,38.33,23.00,4.51,0.00,0,0.00,65.84,46,작업자2
132,OUTBOUND,G,2573.61,2573.61,2573.61,2623.42,0.00,23.33,23.02,3.46,0.00,0,0.00,49.81,28,작업자1
133,OUTBOUND,J,2596.78,2596.78,2596.78,2647.71,0.00,31.67,14.96,4.31,0.00,0,0.00,50.93,38,작업자3
134,INBOUND,A,2620.51,2620.51,2620.51,2681.98,0.00,35.00,21.35,5.12,0.00,0,0.00,61.47,42,작업자2
135,OUTBOUND,I,2644.25,2644.25,2644.25,2688.30,0.00,21.67,19.07,3.31,0.00,0,0.00,44.05,26,작업자1
136,OUTBOUND,I,2666.36,2666.36,2666.36,2714.97,0.00,23.33,22.13,3.15,0.00,0,0.00,48.61,28,작업자3
137,INBOUND,C,2684.21,2684.21,2684.21,2735.99,0.00,25.83,21.29,4.66,0.00,0,0.00,51.78,31,작업자2
138,INBOUND,I,2703.71,2703.71,2703.71,2759.16,0.00,30.00,20.06,5.39,0.00,0,0.00,55.45,36,작업자1
139,INBOUND,B,2727.02,2727.02,2727.02,2783.77,0.00,30.00,22.47,4.28,0.00,0,0.00,56.75,36,작업자3
140,OUTBOUND,F,2750.18,2750.18,2750.18,2806.43,0.00,32.50,20.03,3.72,0.00,0,0.00,56.25,39,작업자2
141,OUTBOUND,G,2769.33,2769.33,2769.33,2813.91,0.00,21.67,19.20,3.71,0.00,0,0.00,44.58,26,작업자1
142,OUTBOUND,B,2786.69,2786.69,2786.69,2828.40,0.00,15.00,21.88,4.83,0.00,0,0.00,41.71,18,작업자3
143,OUTBOUND,F,2803.93,2803.93,2803.93,2869.40,0.00,39.17,22.42,3.88,0.00,0,0.00,65.47,47,작업자4
144,INBOUND,F,2827.33,2827.33,2827.33,2891.97,0.00,36.67,22.56,5.42,0.00,0,0.00,64.64,44,작업자1
145,OUTBOUND,E,2843.70,2843.70,2843.70,2903.10,0.00,35.00,19.99,4.42,0.00,0,0.00,59.40,42,작업자2
146,INBOUND,C,2863.43,2863.43,2863.43,2915.91,0.00,28.33,19.57,4.58,0.00,0,0.00,52.48,34,작업자3
147,INBOUND,J,2883.12,2883.12,2883.12,2943.59,0.00,35.00,19.79,5.69,0.00,0,0.00,60.47,42,작업자4
148,INBOUND,A,2907.18,2907.18,2907.18,2966.36,0.00,36.67,17.73,4.78,0.00,0,0.00,59.18,44,작업자1
149,INBOUND,C,2924.33,2924.33,2924.33,2979.84,0.00,28.33,22.70,4.48,0.00,0,0.00,55.51,34,작업자2
150,OUTBOUND,J,2948.74,2948.74,2948.74,3000.95,0.00,28.33,19.07,4.81,0.00,0,0.00,52.21,34,작업자3
151,OUTBOUND,E,2967.97,2967.97,2967.97,3027.24,0.00,36.67,18.14,4.46,0.00,0,0.00,59.27,44,작업자1
152,OUTBOUND,A,2985.98,2985.98,2985.98,3042.06,0.00,30.00,21.55,4.53,0.00,0,0.00,56.08,36,작업자2
153,INBOUND,J,3005.18,3005.18,3005.18,3065.52,0.00,37.50,18.58,4.27,0.00,0,0.00,60.34,45,작업자3
154,OUTBOUND,H,3020.81,3020.81,3020.81,3065.18,0.00,20.00,20.50,3.87,0.00,0,0.00,44.37,24,작업자4
155,OUTBOUND,J,3042.13,3042.13,3042.13,3102.29,0.00,35.00,21.58,3.59,0.00,0,0.00,60.16,42,작업자1
156,INBOUND,E,3064.31,3064.31,3064.31,3119.52,0.00,35.00,15.66,4.55,0.00,0,0.00,55.21,42,작업자2
157,INBOUND,F,3079.33,3079.33,3079.33,3140.87,0.00,38.33,18.14,5.06,0.00,0,0.00,61.54,46,작업자3
158,INBOUND,C,3100.03,3100.03,3100.03,3155.59,0.00,28.33,22.25,4.97,0.00,0,0.00,55.56,34,작업자4
159,OUTBOUND,I,3121.72,3121.72,3121.72,3165.14,0.00,23.33,16.58,3.51,0.00,0,0.00,43.42,28,작업자1
160,OUTBOUND,I,3137.39,3137.39,3137.39,3176.04,0.00,18.33,16.72,3.59,0.00,0,0.00,38.65,22,작업자2
161,OUTBOUND,H,3156.30,3156.30,3156.30,3204.06,0.00,20.83,23.60,3.33,0.00,0,0.00,47.76,25,작업자3
162,INBOUND,F,3177.65,3177.65,3177.65,3241.52,0.00,36.67,21.54,5.66,0.00,0,0.00,63.87,44,작업자1
163,OUTBOUND,F,3200.13,3200.13,3200.13,3255.35,0.00,33.33,18.69,3.19,0.00,0,0.00,55.22,40,작업자2
164,INBOUND,D,3215.80,3215.80,3215.80,3271.90,0.00,30.00,20.30,5.79,0.00,0,0.00,56.10,36,작업자3
165,OUTBOUND,B,3237.37,3237.37,3237.37,3272.23,0.00,15.00,16.49,3.37,0.00,0,0.00,34.86,18,작업자4
166,OUTBOUND,F,3258.19,3258.19,3258.19,3301.11,0.00,18.33,21.27,3.31,0.00,0,0.00,42.92,22,작업자1
167,INBOUND,I,3273.64,3273.64,3273.64,3330.33,0.00,31.67,19.55,5.48,0.00,0,0.00,56.69,38,작업자2
168,OUTBOUND,C,3296.77,3296.77,3296.77,3336.23,0.00,15.00,19.82,4.65,0.00,0,0.00,39.46,18,작업자3
169,INBOUND,H,3316.42,3316.42,3316.42,3372.74,0.00,30.00,20.44,5.88,0.00,0,0.00,56.32,36,작업자1
170,INBOUND,C,3333.24,3333.24,3333.24,3381.57,0.00,24.17,18.73,5.43,0.00,0,0.00,48.33,29,작업자2
171,OUTBOUND,H,3355.40,3355.40,3355.40,3397.59,0.00,20.00,18.96,3.24,0.00,0,0.00,42.19,24,작업자3
172,INBOUND,A,3373.33,3373.33,3373.33,3424.65,0.00,28.33,18.88,4.10,0.00,0,0.00,51.32,34,작업자1
173,INBOUND,F,3397.19,3397.19,3397.19,3450.99,0.00,28.33,20.95,4.52,0.00,0,0.00,53.80,34,작업자2
174,INBOUND,I,3417.35,3417.35,3417.35,3477.24,0.00,31.67,22.89,5.34,0.00,0,0.00,59.89,38,작업자3
175,OUTBOUND,D,3434.88,3434.88,3434.88,3486.00,0.00,25.00,22.04,4.08,0.00,0,0.00,51.12,30,작업자1
176,OUTBOUND,A,3453.45,3453.45,3453.45,3500.60,0.00,20.83,23.09,3.23,0.00,0,0.00,47.15,25,작업자2
177,OUTBOUND,B,3471.77,3471.77,3471.77,3524.06,0.00,30.00,18.17,4.12,0.00,0,0.00,52.29,36,작업자4
178,INBOUND,G,3490.45,3490.45,3490.45,3549.04,0.00,33.33,20.64,4.62,0.00,0,0.00,58.59,40,작업자1
179,OUTBOUND,G,3509.85,3509.85,3509.85,3560.73,0.00,25.00,22.64,3.24,0.00,0,0.00,50.88,30,작업자2
180,OUTBOUND,H,3534.58,3534.58,3534.58,3569.63,0.00,15.00,16.50,3.55,0.00,0,0.00,35.05,18,작업자3
181,INBOUND,I,3554.56,3554.56,3554.56,3608.34,0.00,26.67,22.84,4.26,0.00,0,0.00,53.78,32,작업자1
182,INBOUND,G,3577.57,3577.57,3577.57,3635.68,0.00,31.67,20.63,5.81,0.00,0,0.00,58.11,38,작업자2
183,INBOUND,C,3596.88,3596.88,3596.88,3650.98,0.00,28.33,21.59,4.17,0.00,0,0.00,54.10,34,작업자3
184,INBOUND,B,3614.81,3614.81,3614.81,3663.17,0.00,22.50,20.11,5.75,0.00,0,0.00,48.36,27,작업자1
185,INBOUND,E,3633.09,3633.09,3633.09,3691.23,0.00,35.83,17.32,4.99,0.00,0,0.00,58.14,43,작업자4
186,INBOUND,G,3652.55,3652.55,3652.55,3706.25,0.00,26.67,21.72,5.31,0.00,0,0.00,53.70,32,작업자2
187,OUTBOUND,F,3674.45,3674.45,3674.45,3722.05,0.00,22.50,21.01,4.09,0.00,0,0.00,47.60,27,작업자1
188,OUTBOUND,F,3689.87,3689.87,3689.87,3741.69,0.00,28.33,18.64,4.85,0.00,0,0.00,51.82,34,작업자3
189,OUTBOUND,E,3714.85,3714.85,3714.85,3775.07,0.00,35.00,20.93,4.28,0.00,0,0.00,60.22,42,작업자2
190,INBOUND,A,3739.65,3739.65,3739.65,3796.87,0.00,34.17,17.97,5.08,0.00,0,0.00,57.22,41,작업자1
191,INBOUND,G,3761.37,3761.37,3761.37,3817.88,0.00,31.67,19.38,5.46,0.00,0,0.00,56.51,38,작업자3
192,INBOUND,C,3781.50,3781.50,3781.50,3837.21,0.00,28.33,22.29,5.09,0.00,0,0.00,55.71,34,작업자2
193,INBOUND,J,3797.93,3797.93,3797.93,3854.93,0.00,32.50,20.18,4.32,0.00,0,0.00,57.00,39,작업자1
194,INBOUND,A,3820.74,3820.74,3820.74,3872.16,0.00,29.17,17.87,4.39,0.00,0,0.00,51.42,35,작업자3
195,INBOUND,F,3836.41,3836.41,3836.41,3896.12,0.00,35.00,18.83,5.89,0.00,0,0.00,59.71,42,작업자4
196,OUTBOUND,J,3855.24,3855.24,3855.24,3896.89,0.00,15.00,22.64,4.02,0.00,0,0.00,41.65,18,작업자1
197,OUTBOUND,H,3876.29,3876.29,3876.29,3914.25,0.00,13.33,21.09,3.54,0.00,0,0.00,37.96,16,작업자2
198,INBOUND,B,3895.01,3895.01,3895.01,3948.57,0.00,27.50,20.97,5.09,0.00,0,0.00,53.56,33,작업자3
199,INBOUND,F,3911.39,3911.39,3911.39,3977.57,0.00,38.33,22.16,5.68,0.00,0,0.00,66.18,46,작업자1
200,INBOUND,E,3929.53,3929.53,3929.53,3992.63,0.00,35.00,23.25,4.85,0.00,0,0.00,63.10,42,작업자2
201,OUTBOUND,D,3936.37,3936.37,3936.37,3987.12,0.00,27.50,18.35,4.90,0.00,0,0.00,50.75,33,작업자4
202,INBOUND,A,3941.44,3948.57,3948.57,4000.02,7.13,28.33,18.13,4.98,0.00,0,0.00,58.58,34,작업자3
203,INBOUND,B,3947.54,3977.57,3977.57,4033.25,30.03,31.67,18.93,5.09,0.00,0,0.00,85.71,38,작업자1
204,INBOUND,F,3951.69,3987.12,3987.12,4047.44,35.43,36.67,19.21,4.44,0.00,0,0.00,95.75,44,작업자4
205,OUTBOUND,F,3955.18,3992.63,3992.63,4059.68,37.45,41.67,21.02,4.37,0.00,0,0.00,104.50,50,작업자2
206,INBOUND,C,3961.77,4000.02,4000.02,4054.32,38.25,26.67,22.07,5.56,0.00,0,0.00,92.55,32,작업자3
207,OUTBOUND,J,3968.64,4033.25,4033.25,4088.74,64.61,30.00,21.48,4.00,0.00,0,0.00,120.10,36,작업자1
208,INBOUND,H,3974.48,4047.44,4047.44,4105.31,72.96,30.83,21.87,5.16,0.00,0,0.00,130.83,37,작업자4
209,OUTBOUND,J,3980.89,4054.32,4054.32,4103.85,73.43,25.00,20.69,3.84,0.00,0,0.00,122.96,30,작업자3
210,INBOUND,D,3984.58,4059.68,4059.68,4116.65,75.10,30.00,21.69,5.28,0.00,0,0.00,132.07,36,작업자2
211,OUTBOUND,B,3991.52,4088.74,4088.74,4140.10,97.22,26.67,20.06,4.63,0.00,0,0.00,148.58,32,작업자1
212,OUTBOUND,H,3994.63,4103.85,4103.85,4150.35,109.22,20.00,22.83,3.67,0.00,0,0.00,155.72,24,작업자3
213,OUTBOUND,C,4000.84,4105.31,4105.31,4145.85,104.47,14.17,23.21,3.16,0.00,0,0.00,145.01,17,작업자4
214,INBOUND,J,4005.08,4116.65,4116.65,4175.51,111.57,30.00,24.64,4.22,0.00,0,0.00,170.43,36,작업자2
215,OUTBOUND,G,4010.18,4140.10,4140.10,4187.75,129.92,23.33,20.08,4.24,0.00,0,0.00,177.57,28,작업자1
216,OUTBOUND,C,4013.68,4145.85,4145.85,4196.55,132.17,23.33,22.65,4.73,0.00,0,0.00,182.87,28,작업자4
217,OUTBOUND,D,4018.55,4150.35,4150.35,4200.00,131.80,28.33,17.54,3.77,0.00,0,0.00,181.45,34,작업자3
218,OUTBOUND,D,4024.11,4175.51,4175.51,4218.20,151.40,20.00,18.16,4.53,0.00,0,0.00,194.09,24,작업자2
219,OUTBOUND,A,4029.12,4187.75,4187.75,4249.84,158.63,40.00,17.87,4.22,0.00,0,0.00,220.72,48,작업자1
220,INBOUND,H,4032.73,4196.55,4196.55,4251.02,163.82,30.00,19.93,4.53,0.00,0,0.00,218.29,36,작업자4
221,INBOUND,G,4036.63,4200.00,4200.00,4257.51,163.37,33.33,19.62,4.56,0.00,0,0.00,220.88,40,작업자3
222,INBOUND,H,4043.02,4218.20,4218.20,4273.08,175.18,30.00,19.16,5.72,0.00,0,0.00,230.06,36,작업자2
223,INBOUND,A,4048.52,4249.84,4249.84,4311.45,201.32,36.67,20.23,4.72,0.00,0,0.00,262.93,44,작업자1
224,INBOUND,D,4053.88,4251.02,4251.02,4299.18,197.14,24.17,19.44,4.55,0.00,0,0.00,245.30,29,작업자4
225,OUTBOUND,E,4059.38,4257.51,4257.51,4319.31,198.13,38.33,19.33,4.13,0.00,0,0.00,259.93,46,작업자3
226,INBOUND,C,4066.08,4273.08,4273.08,4322.40,207.00,21.67,21.77,5.89,0.00,0,0.00,256.32,26,작업자2
227,OUTBOUND,G,4069.26,4299.18,4299.18,4347.19,229.92,24.17,19.40,4.44,0.00,0,0.00,277.93,29,작업자4
228,INBOUND,F,4074.86,4311.45,4311.45,4376.71,236.59,38.33,22.73,4.19,0.00,0,0.00,301.85,46,작업자1
229,OUTBOUND,H,4080.42,4319.31,4319.31,4362.98,238.89,20.00,19.93,3.73,0.00,0,0.00,282.56,24,작업자3
230,OUTBOUND,I,4087.25,4322.40,4322.40,4368.52,235.15,20.00,21.72,4.40,0.00,0,0.00,281.27,24,작업자2
231,INBOUND,B,4092.06,4347.19,4347.19,4407.96,255.13,31.67,23.82,5.29,0.00,0,0.00,315.90,38,작업자4
232,OUTBOUND,H,4096.72,4362.98,4362.98,4408.92,266.26,21.67,20.13,4.14,0.00,0,0.00,312.20,26,작업자3
233,OUTBOUND,E,4100.30,4368.52,4368.52,4425.84,268.22,33.33,19.55,4.45,0.00,0,0.00,325.54,40,작업자2
234,INBOUND,I,4107.25,4376.71,4376.71,4437.13,269.46,34.17,21.84,4.42,0.00,0,0.00,329.88,41,작업자1
235,OUTBOUND,C,4113.29,4407.96,4407.96,4450.61,294.67,16.67,22.42,3.56,0.00,0,0.00,337.32,20,작업자4
236,INBOUND,I,4117.26,4408.92,4408.92,4468.51,291.66,31.67,22.34,5.58,0.00,0,0.00,351.25,38,작업자3
237,OUTBOUND,I,4120.82,4425.84,4425.84,4473.46,305.02,25.00,19.27,3.35,0.00,0,0.00,352.64,30,작업자2
238,OUTBOUND,B,4124.81,4437.13,4437.13,4492.38,312.32,25.83,24.55,4.86,0.00,0,0.00,367.57,31,작업자1
239,OUTBOUND,B,4131.55,4450.61,4450.61,4508.45,319.06,30.00,23.31,4.52,0.00,0,0.00,376.90,36,작업자4
240,INBOUND,F,4135.19,4468.51,4468.51,4526.15,333.32,32.50,21.01,4.13,0.00,0,0.00,390.96,39,작업자3
241,OUTBOUND,C,4141.70,4473.46,4473.46,4522.18,331.76,21.67,22.25,4.79,0.00,0,0.00,380.48,26,작업자2
242,OUTBOUND,B,4146.73,4492.38,4492.38,4542.50,345.65,30.00,15.43,4.69,0.00,0,0.00,395.77,36,작업자1
243,OUTBOUND,I,4151.14,4508.45,4508.45,4555.77,357.31,23.33,20.78,3.21,0.00,0,0.00,404.63,28,작업자4
244,OUTBOUND,C,4155.28,4522.18,4522.18,4573.59,366.90,25.00,22.58,3.83,0.00,0,0.00,418.31,30,작업자2
245,INBOUND,H,4158.82,4526.15,4526.15,4582.04,367.33,30.83,20.71,4.35,0.00,0,0.00,423.22,37,작업자3
246,INBOUND,D,4163.28,4542.50,4542.50,4597.40,379.22,30.83,19.79,4.27,0.00,0,0.00,434.12,37,작업자1
247,INBOUND,I,4168.49,4555.77,4555.77,4614.33,387.28,31.67,21.58,5.31,0.00,0,0.00,445.84,38,작업자4
248,INBOUND,J,4172.61,4573.59,4573.59,4632.00,400.98,36.67,16.30,5.44,0.00,0,0.00,459.39,44,작업자2
249,INBOUND,F,4176.09,4582.04,4582.04,4636.13,405.95,30.83,18.28,4.98,0.00,0,0.00,460.04,37,작업자3
250,INBOUND,H,4182.27,4597.40,4597.40,4649.65,415.13,24.17,23.31,4.77,0.00,0,0.00,467.38,29,작업자1
251,INBOUND,C,4186.06,4614.33,4614.33,4666.33,428.27,24.17,23.56,4.28,0.00,0,0.00,480.27,29,작업자4
252,INBOUND,F,4189.22,4632.00,4632.00,4689.91,442.78,36.67,16.50,4.75,0.00,0,0.00,500.69,44,작업자2
253,INBOUND,G,4194.05,4636.13,4636.13,4697.13,442.08,34.17,21.20,5.63,0.00,0,0.00,503.08,41,작업자3
254,INBOUND,B,4198.36,4649.65,4649.65,4696.04,451.29,23.33,17.89,5.17,0.00,0,0.00,497.68,28,작업자1
255,INBOUND,E,4205.32,4666.33,4666.33,4718.65,461.01,27.50,20.49,4.33,0.00,0,0.00,513.33,33,작업자4
256,OUTBOUND,G,4209.67,4689.91,4689.91,4728.76,480.24,16.67,18.50,3.69,0.00,0,0.00,519.09,20,작업자2
257,INBOUND,C,4215.50,4696.04,4696.04,4743.93,480.54,21.67,21.86,4.37,0.00,0,0.00,528.43,26,작업자1
258,OUTBOUND,I,4219.83,4697.13,4697.13,4738.22,477.30,21.67,16.01,3.41,0.00,0,0.00,518.39,26,작업자3
259,OUTBOUND,J,4226.01,4718.65,4718.65,4759.59,492.64,18.33,18.09,4.52,0.00,0,0.00,533.58,22,작업자4
260,INBOUND,D,4229.12,4728.76,4728.76,4779.10,499.64,30.00,15.81,4.53,0.00,0,0.00,549.98,36,작업자2
261,OUTBOUND,I,4232.32,4738.22,4738.22,4789.44,505.90,25.00,22.27,3.96,0.00,0,0.00,557.12,30,작업자3
262,OUTBOUND,C,4238.61,4743.93,4743.93,4780.14,505.32,11.67,20.53,4.01,0.00,0,0.00,541.53,14,작업자1
263,OUTBOUND,D,4241.69,4759.59,4759.59,4813.07,517.90,26.67,22.15,4.66,0.00,0,0.00,571.38,32,작업자4
264,INBOUND,I,4247.45,4779.10,4779.10,4826.10,531.65,23.33,18.63,5.04,0.00,0,0.00,578.65,28,작업자2
265,INBOUND,G,4253.36,4780.14,4780.14,4838.64,526.78,33.33,20.20,4.96,0.00,0,0.00,585.28,40,작업자1
266,OUTBOUND,F,4258.60,4789.44,4789.44,4845.22,530.84,31.67,19.92,4.19,0.00,0,0.00,586.62,38,작업자3
267,INBOUND,F,4263.11,4813.07,4813.07,4873.97,549.96,36.67,20.01,4.22,0.00,0,0.00,610.86,44,작업자4
268,OUTBOUND,H,4267.48,4826.10,4826.10,4865.55,558.62,15.00,20.53,3.92,0.00,0,0.00,598.07,18,작업자2
269,OUTBOUND,E,4272.42,4838.64,4838.64,4899.98,566.22,36.67,20.04,4.64,0.00,0,0.00,627.56,44,작업자1
270,OUTBOUND,E,4276.61,4845.22,4845.22,4904.42,568.61,33.33,22.37,3.49,0.00,0,0.00,627.81,40,작업자3
271,INBOUND,F,4282.43,4865.55,4865.55,4925.55,583.12,36.67,18.42,4.91,0.00,0,0.00,643.12,44,작업자2
272,INBOUND,H,4287.35,4873.97,4873.97,4927.54,586.62,29.17,19.56,4.85,0.00,0,0.00,640.19,35,작업자4
273,INBOUND,F,4290.84,4899.98,4899.98,4960.72,609.14,38.33,17.63,4.77,0.00,0,0.00,669.88,46,작업자1
274,INBOUND,B,4297.11,4904.42,4904.42,4960.68,607.31,31.67,19.00,5.60,0.00,0,0.00,663.57,38,작업자3
275,INBOUND,A,4300.28,4925.55,4925.55,4986.08,625.27,34.17,20.80,5.56,0.00,0,0.00,685.80,41,작업자2
276,INBOUND,J,4306.97,4927.54,4927.54,4980.82,620.57,29.17,19.42,4.69,0.00,0,0.00,673.85,35,작업자4
277,OUTBOUND,E,4310.83,4960.68,4960.68,5020.46,649.85,31.67,23.27,4.84,0.00,0,0.00,709.63,38,작업자3
278,INBOUND,G,4314.38,4960.72,4960.72,5018.96,646.34,35.00,18.07,5.18,0.00,0,0.00,704.58,42,작업자1
279,INBOUND,G,4318.35,4980.82,4980.82,5037.84,662.47,31.67,20.07,5.28,0.00,0,0.00,719.49,38,작업자4
280,INBOUND,I,4323.90,4986.08,4986.08,5041.19,662.18,27.50,22.85,4.76,0.00,0,0.00,717.29,33,작업자2
281,INBOUND,D,4329.77,5018.96,5018.96,5073.48,689.19,25.83,23.06,5.62,0.00,0,0.00,743.71,31,작업자1
282,OUTBOUND,B,4336.63,5020.46,5020.46,5074.11,683.83,28.33,20.72,4.59,0.00,0,0.00,737.48,34,작업자3
283,INBOUND,F,4342.24,5037.84,5037.84,5094.26,695.60,33.33,18.50,4.58,0.00,0,0.00,752.02,40,작업자4
284,INBOUND,E,4347.84,5041.19,5041.19,5095.09,693.35,29.17,20.03,4.71,0.00,0,0.00,747.25,35,작업자2
285,INBOUND,C,4351.98,5073.48,5073.48,5115.64,721.50,20.83,16.51,4.82,0.00,0,0.00,763.66,25,작업자1
286,OUTBOUND,C,4357.28,5074.11,5074.11,5121.54,716.83,23.33,20.38,3.71,0.00,0,0.00,764.26,28,작업자3
287,INBOUND,A,4361.95,5094.26,5094.26,5158.42,732.31,37.50,21.90,4.77,0.00,0,0.00,796.47,45,작업자4
288,INBOUND,H,4368.10,5095.09,5095.09,5146.85,726.99,29.17,18.34,4.25,0.00,0,0.00,778.75,35,작업자2
289,OUTBOUND,C,4371.14,5115.64,5115.64,5153.79,744.50,13.33,20.85,3.97,0.00,0,0.00,782.65,16,작업자1
290,OUTBOUND,G,4375.28,5121.54,5121.54,5167.91,746.26,23.33,19.74,3.30,0.00,0,0.00,792.63,28,작업자3
291,OUTBOUND,G,4380.25,5146.85,5146.85,5188.63,766.60,18.33,19.46,3.98,0.00,0,0.00,808.38,22,작업자2
292,INBOUND,E,4384.35,5153.79,5153.79,5213.85,769.44,35.83,18.92,5.30,0.00,0,0.00,829.50,43,작업자1
293,OUTBOUND,J,4390.27,5158.42,5158.42,5216.52,768.15,39.17,15.58,3.35,0.00,0,0.00,826.25,47,작업자4
294,OUTBOUND,H,4393.33,5167.91,5167.91,5208.90,774.58,20.00,16.54,4.44,0.00,0,0.00,815.57,24,작업자3
295,INBOUND,F,4397.03,5188.63,5188.63,5251.63,791.60,38.33,20.25,4.42,0.00,0,0.00,854.60,46,작업자2
296,OUTBOUND,C,4402.09,5208.90,5208.90,5260.19,806.81,25.00,21.63,4.65,0.00,0,0.00,858.10,30,작업자3
297,INBOUND,D,4409.02,5213.85,5213.85,5267.52,804.83,27.50,21.99,4.18,0.00,0,0.00,858.50,33,작업자1
298,INBOUND,H,4413.06,5216.52,5216.52,5271.18,803.46,29.17,20.35,5.14,0.00,0,0.00,858.12,35,작업자4
299,INBOUND,A,4417.27,5251.63,5251.63,5312.45,834.36,36.67,19.84,4.31,0.00,0,0.00,895.18,44,작업자2
300,OUTBOUND,A,4422.88,5260.19,5260.19,5326.41,837.31,40.00,22.96,3.26,0.00,0,0.00,903.53,48,작업자3
301,INBOUND,I,4426.35,5267.52,5267.52,5316.94,841.17,24.17,19.64,5.62,0.00,0,0.00,890.59,29,작업자1
302,OUTBOUND,J,4431.36,5271.18,5271.18,5320.70,839.82,27.50,18.32,3.70,0.00,0,0.00,889.34,33,작업자4
303,INBOUND,H,4435.61,5312.45,5312.45,5364.12,876.84,28.33,18.93,4.40,0.00,0,0.00,928.51,34,작업자2
304,INBOUND,D,4441.07,5316.94,5316.94,5368.98,875.87,24.17,22.14,5.73,0.00,0,0.00,927.91,29,작업자1
305,INBOUND,G,4444.68,5320.70,5320.70,5374.27,876.02,31.67,16.33,5.57,0.00,0,0.00,929.59,38,작업자4
306,OUTBOUND,I,4449.34,5326.41,5326.41,5375.02,877.07,23.33,21.86,3.42,0.00,0,0.00,925.68,28,작업자3
307,INBOUND,B,4455.55,5364.12,5364.12,5414.41,908.57,22.50,22.30,5.49,0.00,0,0.00,958.86,27,작업자2
308,OUTBOUND,A,4461.57,5368.98,5368.98,5424.39,907.41,30.00,21.16,4.24,0.00,0,0.00,962.82,36,작업자1
309,INBOUND,A,4466.36,5374.27,5374.27,5429.71,907.91,30.83,19.38,5.22,0.00,0,0.00,963.35,37,작업자4
310,INBOUND,D,4469.60,5375.02,5375.02,5426.29,905.42,29.17,17.88,4.22,0.00,0,0.00,956.69,35,작업자3
311,OUTBOUND,I,4474.75,5414.41,5414.41,5457.62,939.66,22.50,16.79,3.91,0.00,0,0.00,982.87,27,작업자2
312,OUTBOUND,F,4480.47,5424.39,5424.39,5479.44,943.92,33.33,17.07,4.66,0.00,0,0.00,998.97,40,작업자1
313,OUTBOUND,C,4487.07,5426.29,5426.29,5466.89,939.22,14.17,22.50,3.93,0.00,0,0.00,979.82,17,작업자3
314,OUTBOUND,C,4490.60,5429.71,5429.71,5478.51,939.11,22.50,22.39,3.91,0.00,0,0.00,987.91,27,작업자4
315,INBOUND,J,4495.44,5457.62,5457.62,5517.95,962.18,35.00,19.77,5.56,0.00,0,0.00,1022.51,42,작업자2
316,OUTBOUND,J,4500.03,5466.89,5466.89,5517.01,966.86,30.00,15.40,4.72,0.00,0,0.00,1016.98,36,작업자3
317,OUTBOUND,H,4505.34,5478.51,5478.51,5521.63,973.17,20.00,19.72,3.41,0.00,0,0.00,1016.29,24,작업자4
318,OUTBOUND,C,4510.51,5479.44,5479.44,5524.93,968.93,23.33,18.12,4.04,0.00,0,0.00,1014.42,28,작업자1
319,INBOUND,D,4513.63,5517.01,5517.01,5568.15,1003.38,28.33,18.42,4.39,0.00,0,0.00,1054.52,34,작업자3
320,INBOUND,F,4520.55,5517.95,5517.95,5581.37,997.40,36.67,22.05,4.71,0.00,0,0.00,1060.82,44,작업자2
321,INBOUND,I,4527.52,5521.63,5521.63,5574.71,994.11,30.83,18.02,4.22,0.00,0,0.00,1047.19,37,작업자4
322,OUTBOUND,G,4530.84,5524.93,5524.93,5574.30,994.09,21.67,23.03,4.67,0.00,0,0.00,1043.46,26,작업자1
323,OUTBOUND,D,4536.45,5568.15,5568.15,5601.72,1031.70,11.67,18.17,3.73,0.00,0,0.00,1065.27,14,작업자3
324,INBOUND,B,4541.57,5574.30,5574.30,5631.82,1032.73,30.83,20.84,5.84,0.00,0,0.00,1090.25,37,작업자1
325,OUTBOUND,F,4547.59,5574.71,5574.71,5630.09,1027.12,29.17,21.69,4.52,0.00,0,0.00,1082.50,35,작업자4
326,INBOUND,D,4552.29,5581.37,5581.37,5641.53,1029.08,31.67,22.93,5.56,0.00,0,0.00,1089.24,38,작업자2
327,OUTBOUND,D,4557.13,5601.72,5601.72,5653.88,1044.59,26.67,21.63,3.86,0.00,0,0.00,1096.75,32,작업자3
328,INBOUND,G,4560.26,5630.09,5630.09,5685.09,1069.83,33.33,16.91,4.75,0.00,0,0.00,1124.83,40,작업자4
329,OUTBOUND,C,4564.22,5631.82,5631.82,5672.83,1067.60,15.83,21.82,3.35,0.00,0,0.00,1108.61,19,작업자1
330,INBOUND,A,4569.62,5641.53,5641.53,5696.40,1071.91,29.17,21.46,4.24,0.00,0,0.00,1126.78,35,작업자2
331,INBOUND,D,4575.58,5653.88,5653.88,5707.43,1078.30,29.17,18.78,5.60,0.00,0,0.00,1131.85,35,작업자3
332,INBOUND,A,4579.45,5672.83,5672.83,5729.80,1093.38,35.00,16.50,5.48,0.00,0,0.00,1150.35,42,작업자1
333,OUTBOUND,H,4584.46,5685.09,5685.09,5728.88,1100.63,16.67,23.73,3.40,0.00,0,0.00,1144.42,20,작업자4
334,INBOUND,J,4588.41,5696.40,5696.40,5754.14,1107.99,34.17,18.69,4.89,0.00,0,0.00,1165.73,41,작업자2
335,OUTBOUND,C,4592.29,5707.43,5707.43,5746.94,1115.14,15.83,19.77,3.91,0.00,0,0.00,1154.65,19,작업자3
336,OUTBOUND,I,4597.80,5728.88,5728.88,5775.05,1131.08,21.67,20.56,3.94,0.00,0,0.00,1177.25,26,작업자4
337,INBOUND,J,4604.69,5729.80,5729.80,5795.09,1125.11,35.83,23.85,5.60,0.00,0,0.00,1190.40,43,작업자1
338,OUTBOUND,I,4610.83,5746.94,5746.94,5789.75,1136.11,20.00,18.76,4.05,0.00,0,0.00,1178.92,24,작업자3
339,INBOUND,I,4614.43,5754.14,5754.14,5809.66,1139.71,30.00,19.68,5.84,0.00,0,0.00,1195.23,36,작업자2
340,INBOUND,D,4620.82,5775.05,5775.05,5831.47,1154.23,30.00,21.87,4.55,0.00,0,0.00,1210.65,36,작업자4
341,INBOUND,I,4627.48,5789.75,5789.75,5845.67,1162.27,30.83,20.80,4.28,0.00,0,0.00,1218.19,37,작업자3
342,INBOUND,H,4632.60,5795.09,5795.09,5849.82,1162.49,30.83,18.42,5.47,0.00,0,0.00,1217.22,37,작업자1
343,INBOUND,I,4636.92,5809.66,5809.66,5861.43,1172.74,26.67,20.21,4.89,0.00,0,0.00,1224.51,32,작업자2
344,INBOUND,B,4640.29,5831.47,5831.47,5875.95,1191.18,22.50,17.25,4.73,0.00,0,0.00,1235.66,27,작업자4
345,OUTBOUND,G,4644.37,5845.67,5845.67,5892.51,1201.30,24.17,19.52,3.15,0.00,0,0.00,1248.14,29,작업자3
346,OUTBOUND,D,4650.86,5849.82,5849.82,5896.73,1198.96,18.33,24.05,4.52,0.00,0,0.00,1245.87,22,작업자1
347,INBOUND,E,4654.70,5861.43,5861.43,5917.30,1206.73,30.00,21.53,4.35,0.00,0,0.00,1262.60,36,작업자2
348,INBOUND,C,4658.55,5875.95,5875.95,5917.80,1217.40,20.00,17.49,4.35,0.00,0,0.00,1259.25,24,작업자4
349,OUTBOUND,D,4665.54,5892.51,5892.51,5942.68,1226.97,28.33,17.75,4.09,0.00,0,0.00,1277.14,34,작업자3
350,OUTBOUND,H,4670.13,5896.73,5896.73,5940.62,1226.60,20.00,20.28,3.62,0.00,0,0.00,1270.49,24,작업자1
351,OUTBOUND,H,4674.65,5917.30,5917.30,5962.37,1242.65,23.33,17.21,4.53,0.00,0,0.00,1287.72,28,작업자2
352,OUTBOUND,I,4678.70,5917.80,5917.80,5957.59,1239.10,15.83,19.79,4.17,0.00,0,0.00,1278.89,19,작업자4
353,OUTBOUND,F,4682.09,5940.62,5940.62,5993.69,1258.53,33.33,16.37,3.36,0.00,0,0.00,1311.60,40,작업자1
354,INBOUND,I,4688.75,5942.68,5942.68,5998.28,1253.93,31.67,19.07,4.87,0.00,0,0.00,1309.53,38,작업자3
355,INBOUND,D,4694.00,5957.59,5957.59,6008.81,1263.59,28.33,17.59,5.30,0.00,0,0.00,1314.81,34,작업자4
356,INBOUND,G,4698.04,5962.37,5962.37,6022.57,1264.33,33.33,21.81,5.05,0.00,0,0.00,1324.53,40,작업자2
357,OUTBOUND,H,4702.71,5993.69,5993.69,6038.21,1290.98,20.00,19.66,4.87,0.00,0,0.00,1335.50,24,작업자1
358,OUTBOUND,F,4707.23,5998.28,5998.28,6054.94,1291.05,35.00,17.94,3.72,0.00,0,0.00,1347.71,42,작업자3
359,INBOUND,E,4712.85,6008.81,6008.81,6062.67,1295.96,25.83,22.61,5.42,0.00,0,0.00,1349.82,31,작업자4
360,OUTBOUND,F,4719.72,6022.57,6022.57,6064.90,1302.85,20.00,17.77,4.56,0.00,0,0.00,1345.18,24,작업자2
361,OUTBOUND,B,4723.39,6038.21,6038.21,6091.35,1314.82,30.00,18.78,4.35,0.00,0,0.00,1367.96,36,작업자1
362,INBOUND,C,4729.27,6054.94,6054.94,6110.63,1325.67,29.17,21.28,5.24,0.00,0,0.00,1381.36,35,작업자3
363,INBOUND,J,4732.41,6062.67,6062.67,6117.97,1330.26,34.17,16.21,4.92,0.00,0,0.00,1385.56,41,작업자4
364,INBOUND,D,4738.46,6064.90,6064.90,6123.35,1326.44,30.00,24.28,4.18,0.00,0,0.00,1384.89,36,작업자2
365,INBOUND,I,4744.29,6091.35,6091.35,6144.59,1347.06,30.00,18.17,5.08,0.00,0,0.00,1400.30,36,작업자1
366,OUTBOUND,G,4747.54,6110.63,6110.63,6156.24,1363.09,20.83,21.08,3.70,0.00,0,0.00,1408.70,25,작업자3
367,OUTBOUND,I,4753.17,6117.97,6117.97,6157.60,1364.80,16.67,18.52,4.44,0.00,0,0.00,1404.43,20,작업자4
368,INBOUND,G,4756.24,6123.35,6123.35,6174.29,1367.11,24.17,21.06,5.71,0.00,0,0.00,1418.05,29,작업자2
369,OUTBOUND,J,4759.31,6144.59,6144.59,6190.45,1385.28,20.00,21.32,4.54,0.00,0,0.00,1431.14,24,작업자1
370,OUTBOUND,A,4765.53,6156.24,6156.24,6217.89,1390.71,36.67,20.41,4.58,0.00,0,0.00,1452.36,44,작업자3
371,INBOUND,H,4770.63,6157.60,6157.60,6211.01,1386.97,29.17,19.17,5.08,0.00,0,0.00,1440.38,35,작업자4
372,OUTBOUND,H,4774.70,6174.29,6174.29,6211.72,1399.59,14.17,18.93,4.34,0.00,0,0.00,1437.02,17,작업자2
373,INBOUND,D,4779.54,6190.45,6190.45,6244.87,1410.91,30.83,18.85,4.73,0.00,0,0.00,1465.33,37,작업자1
374,OUTBOUND,J,4785.27,6211.01,6211.01,6265.41,1425.74,25.83,23.75,4.81,0.00,0,0.00,1480.14,31,작업자4
375,INBOUND,I,4790.87,6211.72,6211.72,6270.27,1420.85,32.50,21.81,4.24,0.00,0,0.00,1479.40,39,작업자2
376,OUTBOUND,C,4795.38,6217.89,6217.89,6265.12,1422.51,21.67,21.36,4.19,0.00,0,0.00,1469.74,26,작업자3
377,OUTBOUND,J,4798.71,6244.87,6244.87,6289.20,1446.16,20.83,18.99,4.50,0.00,0,0.00,1490.49,25,작업자1
378,INBOUND,A,4803.04,6265.12,6265.12,6327.02,1462.08,36.67,20.48,4.76,0.00,0,0.00,1523.98,44,작업자3
379,INBOUND,J,4806.95,6265.41,6265.41,6329.94,1458.46,36.67,22.54,5.32,0.00,0,0.00,1522.99,44,작업자4
380,OUTBOUND,C,4811.86,6270.27,6270.27,6313.93,1458.41,19.17,20.23,4.27,0.00,0,0.00,1502.07,23,작업자2
381,OUTBOUND,C,4818.45,6289.20,6289.20,6336.24,1470.75,25.00,18.05,4.00,0.00,0,0.00,1517.79,30,작업자1
382,INBOUND,D,4825.17,6313.93,6313.93,6366.76,1488.76,30.00,18.03,4.80,0.00,0,0.00,1541.59,36,작업자2
383,INBOUND,F,4828.75,6327.02,6327.02,6393.60,1498.27,38.33,23.34,4.90,0.00,0,0.00,1564.85,46,작업자3
384,INBOUND,I,4832.94,6329.94,6329.94,6387.06,1497.00,32.50,19.64,4.98,0.00,0,0.00,1554.12,39,작업자4
385,OUTBOUND,D,4839.53,6336.24,6336.24,6386.56,1496.71,25.00,20.99,4.33,0.00,0,0.00,1547.03,30,작업자1
386,INBOUND,A,4844.53,6366.76,6366.76,6418.77,1522.23,30.00,16.39,5.62,0.00,0,0.00,1574.24,36,작업자2
387,INBOUND,E,4849.28,6386.56,6386.56,6449.30,1537.28,34.17,23.50,5.08,0.00,0,0.00,1600.02,41,작업자1
388,INBOUND,F,4855.36,6387.06,6387.06,6448.34,1531.70,34.17,21.35,5.77,0.00,0,0.00,1592.98,41,작업자4
389,INBOUND,I,4858.48,6393.60,6393.60,6451.02,1535.12,33.33,19.76,4.32,0.00,0,0.00,1592.54,40,작업자3
390,INBOUND,I,4862.39,6418.77,6418.77,6475.34,1556.38,30.83,21.59,4.15,0.00,0,0.00,1612.95,37,작업자2
391,INBOUND,I,4866.13,6448.34,6448.34,6505.55,1582.21,34.17,17.95,5.09,0.00,0,0.00,1639.42,41,작업자4
392,OUTBOUND,D,4872.22,6449.30,6449.30,6495.01,1577.08,17.50,23.73,4.48,0.00,0,0.00,1622.79,21,작업자1
393,INBOUND,D,4875.55,6451.02,6451.02,6501.76,1575.47,24.17,20.99,5.58,0.00,0,0.00,1626.21,29,작업자3
394,INBOUND,C,4880.11,6475.34,6475.34,6525.09,1595.23,22.50,22.34,4.91,0.00,0,0.00,1644.98,27,작업자2
395,INBOUND,H,4886.88,6495.01,6495.01,6551.95,1608.13,29.17,22.26,5.50,0.00,0,0.00,1665.07,35,작업자1
396,OUTBOUND,I,4890.41,6501.76,6501.76,6538.74,1611.35,14.17,19.49,3.32,0.00,0,0.00,1648.33,17,작업자3
397,INBOUND,C,4895.63,6505.55,6505.55,6553.81,1609.92,24.17,19.72,4.38,0.00,0,0.00,1658.18,29,작업자4
398,INBOUND,H,4900.04,6525.09,6525.09,6576.06,1625.05,21.67,24.58,4.72,0.00,0,0.00,1676.02,26,작업자2
399,OUTBOUND,C,4903.09,6538.74,6538.74,6584.46,1635.65,23.33,19.06,3.33,0.00,0,0.00,1681.37,28,작업자3
400,OUTBOUND,I,4908.38,6551.95,6551.95,6588.44,1643.57,14.17,18.93,3.40,0.00,0,0.00,1680.06,17,작업자1
401,OUTBOUND,E,4924.77,6553.81,6553.81,6611.96,1629.04,31.67,22.09,4.40,0.00,0,0.00,1687.19,38,작업자4
402,INBOUND,B,4944.70,6576.06,6576.06,6629.42,1631.36,25.00,23.17,5.19,0.00,0,0.00,1684.72,30,작업자2
403,INBOUND,G,4964.05,6584.46,6584.46,6638.97,1620.41,30.83,19.52,4.15,0.00,0,0.00,1674.92,37,작업자3
404,INBOUND,B,4983.89,6588.44,6588.44,6646.77,1604.55,31.67,21.38,5.27,0.00,0,0.00,1662.88,38,작업자1
405,OUTBOUND,D,5001.41,6611.96,6611.96,6659.86,1610.55,23.33,19.74,4.82,0.00,0,0.00,1658.45,28,작업자4
406,INBOUND,D,5022.34,6629.42,6629.42,6677.98,1607.08,23.33,20.25,4.97,0.00,0,0.00,1655.64,28,작업자2
407,INBOUND,E,5038.41,6638.97,6638.97,6689.94,1600.56,28.33,18.40,4.23,0.00,0,0.00,1651.53,34,작업자3
408,OUTBOUND,F,5062.90,6646.77,6646.77,6690.81,1583.87,21.67,17.98,4.39,0.00,0,0.00,1627.91,26,작업자1
409,OUTBOUND,F,5085.94,6659.86,6659.86,6722.11,1573.92,35.00,23.91,3.34,0.00,0,0.00,1636.17,42,작업자4
410,INBOUND,J,5104.29,6677.98,6677.98,6730.52,1573.69,28.33,19.44,4.77,0.00,0,0.00,1626.23,34,작업자2
411,INBOUND,J,5122.29,6689.94,6689.94,6743.79,1567.65,32.50,16.78,4.58,0.00,0,0.00,1621.50,39,작업자3
412,INBOUND,F,5139.30,6690.81,6690.81,6754.05,1551.51,36.67,21.78,4.79,0.00,0,0.00,1614.75,44,작업자1
413,OUTBOUND,F,5163.95,6722.11,6722.11,6780.11,1558.16,36.67,17.67,3.66,0.00,0,0.00,1616.16,44,작업자4
414,INBOUND,H,5186.30,6730.52,6730.52,6786.03,1544.22,30.00,20.03,5.47,0.00,0,0.00,1599.73,36,작업자2
415,INBOUND,F,5209.12,6743.79,6743.79,6804.22,1534.67,35.83,19.94,4.66,0.00,0,0.00,1595.10,43,작업자3
416,INBOUND,G,5226.92,6754.05,6754.05,6808.40,1527.13,32.50,16.01,5.84,0.00,0,0.00,1581.48,39,작업자1
417,INBOUND,J,5243.06,6780.11,6780.11,6844.03,1537.05,37.50,21.43,4.99,0.00,0,0.00,1600.97,45,작업자4
418,INBOUND,I,5263.98,6786.03,6786.03,6839.22,1522.05,25.00,23.13,5.07,0.00,0,0.00,1575.24,30,작업자2
419,OUTBOUND,I,5285.80,6804.22,6804.22,6853.96,1518.42,24.17,21.75,3.82,0.00,0,0.00,1568.16,29,작업자3
420,OUTBOUND,H,5310.33,6808.40,6808.40,6847.13,1498.07,15.83,19.67,3.23,0.00,0,0.00,1536.80,19,작업자1
421,OUTBOUND,E,5329.71,6839.22,6839.22,6889.26,1509.51,25.00,20.16,4.88,0.00,0,0.00,1559.55,30,작업자2
422,INBOUND,G,5352.90,6844.03,6844.03,6901.50,1491.13,32.50,19.65,5.32,0.00,0,0.00,1548.60,39,작업자4
423,OUTBOUND,E,5372.90,6847.13,6847.13,6907.52,1474.23,33.33,22.60,4.46,0.00,0,0.00,1534.62,40,작업자1
424,OUTBOUND,C,5390.42,6853.96,6853.96,6898.70,1463.54,23.33,18.22,3.18,0.00,0,0.00,1508.28,28,작업자3
425,OUTBOUND,G,5409.65,6889.26,6889.26,6937.09,1479.61,26.67,17.24,3.92,0.00,0,0.00,1527.44,32,작업자2
426,OUTBOUND,J,5429.14,6898.70,6898.70,6953.07,1469.56,30.00,20.17,4.20,0.00,0,0.00,1523.93,36,작업자3
427,OUTBOUND,I,5449.97,6901.50,6901.50,6948.64,1451.53,23.33,20.16,3.64,0.00,0,0.00,1498.67,28,작업자4
428,OUTBOUND,G,5474.20,6907.52,6907.52,6953.67,1433.32,21.67,20.10,4.38,0.00,0,0.00,1479.47,26,작업자1
429,OUTBOUND,F,5489.57,6937.09,6937.09,6994.09,1447.52,33.33,19.35,4.31,0.00,0,0.00,1504.52,40,작업자2
430,OUTBOUND,B,5510.51,6948.64,6948.64,7003.73,1438.13,26.67,24.02,4.41,0.00,0,0.00,1493.22,32,작업자4
431,INBOUND,F,5533.20,6953.07,6953.07,7015.55,1419.87,35.83,21.31,5.34,0.00,0,0.00,1482.35,43,작업자3
432,INBOUND,A,5554.67,6953.67,6953.67,7015.73,1399.00,34.17,22.39,5.51,0.00,0,0.00,1461.06,41,작업자1
433,OUTBOUND,F,5579.33,6994.09,6994.09,7054.87,1414.76,36.67,19.90,4.22,0.00,0,0.00,1475.54,44,작업자2
434,OUTBOUND,B,5595.39,7003.73,7003.73,7058.42,1408.34,30.00,21.53,3.16,0.00,0,0.00,1463.03,36,작업자4
435,OUTBOUND,I,5612.61,7015.55,7015.55,7063.46,1402.94,24.17,20.08,3.66,0.00,0,0.00,1450.85,29,작업자3
436,OUTBOUND,J,5633.42,7015.73,7015.73,7072.60,1382.31,34.17,18.21,4.49,0.00,0,0.00,1439.18,41,작업자1
437,INBOUND,G,5652.88,7054.87,7054.87,7111.49,1401.99,31.67,19.20,5.76,0.00,0,0.00,1458.61,38,작업자2
438,INBOUND,J,5675.60,7058.42,7058.42,7119.01,1382.82,36.67,19.57,4.35,0.00,0,0.00,1443.41,44,작업자4
439,OUTBOUND,F,5695.61,7063.46,7063.46,7123.48,1367.85,36.67,18.61,4.74,0.00,0,0.00,1427.87,44,작업자3
440,INBOUND,E,5715.43,7072.60,7072.60,7134.03,1357.17,35.00,21.70,4.72,0.00,0,0.00,1418.60,42,작업자1
441,INBOUND,B,5739.64,7111.49,7111.49,7161.65,1371.85,25.83,19.06,5.26,0.00,0,0.00,1422.01,31,작업자2
442,INBOUND,C,5762.95,7119.01,7119.01,7173.24,1356.06,27.50,22.19,4.54,0.00,0,0.00,1410.29,33,작업자4
443,OUTBOUND,H,5781.07,7123.48,7123.48,7165.12,1342.41,20.00,17.27,4.37,0.00,0,0.00,1384.05,24,작업자3
444,OUTBOUND,H,5798.14,7134.03,7134.03,7179.97,1335.89,21.67,19.75,4.53,0.00,0,0.00,1381.83,26,작업자1
445,INBOUND,H,5817.90,7161.65,7161.65,7209.08,1343.75,24.17,18.67,4.59,0.00,0,0.00,1391.18,29,작업자2
446,OUTBOUND,F,5839.87,7165.12,7165.12,7228.20,1325.25,33.33,25.20,4.55,0.00,0,0.00,1388.33,40,작업자3
447,OUTBOUND,B,5857.87,7173.24,7173.24,7218.21,1315.37,22.50,18.75,3.72,0.00,0,0.00,1360.34,27,작업자4
448,OUTBOUND,B,5881.36,7179.97,7179.97,7228.96,1298.61,26.67,18.86,3.46,0.00,0,0.00,1347.60,32,작업자1
449,INBOUND,D,5905.66,7209.08,7209.08,7256.36,1303.42,22.50,19.71,5.07,0.00,0,0.00,1350.70,27,작업자2
450,OUTBOUND,C,5922.41,7218.21,7218.21,7264.36,1295.80,21.67,20.18,4.31,0.00,0,0.00,1341.95,26,작업자4
451,INBOUND,H,5943.01,7228.20,7228.20,7281.81,1285.19,30.00,18.55,5.06,0.00,0,0.00,1338.80,36,작업자3
452,INBOUND,C,5965.98,7228.96,7228.96,7280.17,1262.98,29.17,16.65,5.39,0.00,0,0.00,1314.19,35,작업자1
453,OUTBOUND,G,5987.39,7256.36,7256.36,7308.29,1268.97,25.83,21.31,4.78,0.00,0,0.00,1320.90,31,작업자2
454,INBOUND,J,6002.68,7264.36,7264.36,7327.69,1261.68,35.83,21.81,5.68,0.00,0,0.00,1325.01,43,작업자4
455,OUTBOUND,G,6022.18,7280.17,7280.17,7321.52,1257.99,17.50,20.59,3.26,0.00,0,0.00,1299.34,21,작업자1
456,INBOUND,D,6037.22,7281.81,7281.81,7334.51,1244.59,24.17,23.39,5.13,0.00,0,0.00,1297.29,29,작업자3
457,OUTBOUND,B,6055.00,7308.29,7308.29,7361.02,1253.29,26.67,22.65,3.42,0.00,0,0.00,1306.02,32,작업자2
458,INBOUND,I,6071.02,7321.52,7321.52,7380.09,1250.50,31.67,21.15,5.76,0.00,0,0.00,1309.07,38,작업자1
459,OUTBOUND,D,6089.68,7327.69,7327.69,7376.82,1238.01,19.17,25.28,4.68,0.00,0,0.00,1287.14,23,작업자4
460,OUTBOUND,H,6105.82,7334.51,7334.51,7372.96,1228.69,17.50,16.08,4.87,0.00,0,0.00,1267.14,21,작업자3
461,OUTBOUND,F,6130.48,7361.02,7361.02,7420.32,1230.54,35.00,20.30,3.99,0.00,0,0.00,1289.84,42,작업자2
462,INBOUND,G,6149.36,7372.96,7372.96,7430.36,1223.60,32.50,19.11,5.79,0.00,0,0.00,1281.00,39,작업자3
463,OUTBOUND,F,6165.51,7376.82,7376.82,7430.26,1211.31,33.33,16.54,3.56,0.00,0,0.00,1264.75,40,작업자4
464,INBOUND,C,6185.08,7380.09,7380.09,7429.85,1195.01,23.33,21.99,4.44,0.00,0,0.00,1244.77,28,작업자1
465,INBOUND,E,6207.14,7420.32,7420.32,7483.26,1213.18,35.00,22.48,5.46,0.00,0,0.00,1276.12,42,작업자2
466,INBOUND,C,6228.05,7429.85,7429.85,7475.26,1201.80,20.00,19.82,5.59,0.00,0,0.00,1247.21,24,작업자1
467,INBOUND,E,6244.22,7430.26,7430.26,7484.91,1186.04,33.33,16.88,4.43,0.00,0,0.00,1240.69,40,작업자4
468,OUTBOUND,C,6261.06,7430.36,7430.36,7472.88,1169.30,19.17,18.53,4.82,0.00,0,0.00,1211.82,23,작업자3
469,INBOUND,J,6279.94,7472.88,7472.88,7534.31,1192.94,36.67,20.13,4.64,0.00,0,0.00,1254.37,44,작업자3
470,INBOUND,G,6300.69,7475.26,7475.26,7521.99,1174.57,25.00,16.38,5.35,0.00,0,0.00,1221.30,30,작업자1
471,OUTBOUND,I,6320.55,7483.26,7483.26,7526.58,1162.71,18.33,20.63,4.37,0.00,0,0.00,1206.03,22,작업자2
472,INBOUND,C,6344.86,7484.91,7484.91,7534.27,1140.05,25.83,18.87,4.66,0.00,0,0.00,1189.41,31,작업자4
473,INBOUND,E,6361.53,7521.99,7521.99,7573.17,1160.46,30.00,15.98,5.21,0.00,0,0.00,1211.64,36,작업자1
474,OUTBOUND,H,6378.40,7526.58,7526.58,7572.22,1148.18,20.00,21.55,4.09,0.00,0,0.00,1193.82,24,작업자2
475,INBOUND,F,6393.94,7534.27,7534.27,7588.13,1140.33,30.00,18.92,4.95,0.00,0,0.00,1194.19,36,작업자4
476,OUTBOUND,D,6413.78,7534.31,7534.31,7577.93,1120.53,20.00,20.37,3.25,0.00,0,0.00,1164.15,24,작업자3
477,OUTBOUND,I,6438.42,7572.22,7572.22,7615.36,1133.80,20.00,19.03,4.12,0.00,0,0.00,1176.94,24,작업자2
478,OUTBOUND,H,6457.51,7573.17,7573.17,7616.50,1115.66,21.67,17.53,4.13,0.00,0,0.00,1158.99,26,작업자1
479,OUTBOUND,H,6479.61,7577.93,7577.93,7617.01,1098.32,18.33,17.44,3.31,0.00,0,0.00,1137.40,22,작업자3
480,OUTBOUND,J,6496.29,7588.13,7588.13,7643.57,1091.84,34.17,17.25,4.02,0.00,0,0.00,1147.28,41,작업자4
481,INBOUND,D,6519.25,7615.36,7615.36,7668.89,1096.11,28.33,19.64,5.56,0.00,0,0.00,1149.64,34,작업자2
482,INBOUND,D,6534.57,7616.50,7616.50,7672.85,1081.93,30.00,22.15,4.20,0.00,0,0.00,1138.28,36,작업자1
483,OUTBOUND,H,6552.46,7617.01,7617.01,7662.22,1064.55,20.00,21.06,4.14,0.00,0,0.00,1109.76,24,작업자3
484,INBOUND,H,6574.88,7643.57,7643.57,7699.78,1068.69,30.83,21.19,4.18,0.00,0,0.00,1124.90,37,작업자4
485,OUTBOUND,J,6594.99,7662.22,7662.22,7721.32,1067.23,33.33,22.62,3.16,0.00,0,0.00,1126.33,40,작업자3
486,INBOUND,I,6612.67,7668.89,7668.89,7720.70,1056.22,22.50,24.47,4.84,0.00,0,0.00,1108.03,27,작업자2
487,INBOUND,A,6633.09,7672.85,7672.85,7726.98,1039.76,28.33,20.53,5.26,0.00,0,0.00,1093.89,34,작업자1
488,OUTBOUND,G,6653.56,7699.78,7699.78,7744.67,1046.22,17.50,23.06,4.33,0.00,0,0.00,1091.11,21,작업자4
489,OUTBOUND,D,6675.92,7720.70,7720.70,7760.15,1044.78,14.17,21.55,3.73,0.00,0,0.00,1084.23,17,작업자2
490,INBOUND,B,6699.66,7721.32,7721.32,7777.31,1021.66,30.00,21.57,4.42,0.00,0,0.00,1077.65,36,작업자3
491,OUTBOUND,B,6717.29,7726.98,7726.98,7764.37,1009.69,18.33,15.41,3.64,0.00,0,0.00,1047.08,22,작업자1
492,OUTBOUND,B,6740.94,7744.67,7744.67,7797.19,1003.73,26.67,21.27,4.58,0.00,0,0.00,1056.25,32,작업자4
493,INBOUND,E,6764.06,7760.15,7760.15,7821.18,996.09,35.00,21.49,4.55,0.00,0,0.00,1057.12,42,작업자2
494,INBOUND,G,6784.94,7764.37,7764.37,7819.89,979.43,30.83,19.28,5.41,0.00,0,0.00,1034.95,37,작업자1
495,INBOUND,H,6806.05,7777.31,7777.31,7824.06,971.26,23.33,17.93,5.48,0.00,0,0.00,1018.01,28,작업자3
496,OUTBOUND,D,6827.21,7797.19,7797.19,7844.72,969.98,26.67,16.50,4.37,0.00,0,0.00,1017.51,32,작업자4
497,INBOUND,G,6850.26,7819.89,7819.89,7869.58,969.63,26.67,18.83,4.19,0.00,0,0.00,1019.32,32,작업자1
498,INBOUND,J,6868.07,7821.18,7821.18,7881.29,953.11,35.83,19.78,4.49,0.00,0,0.00,1013.22,43,작업자2
499,INBOUND,F,6886.31,7824.06,7824.06,7880.90,937.75,31.67,20.56,4.62,0.00,0,0.00,994.59,38,작업자3
500,INBOUND,J,6907.04,7844.72,7844.72,7903.69,937.68,35.00,18.79,5.18,0.00,0,0.00,996.65,42,작업자4
501,OUTBOUND,C,6930.19,7869.58,7869.58,7909.89,939.39,19.17,17.50,3.64,0.00,0,0.00,979.70,23,작업자1
502,OUTBOUND,E,6954.38,7880.90,7880.90,7947.16,926.52,41.67,19.85,4.74,0.00,0,0.00,992.78,50,작업자3
503,OUTBOUND,C,6970.64,7881.29,7881.29,7932.50,910.65,25.83,20.52,4.85,0.00,0,0.00,961.86,31,작업자2
504,INBOUND,G,6987.11,7903.69,7903.69,7959.77,916.58,30.00,20.28,5.79,0.00,0,0.00,972.66,36,작업자4
505,INBOUND,H,7009.72,7909.89,7909.89,7964.84,900.17,30.00,20.10,4.85,0.00,0,0.00,955.12,36,작업자1
506,INBOUND,F,7026.14,7932.50,7932.50,7994.98,906.36,35.83,21.70,4.95,0.00,0,0.00,968.84,43,작업자2
507,OUTBOUND,H,7045.29,7947.16,7947.16,7995.27,901.87,20.00,23.27,4.84,0.00,0,0.00,949.98,24,작업자3
508,INBOUND,C,7066.62,7959.77,7959.77,8005.39,893.15,24.17,16.35,5.10,0.00,0,0.00,938.77,29,작업자4
509,INBOUND,F,7086.78,7964.84,7964.84,8019.97,878.06,30.00,19.86,5.26,0.00,0,0.00,933.19,36,작업자1
510,INBOUND,G,7111.14,7994.98,7994.98,8051.47,883.84,31.67,19.42,5.40,0.00,0,0.00,940.33,38,작업자2
511,OUTBOUND,F,7135.64,7995.27,7995.27,8057.21,859.63,36.67,20.80,4.47,0.00,0,0.00,921.57,44,작업자3
512,INBOUND,C,7159.33,8005.39,8005.39,8053.12,846.06,20.00,22.33,5.40,0.00,0,0.00,893.79,24,작업자4
513,INBOUND,G,7184.05,8019.97,8019.97,8079.71,835.92,32.50,22.54,4.70,0.00,0,0.00,895.66,39,작업자1
514,INBOUND,H,7207.01,8051.47,8051.47,8104.19,844.46,26.67,20.22,5.83,0.00,0,0.00,897.18,32,작업자2
515,INBOUND,E,7231.69,8053.12,8053.12,8103.74,821.43,24.17,21.92,4.54,0.00,0,0.00,872.05,29,작업자4
516,INBOUND,F,7249.38,8057.21,8057.21,8118.80,807.83,35.83,20.67,5.09,0.00,0,0.00,869.42,43,작업자3
517,INBOUND,D,7269.85,8079.71,8079.71,8127.93,809.86,24.17,19.31,4.75,0.00,0,0.00,858.08,29,작업자1
518,INBOUND,G,7293.38,8103.74,8103.74,8159.75,810.36,28.33,23.39,4.28,0.00,0,0.00,866.37,34,작업자4
519,INBOUND,B,7316.00,8104.19,8104.19,8154.67,788.19,25.00,19.73,5.75,0.00,0,0.00,838.67,30,작업자2
520,INBOUND,I,7337.26,8118.80,8118.80,8173.30,781.54,29.17,20.83,4.50,0.00,0,0.00,836.04,35,작업자3
521,OUTBOUND,C,7353.50,8127.93,8127.93,8164.14,774.43,13.33,19.18,3.69,0.00,0,0.00,810.64,16,작업자1
522,OUTBOUND,G,7373.07,8154.67,8154.67,8193.39,781.60,14.17,20.28,4.28,0.00,0,0.00,820.32,17,작업자2
523,OUTBOUND,C,7398.02,8159.75,8159.75,8204.26,761.73,18.33,21.35,4.84,0.00,0,0.00,806.24,22,작업자4
524,INBOUND,F,7414.61,8164.14,8164.14,8226.81,749.53,36.67,20.75,5.26,0.00,0,0.00,812.20,44,작업자1
525,INBOUND,F,7436.16,8173.30,8173.30,8232.50,737.14,31.67,23.13,4.40,0.00,0,0.00,796.34,38,작업자3
526,INBOUND,D,7454.88,8193.39,8193.39,8244.77,738.51,30.00,16.30,5.08,0.00,0,0.00,789.89,36,작업자2
527,OUTBOUND,E,7473.84,8204.26,8204.26,8269.33,730.42,36.67,23.92,4.48,0.00,0,0.00,795.49,44,작업자4
528,INBOUND,C,7493.13,8226.81,8226.81,8281.45,733.68,28.33,21.46,4.84,0.00,0,0.00,788.32,34,작업자1
529,INBOUND,E,7509.09,8232.50,8232.50,8293.62,723.41,36.67,20.34,4.12,0.00,0,0.00,784.53,44,작업자3
530,OUTBOUND,J,7524.87,8244.77,8244.77,8291.71,719.90,21.67,21.30,3.98,0.00,0,0.00,766.84,26,작업자2
531,OUTBOUND,H,7545.06,8269.33,8269.33,8309.11,724.27,20.00,15.73,4.05,0.00,0,0.00,764.05,24,작업자4
532,OUTBOUND,F,7560.14,8281.45,8281.45,8336.31,721.31,31.67,18.63,4.56,0.00,0,0.00,776.17,38,작업자1
533,OUTBOUND,G,7585.02,8291.71,8291.71,8343.20,706.69,25.00,23.19,3.29,0.00,0,0.00,758.18,30,작업자2
534,OUTBOUND,D,7604.80,8293.62,8293.62,8331.60,688.82,18.33,15.60,4.05,0.00,0,0.00,726.80,22,작업자3
535,INBOUND,C,7620.69,8309.11,8309.11,8361.24,688.42,28.33,18.23,5.57,0.00,0,0.00,740.55,34,작업자4
536,OUTBOUND,E,7638.83,8331.60,8331.60,8391.21,692.77,35.00,21.10,3.51,0.00,0,0.00,752.38,42,작업자3
537,OUTBOUND,C,7657.65,8336.31,8336.31,8386.90,678.66,23.33,22.61,4.64,0.00,0,0.00,729.25,28,작업자1
538,INBOUND,B,7673.34,8343.20,8343.20,8398.23,669.86,30.83,18.73,5.47,0.00,0,0.00,724.89,37,작업자2
539,OUTBOUND,H,7694.84,8361.24,8361.24,8393.45,666.40,13.33,14.88,4.00,0.00,0,0.00,698.61,16,작업자4
540,OUTBOUND,C,7717.06,8386.90,8386.90,8437.20,669.84,25.00,20.65,4.64,0.00,0,0.00,720.14,30,작업자1
541,INBOUND,I,7738.22,8391.21,8391.21,8443.30,652.99,30.83,16.98,4.27,0.00,0,0.00,705.08,37,작업자3
542,INBOUND,C,7754.09,8393.45,8393.45,8445.82,639.36,28.33,18.37,5.66,0.00,0,0.00,691.73,34,작업자4
543,INBOUND,H,7776.61,8398.23,8398.23,8449.49,621.62,24.17,22.86,4.23,0.00,0,0.00,672.88,29,작업자2
544,INBOUND,G,7801.25,8437.20,8437.20,8496.52,635.95,31.67,23.50,4.16,0.00,0,0.00,695.27,38,작업자1
545,INBOUND,C,7818.72,8443.30,8443.30,8491.74,624.58,22.50,20.78,5.16,0.00,0,0.00,673.02,27,작업자3
546,OUTBOUND,J,7839.26,8445.82,8445.82,8497.76,606.56,31.67,15.67,4.60,0.00,0,0.00,658.50,38,작업자4
547,INBOUND,B,7862.05,8449.49,8449.49,8499.01,587.44,22.50,22.22,4.80,0.00,0,0.00,636.96,27,작업자2
548,INBOUND,E,7885.81,8491.74,8491.74,8544.90,605.93,26.67,22.14,4.35,0.00,0,0.00,659.09,32,작업자3
549,OUTBOUND,D,7906.88,8496.52,8496.52,8544.12,589.64,21.67,21.32,4.61,0.00,0,0.00,637.24,26,작업자1
550,OUTBOUND,A,7924.83,8497.76,8497.76,8562.79,572.93,40.00,21.22,3.81,0.00,0,0.00,637.96,48,작업자4
551,OUTBOUND,D,7948.81,8499.01,8499.01,8542.61,550.20,19.17,19.55,4.89,0.00,0,0.00,593.80,23,작업자2
552,INBOUND,D,7967.67,8542.61,8542.61,8597.24,574.94,29.17,20.48,4.98,0.00,0,0.00,629.57,35,작업자2
553,INBOUND,B,7989.05,8544.12,8544.12,8601.06,555.07,31.67,19.95,5.32,0.00,0,0.00,612.01,38,작업자1
554,OUTBOUND,A,8012.94,8544.90,8544.90,8606.12,531.96,36.67,21.17,3.38,0.00,0,0.00,593.18,44,작업자3
555,INBOUND,C,8037.28,8562.79,8562.79,8615.69,525.51,27.50,20.02,5.38,0.00,0,0.00,578.41,33,작업자4
556,INBOUND,J,8060.88,8597.24,8597.24,8646.13,536.36,27.50,17.10,4.29,0.00,0,0.00,585.25,33,작업자2
557,INBOUND,C,8079.54,8601.06,8601.06,8646.63,521.52,23.33,17.65,4.59,0.00,0,0.00,567.09,28,작업자1
558,OUTBOUND,B,8104.08,8606.12,8606.12,8658.49,502.04,30.00,18.63,3.74,0.00,0,0.00,554.41,36,작업자3
559,INBOUND,A,8124.96,8615.69,8615.69,8666.54,490.73,27.50,19.08,4.27,0.00,0,0.00,541.58,33,작업자4
560,INBOUND,A,8142.11,8646.13,8646.13,8704.08,504.02,32.50,20.82,4.63,0.00,0,0.00,561.97,39,작업자2
561,OUTBOUND,I,8162.18,8646.63,8646.63,8692.45,484.45,18.33,24.08,3.41,0.00,0,0.00,530.27,22,작업자1
562,OUTBOUND,G,8181.42,8658.49,8658.49,8703.41,477.07,23.33,17.60,3.99,0.00,0,0.00,521.99,28,작업자3
563,INBOUND,J,8202.82,8666.54,8666.54,8725.22,463.72,35.00,19.47,4.21,0.00,0,0.00,522.40,42,작업자4
564,OUTBOUND,B,8219.35,8692.45,8692.45,8740.96,473.10,28.33,15.96,4.23,0.00,0,0.00,521.61,34,작업자1
565,OUTBOUND,D,8235.14,8703.41,8703.41,8748.87,468.27,23.33,18.47,3.65,0.00,0,0.00,513.73,28,작업자3
566,OUTBOUND,G,8255.50,8704.08,8704.08,8748.68,448.58,17.50,22.55,4.55,0.00,0,0.00,493.18,21,작업자2
567,OUTBOUND,G,8273.60,8725.22,8725.22,8775.96,451.62,26.67,19.43,4.65,0.00,0,0.00,502.36,32,작업자4
568,INBOUND,E,8298.14,8740.96,8740.96,8801.20,442.82,33.33,21.05,5.85,0.00,0,0.00,503.06,40,작업자1
569,INBOUND,H,8315.58,8748.68,8748.68,8806.79,433.10,30.00,23.65,4.46,0.00,0,0.00,491.21,36,작업자2
570,INBOUND,B,8335.12,8748.87,8748.87,8804.50,413.75,30.00,21.01,4.62,0.00,0,0.00,469.38,36,작업자3
571,INBOUND,D,8356.78,8775.96,8775.96,8831.27,419.18,30.83,19.94,4.54,0.00,0,0.00,474.49,37,작업자4
572,INBOUND,D,8371.90,8801.20,8801.20,8852.09,429.30,25.83,20.74,4.30,0.00,0,0.00,480.19,31,작업자1
573,OUTBOUND,H,8387.02,8804.50,8804.50,8846.03,417.48,15.00,22.60,3.93,0.00,0,0.00,459.01,18,작업자3
574,OUTBOUND,E,8407.25,8806.79,8806.79,8859.91,399.54,28.33,20.44,4.35,0.00,0,0.00,452.66,34,작업자2
575,INBOUND,F,8425.97,8831.27,8831.27,8888.29,405.30,30.83,20.61,5.57,0.00,0,0.00,462.32,37,작업자4
576,INBOUND,B,8449.83,8846.03,8846.03,8902.27,396.20,30.00,20.99,5.24,0.00,0,0.00,452.44,36,작업자3
577,OUTBOUND,E,8472.90,8852.09,8852.09,8902.14,379.19,24.17,21.93,3.96,0.00,0,0.00,429.24,29,작업자1
578,INBOUND,C,8488.54,8859.91,8859.91,8916.33,371.37,29.17,22.43,4.82,0.00,0,0.00,427.79,35,작업자2
579,INBOUND,G,8508.09,8888.29,8888.29,8947.86,380.20,31.67,22.82,5.08,0.00,0,0.00,439.77,38,작업자4
580,INBOUND,D,8528.09,8902.14,8902.14,8957.99,374.05,30.00,20.78,5.07,0.00,0,0.00,429.90,36,작업자1
581,OUTBOUND,B,8544.66,8902.27,8902.27,8943.06,357.61,16.67,20.95,3.18,0.00,0,0.00,398.40,20,작업자3
582,INBOUND,J,8561.95,8916.33,8916.33,8972.28,354.38,28.33,21.75,5.87,0.00,0,0.00,410.33,34,작업자2
583,OUTBOUND,A,8577.39,8943.06,8943.06,9007.75,365.67,40.00,21.12,3.57,0.00,0,0.00,430.36,48,작업자3
584,INBOUND,F,8592.85,8947.86,8947.86,9005.29,355.01,31.67,20.75,5.02,0.00,0,0.00,412.44,38,작업자4
585,OUTBOUND,C,8617.05,8957.99,8957.99,9000.65,340.94,18.33,20.17,4.16,0.00,0,0.00,383.60,22,작업자1
586,OUTBOUND,G,8637.58,8972.28,8972.28,9017.85,334.70,24.17,18.11,3.29,0.00,0,0.00,380.27,29,작업자2
587,OUTBOUND,G,8655.79,9000.65,9000.65,9048.51,344.86,23.33,19.73,4.79,0.00,0,0.00,392.72,28,작업자1
588,INBOUND,B,8673.99,9005.29,9005.29,9058.86,331.30,31.67,17.54,4.36,0.00,0,0.00,384.87,38,작업자4
589,INBOUND,I,8692.72,9007.75,9007.75,9063.64,315.03,30.00,20.92,4.97,0.00,0,0.00,370.92,36,작업자3
590,OUTBOUND,C,8716.74,9017.85,9017.85,9063.73,301.11,23.33,19.24,3.31,0.00,0,0.00,346.99,28,작업자2
591,OUTBOUND,A,8739.78,9048.51,9048.51,9114.97,308.73,40.00,23.07,3.40,0.00,0,0.00,375.19,48,작업자1
592,INBOUND,H,8755.47,9058.86,9058.86,9105.94,303.39,25.00,16.22,5.87,0.00,0,0.00,350.47,30,작업자4
593,OUTBOUND,E,8778.21,9063.64,9063.64,9115.07,285.43,26.67,20.93,3.83,0.00,0,0.00,336.86,32,작업자3
594,OUTBOUND,H,8794.07,9063.73,9063.73,9106.88,269.66,21.67,18.32,3.15,0.00,0,0.00,312.81,26,작업자2
595,OUTBOUND,E,8812.76,9105.94,9105.94,9158.13,293.18,28.33,20.05,3.80,0.00,0,0.00,345.37,34,작업자4
596,OUTBOUND,D,8835.16,9106.88,9106.88,9159.20,271.72,26.67,21.10,4.56,0.00,0,0.00,324.04,32,작업자2
597,OUTBOUND,H,8853.84,9114.97,9114.97,9155.71,261.13,20.00,17.30,3.44,0.00,0,0.00,301.87,24,작업자1
598,INBOUND,I,8876.17,9115.07,9115.07,9172.76,238.90,31.67,21.34,4.69,0.00,0,0.00,296.59,38,작업자3
599,INBOUND,G,8892.67,9155.71,9155.71,9213.80,263.04,31.67,21.38,5.05,0.00,0,0.00,321.13,38,작업자1
600,OUTBOUND,F,8910.00,9158.13,9158.13,9218.44,248.13,35.00,21.10,4.21,0.00,0,0.00,308.44,42,작업자4
601,OUTBOUND,I,8916.80,9159.20,9159.20,9210.30,242.40,25.00,21.89,4.21,0.00,0,0.00,293.50,30,작업자2
602,INBOUND,D,8920.22,9172.76,9172.76,9216.93,252.54,23.33,16.59,4.25,0.00,0,0.00,296.71,28,작업자3
603,INBOUND,D,8925.19,9210.30,9210.30,9264.02,285.11,29.17,20.12,4.43,0.00,0,0.00,338.83,35,작업자2
604,OUTBOUND,D,8929.31,9213.80,9213.80,9261.24,284.49,26.67,16.54,4.24,0.00,0,0.00,331.93,32,작업자1
605,INBOUND,F,8933.96,9216.93,9216.93,9273.71,282.97,29.17,22.26,5.35,0.00,0,0.00,339.75,35,작업자3
606,INBOUND,D,8937.30,9218.44,9218.44,9269.83,281.14,28.33,18.07,4.98,0.00,0,0.00,332.53,34,작업자4
607,INBOUND,C,8943.58,9261.24,9261.24,9309.70,317.66,28.33,15.93,4.20,0.00,0,0.00,366.12,34,작업자1
608,OUTBOUND,H,8949.23,9264.02,9264.02,9308.81,314.79,17.50,23.30,3.99,0.00,0,0.00,359.58,21,작업자2
609,OUTBOUND,F,8955.63,9269.83,9269.83,9325.68,314.20,30.00,21.87,3.98,0.00,0,0.00,370.05,36,작업자4
610,INBOUND,C,8959.91,9273.71,9273.71,9325.25,313.80,29.17,18.13,4.25,0.00,0,0.00,365.34,35,작업자3
611,OUTBOUND,A,8963.45,9308.81,9308.81,9367.17,345.36,36.67,17.77,3.92,0.00,0,0.00,403.72,44,작업자2
612,INBOUND,H,8966.87,9309.70,9309.70,9354.60,342.83,20.83,18.63,5.44,0.00,0,0.00,387.73,25,작업자1
613,INBOUND,D,8970.36,9325.25,9325.25,9370.55,354.89,20.00,21.00,4.31,0.00,0,0.00,400.19,24,작업자3
614,OUTBOUND,C,8974.59,9325.68,9325.68,9374.32,351.09,23.33,21.22,4.08,0.00,0,0.00,399.73,28,작업자4
615,OUTBOUND,J,8978.22,9354.60,9354.60,9405.95,376.38,24.17,22.74,4.45,0.00,0,0.00,427.73,29,작업자1
616,OUTBOUND,B,8982.08,9367.17,9367.17,9416.03,385.09,25.00,20.13,3.73,0.00,0,0.00,433.95,30,작업자2
617,OUTBOUND,F,8987.92,9370.55,9370.55,9433.25,382.63,35.00,23.20,4.50,0.00,0,0.00,445.33,42,작업자3
618,OUTBOUND,D,8991.12,9374.32,9374.32,9421.00,383.20,23.33,19.62,3.73,0.00,0,0.00,429.88,28,작업자4
619,INBOUND,G,8997.93,9405.95,9405.95,9461.90,408.02,33.33,17.23,5.38,0.00,0,0.00,463.97,40,작업자1
620,INBOUND,C,9003.13,9416.03,9416.03,9464.90,412.90,27.50,16.90,4.47,0.00,0,0.00,461.77,33,작업자2
621,OUTBOUND,D,9006.61,9421.00,9421.00,9471.97,414.39,28.33,18.27,4.37,0.00,0,0.00,465.36,34,작업자4
622,OUTBOUND,C,9010.41,9433.25,9433.25,9480.57,422.84,23.33,19.11,4.87,0.00,0,0.00,470.16,28,작업자3
623,OUTBOUND,A,9015.75,9461.90,9461.90,9514.33,446.15,26.67,21.25,4.51,0.00,0,0.00,498.58,32,작업자1
624,OUTBOUND,I,9022.74,9464.90,9464.90,9512.49,442.16,19.17,25.09,3.33,0.00,0,0.00,489.75,23,작업자2
625,INBOUND,E,9026.11,9471.97,9471.97,9535.32,445.86,35.83,21.85,5.66,0.00,0,0.00,509.21,43,작업자4
626,INBOUND,D,9029.28,9480.57,9480.57,9537.00,451.29,30.00,20.96,5.47,0.00,0,0.00,507.72,36,작업자3
627,INBOUND,F,9034.01,9512.49,9512.49,9575.81,478.48,38.33,20.40,4.58,0.00,0,0.00,541.80,46,작업자2
628,OUTBOUND,H,9038.54,9514.33,9514.33,9559.03,475.79,20.00,21.11,3.60,0.00,0,0.00,520.49,24,작업자1
629,OUTBOUND,I,9045.18,9535.32,9535.32,9581.75,490.14,19.17,23.58,3.69,0.00,0,0.00,536.57,23,작업자4
630,OUTBOUND,B,9048.31,9537.00,9537.00,9583.29,488.69,23.33,18.54,4.42,0.00,0,0.00,534.98,28,작업자3
631,INBOUND,F,9053.31,9559.03,9559.03,9618.07,505.72,36.67,17.45,4.93,0.00,0,0.00,564.76,44,작업자1
632,INBOUND,I,9056.66,9575.81,9575.81,9630.58,519.15,32.50,17.21,5.06,0.00,0,0.00,573.92,39,작업자2
633,OUTBOUND,B,9062.23,9581.75,9581.75,9635.00,519.52,30.00,19.11,4.14,0.00,0,0.00,572.77,36,작업자4
634,OUTBOUND,C,9069.21,9583.29,9583.29,9630.83,514.08,23.33,19.88,4.33,0.00,0,0.00,561.62,28,작업자3
635,OUTBOUND,I,9075.34,9618.07,9618.07,9665.61,542.73,26.67,16.94,3.93,0.00,0,0.00,590.27,32,작업자1
636,OUTBOUND,I,9081.99,9630.58,9630.58,9663.16,548.59,10.83,18.64,3.10,0.00,0,0.00,581.17,13,작업자2
637,OUTBOUND,D,9085.71,9630.83,9630.83,9679.92,545.12,23.33,22.42,3.34,0.00,0,0.00,594.21,28,작업자3
638,INBOUND,A,9092.29,9635.00,9635.00,9695.86,542.71,36.67,18.92,5.27,0.00,0,0.00,603.57,44,작업자4
639,OUTBOUND,B,9097.41,9663.16,9663.16,9714.35,565.75,26.67,19.79,4.73,0.00,0,0.00,616.94,32,작업자2
640,OUTBOUND,E,9100.81,9665.61,9665.61,9723.73,564.80,36.67,17.10,4.36,0.00,0,0.00,622.92,44,작업자1
641,INBOUND,A,9107.07,9679.92,9679.92,9739.20,572.85,36.67,18.08,4.52,0.00,0,0.00,632.13,44,작업자3
642,INBOUND,F,9112.37,9695.86,9695.86,9758.30,583.49,38.33,19.16,4.96,0.00,0,0.00,645.93,46,작업자4
643,OUTBOUND,B,9119.12,9714.35,9714.35,9762.82,595.23,25.00,18.59,4.88,0.00,0,0.00,643.70,30,작업자2
644,OUTBOUND,H,9123.06,9723.73,9723.73,9763.00,600.67,18.33,17.14,3.79,0.00,0,0.00,639.94,22,작업자1
645,OUTBOUND,G,9126.17,9739.20,9739.20,9783.51,613.03,20.00,19.63,4.69,0.00,0,0.00,657.34,24,작업자3
646,OUTBOUND,F,9129.74,9758.30,9758.30,9799.38,628.56,18.33,19.40,3.34,0.00,0,0.00,669.64,22,작업자4
647,INBOUND,C,9133.98,9762.82,9762.82,9812.28,628.84,27.50,16.07,5.89,0.00,0,0.00,678.30,33,작업자2
648,INBOUND,I,9137.91,9763.00,9763.00,9819.52,625.09,30.00,21.26,5.27,0.00,0,0.00,681.61,36,작업자1
649,OUTBOUND,B,9142.24,9783.51,9783.51,9836.36,641.27,30.00,18.20,4.65,0.00,0,0.00,694.12,36,작업자3
650,INBOUND,E,9148.10,9799.38,9799.38,9857.90,651.28,34.17,20.10,4.26,0.00,0,0.00,709.80,41,작업자4
651,INBOUND,D,9151.19,9812.28,9812.28,9857.41,661.09,21.67,18.67,4.79,0.00,0,0.00,706.22,26,작업자2
652,OUTBOUND,A,9157.58,9819.52,9819.52,9877.94,661.94,36.67,17.57,4.18,0.00,0,0.00,720.36,44,작업자1
653,OUTBOUND,G,9163.40,9836.36,9836.36,9886.38,672.96,23.33,22.05,4.63,0.00,0,0.00,722.98,28,작업자3
654,INBOUND,D,9167.74,9857.41,9857.41,9904.71,689.67,22.50,19.52,5.29,0.00,0,0.00,736.97,27,작업자2
655,INBOUND,F,9174.54,9857.90,9857.90,9919.62,683.36,35.83,20.44,5.45,0.00,0,0.00,745.08,43,작업자4
656,OUTBOUND,G,9178.81,9877.94,9877.94,9926.83,699.13,23.33,21.55,4.00,0.00,0,0.00,748.02,28,작업자1
657,INBOUND,E,9185.36,9886.38,9886.38,9949.32,701.02,33.33,24.44,5.17,0.00,0,0.00,763.96,40,작업자3
658,INBOUND,F,9191.03,9904.71,9904.71,9959.21,713.68,28.33,20.39,5.78,0.00,0,0.00,768.18,34,작업자2
659,OUTBOUND,D,9196.96,9919.62,9919.62,9974.96,722.66,30.00,20.53,4.82,0.00,0,0.00,778.00,36,작업자4
660,INBOUND,F,9203.76,9926.83,9926.83,9985.64,723.07,37.50,15.83,5.49,0.00,0,0.00,781.88,45,작업자1
661,OUTBOUND,G,9206.89,9949.32,9949.32,9998.45,742.43,28.33,16.79,4.01,0.00,0,0.00,791.56,34,작업자3
662,OUTBOUND,I,9212.45,9959.21,9959.21,10010.76,746.76,26.67,20.52,4.36,0.00,0,0.00,798.31,32,작업자2
663,INBOUND,H,9216.77,9974.96,9974.96,10028.33,758.19,30.00,19.12,4.25,0.00,0,0.00,811.56,36,작업자4
664,INBOUND,A,9220.44,9985.64,9985.64,10047.12,765.20,35.83,20.99,4.66,0.00,0,0.00,826.68,43,작업자1
665,OUTBOUND,D,9225.23,9998.45,9998.45,10046.68,773.22,23.33,20.29,4.60,0.00,0,0.00,821.45,28,작업자3
666,OUTBOUND,J,9229.63,10010.76,10010.76,10065.56,781.13,30.00,20.38,4.41,0.00,0,0.00,835.93,36,작업자2
667,INBOUND,I,9232.82,10028.33,10028.33,10076.83,795.51,25.83,17.04,5.62,0.00,0,0.00,844.01,31,작업자4
668,INBOUND,I,9239.36,10046.68,10046.68,10103.64,807.32,30.83,21.20,4.92,0.00,0,0.00,864.28,37,작업자3
669,OUTBOUND,I,9244.55,10047.12,10047.12,10099.08,802.57,26.67,20.93,4.36,0.00,0,0.00,854.53,32,작업자1
670,INBOUND,B,9250.15,10065.56,10065.56,10124.74,815.41,31.67,23.13,4.39,0.00,0,0.00,874.59,38,작업자2
671,OUTBOUND,E,9253.44,10076.83,10076.83,10121.38,823.39,20.83,19.21,4.51,0.00,0,0.00,867.94,25,작업자4
672,OUTBOUND,A,9257.72,10099.08,10099.08,10157.82,841.36,35.00,20.59,3.15,0.00,0,0.00,900.10,42,작업자1
673,INBOUND,C,9261.40,10103.64,10103.64,10151.80,842.24,23.33,19.28,5.55,0.00,0,0.00,890.40,28,작업자3
674,OUTBOUND,E,9268.17,10121.38,10121.38,10177.52,853.21,33.33,19.06,3.75,0.00,0,0.00,909.35,40,작업자4
675,OUTBOUND,D,9273.98,10124.74,10124.74,10173.11,850.76,25.00,19.80,3.56,0.00,0,0.00,899.13,30,작업자2
676,INBOUND,C,9280.54,10151.80,10151.80,10196.18,871.26,20.83,19.26,4.29,0.00,0,0.00,915.64,25,작업자3
677,INBOUND,H,9284.37,10157.82,10157.82,10211.86,873.45,30.83,18.19,5.02,0.00,0,0.00,927.49,37,작업자1
678,INBOUND,C,9288.49,10173.11,10173.11,10226.74,884.62,27.50,21.19,4.95,0.00,0,0.00,938.25,33,작업자2
679,OUTBOUND,B,9293.78,10177.52,10177.52,10233.83,883.74,28.33,23.55,4.43,0.00,0,0.00,940.05,34,작업자4
680,OUTBOUND,H,9298.22,10196.18,10196.18,10232.64,897.96,13.33,18.73,4.40,0.00,0,0.00,934.42,16,작업자3
681,INBOUND,C,9303.72,10211.86,10211.86,10257.31,908.14,22.50,18.36,4.59,0.00,0,0.00,953.59,27,작업자1
682,OUTBOUND,A,9307.55,10226.74,10226.74,10286.47,919.19,32.50,22.36,4.87,0.00,0,0.00,978.92,39,작업자2
683,INBOUND,I,9313.93,10232.64,10232.64,10288.26,918.71,32.50,17.30,5.82,0.00,0,0.00,974.33,39,작업자3
684,OUTBOUND,A,9318.88,10233.83,10233.83,10298.65,914.95,40.00,21.71,3.11,0.00,0,0.00,979.77,48,작업자4
685,OUTBOUND,I,9324.06,10257.31,10257.31,10294.34,933.25,15.00,17.81,4.22,0.00,0,0.00,970.28,18,작업자1
686,OUTBOUND,I,9327.80,10286.47,10286.47,10336.00,958.67,25.00,20.04,4.49,0.00,0,0.00,1008.20,30,작업자2
687,OUTBOUND,G,9331.86,10288.26,10288.26,10337.79,956.40,25.83,20.16,3.54,0.00,0,0.00,1005.93,31,작업자3
688,INBOUND,A,9335.46,10294.34,10294.34,10353.12,958.88,36.67,18.01,4.11,0.00,0,0.00,1017.66,44,작업자1
689,INBOUND,F,9341.14,10298.65,10298.65,10360.42,957.51,36.67,19.49,5.61,0.00,0,0.00,1019.28,44,작업자4
690,INBOUND,I,9345.05,10336.00,10336.00,10390.63,990.95,30.00,19.35,5.28,0.00,0,0.00,1045.58,36,작업자2
691,INBOUND,I,9349.72,10337.79,10337.79,10391.06,988.07,31.67,16.55,5.05,0.00,0,0.00,1041.34,38,작업자3
692,INBOUND,C,9356.25,10353.12,10353.12,10409.29,996.87,28.33,21.94,5.89,0.00,0,0.00,1053.04,34,작업자1
693,INBOUND,G,9362.86,10360.42,10360.42,10416.87,997.56,30.83,19.90,5.72,0.00,0,0.00,1054.01,37,작업자4
694,OUTBOUND,J,9369.46,10390.63,10390.63,10439.36,1021.17,25.00,20.39,3.34,0.00,0,0.00,1069.90,30,작업자2
695,OUTBOUND,B,9372.94,10391.06,10391.06,10442.45,1018.12,26.67,20.85,3.88,0.00,0,0.00,1069.51,32,작업자3
696,OUTBOUND,B,9379.83,10409.29,10409.29,10450.90,1029.46,16.67,21.28,3.67,0.00,0,0.00,1071.07,20,작업자1
697,INBOUND,F,9384.52,10416.87,10416.87,10475.13,1032.35,32.50,20.22,5.54,0.00,0,0.00,1090.61,39,작업자4
698,INBOUND,G,9391.51,10439.36,10439.36,10496.80,1047.85,33.33,19.51,4.59,0.00,0,0.00,1105.29,40,작업자2
699,INBOUND,A,9395.79,10442.45,10442.45,10502.03,1046.66,36.67,17.76,5.15,0.00,0,0.00,1106.24,44,작업자3
700,OUTBOUND,H,9400.34,10450.90,10450.90,10495.32,1050.56,20.00,20.94,3.47,0.00,0,0.00,1094.98,24,작업자1
701,INBOUND,A,9405.42,10475.13,10475.13,10531.71,1069.71,35.83,16.10,4.65,0.00,0,0.00,1126.29,43,작업자4
702,INBOUND,C,9408.87,10495.32,10495.32,10548.63,1086.45,29.17,18.81,5.33,0.00,0,0.00,1139.76,35,작업자1
703,OUTBOUND,H,9414.12,10496.80,10496.80,10535.62,1082.68,15.00,20.27,3.55,0.00,0,0.00,1121.50,18,작업자2
704,OUTBOUND,E,9420.64,10502.03,10502.03,10563.64,1081.39,38.33,19.71,3.57,0.00,0,0.00,1143.00,46,작업자3
705,INBOUND,I,9426.26,10531.71,10531.71,10585.62,1105.45,30.00,18.02,5.88,0.00,0,0.00,1159.36,36,작업자4
706,INBOUND,I,9429.95,10535.62,10535.62,10594.52,1105.67,32.50,20.96,5.45,0.00,0,0.00,1164.57,39,작업자2
707,INBOUND,J,9434.53,10548.63,10548.63,10604.57,1114.10,29.17,22.42,4.35,0.00,0,0.00,1170.04,35,작업자1
708,OUTBOUND,H,9437.73,10563.64,10563.64,10606.24,1125.91,20.00,18.37,4.23,0.00,0,0.00,1168.51,24,작업자3
709,INBOUND,E,9440.81,10585.62,10585.62,10643.94,1144.81,31.67,21.40,5.26,0.00,0,0.00,1203.13,38,작업자4
710,INBOUND,C,9444.93,10594.52,10594.52,10642.39,1149.59,24.17,19.56,4.14,0.00,0,0.00,1197.46,29,작업자2
711,OUTBOUND,F,9448.47,10604.57,10604.57,10663.25,1156.10,35.00,19.98,3.70,0.00,0,0.00,1214.78,42,작업자1
712,OUTBOUND,I,9454.77,10606.24,10606.24,10646.52,1151.47,20.00,16.14,4.13,0.00,0,0.00,1191.75,24,작업자3
713,INBOUND,D,9460.36,10642.39,10642.39,10687.34,1182.03,20.00,19.37,5.58,0.00,0,0.00,1226.98,24,작업자2
714,OUTBOUND,E,9466.32,10643.94,10643.94,10682.96,1177.62,19.17,16.24,3.60,0.00,0,0.00,1216.64,23,작업자4
715,INBOUND,H,9471.38,10646.52,10646.52,10699.65,1175.14,30.00,17.44,5.69,0.00,0,0.00,1228.27,36,작업자3
716,OUTBOUND,C,9476.41,10663.25,10663.25,10708.45,1186.84,23.33,18.66,3.21,0.00,0,0.00,1232.04,28,작업자1
717,OUTBOUND,A,9480.18,10682.96,10682.96,10744.34,1202.78,40.00,16.69,4.69,0.00,0,0.00,1264.16,48,작업자4
718,INBOUND,H,9483.31,10687.34,10687.34,10737.12,1204.03,21.67,23.07,5.05,0.00,0,0.00,1253.81,26,작업자2
719,INBOUND,I,9487.11,10699.65,10699.65,10749.55,1212.54,23.33,20.69,5.88,0.00,0,0.00,1262.44,28,작업자3
720,OUTBOUND,J,9491.70,10708.45,10708.45,10766.73,1216.75,33.33,21.15,3.80,0.00,0,0.00,1275.03,40,작업자1
721,OUTBOUND,I,9495.66,10737.12,10737.12,10771.86,1241.46,13.33,16.69,4.71,0.00,0,0.00,1276.20,16,작업자2
722,INBOUND,H,9502.51,10744.34,10744.34,10799.33,1241.83,29.17,20.33,5.50,0.00,0,0.00,1296.82,35,작업자4
723,OUTBOUND,J,9506.16,10749.55,10749.55,10797.35,1243.39,20.00,24.52,3.28,0.00,0,0.00,1291.19,24,작업자3
724,INBOUND,I,9511.92,10766.73,10766.73,10826.43,1254.81,31.67,22.75,5.28,0.00,0,0.00,1314.51,38,작업자1
725,OUTBOUND,D,9515.57,10771.86,10771.86,10817.80,1256.29,23.33,17.98,4.62,0.00,0,0.00,1302.23,28,작업자2
726,INBOUND,E,9521.16,10797.35,10797.35,10859.71,1276.19,34.17,22.65,5.54,0.00,0,0.00,1338.55,41,작업자3
727,OUTBOUND,C,9525.80,10799.33,10799.33,10838.78,1273.53,15.83,19.25,4.36,0.00,0,0.00,1312.98,19,작업자4
728,OUTBOUND,G,9532.44,10817.80,10817.80,10870.94,1285.36,26.67,21.67,4.81,0.00,0,0.00,1338.50,32,작업자2
729,INBOUND,E,9536.34,10826.43,10826.43,10882.06,1290.09,28.33,22.18,5.11,0.00,0,0.00,1345.72,34,작업자1
730,INBOUND,F,9543.20,10838.78,10838.78,10902.14,1295.58,38.33,19.35,5.69,0.00,0,0.00,1358.94,46,작업자4
731,OUTBOUND,D,9549.61,10859.71,10859.71,10897.15,1310.10,17.50,15.90,4.05,0.00,0,0.00,1347.54,21,작업자3
732,OUTBOUND,I,9553.82,10870.94,10870.94,10914.97,1317.12,23.33,17.36,3.33,0.00,0,0.00,1361.15,28,작업자2
733,INBOUND,H,9557.23,10882.06,10882.06,10935.35,1324.83,26.67,21.23,5.39,0.00,0,0.00,1378.12,32,작업자1
734,OUTBOUND,E,9562.82,10897.15,10897.15,10953.62,1334.33,33.33,18.64,4.49,0.00,0,0.00,1390.80,40,작업자3
735,OUTBOUND,H,9567.74,10902.14,10902.14,10952.12,1334.40,21.67,24.54,3.77,0.00,0,0.00,1384.38,26,작업자4
736,INBOUND,H,9572.05,10914.97,10914.97,10968.07,1342.92,30.00,17.30,5.80,0.00,0,0.00,1396.02,36,작업자2
737,INBOUND,A,9575.65,10935.35,10935.35,10991.77,1359.70,30.00,22.07,4.35,0.00,0,0.00,1416.12,36,작업자1
738,OUTBOUND,J,9581.29,10952.12,10952.12,11012.54,1370.83,33.33,22.23,4.84,0.00,0,0.00,1431.25,40,작업자4
739,INBOUND,E,9586.91,10953.62,10953.62,11014.46,1366.71,35.00,20.49,5.35,0.00,0,0.00,1427.55,42,작업자3
740,INBOUND,G,9591.53,10968.07,10968.07,11019.47,1376.54,26.67,19.58,5.16,0.00,0,0.00,1427.94,32,작업자2
741,INBOUND,E,9598.51,10991.77,10991.77,11056.65,1393.26,35.83,24.73,4.33,0.00,0,0.00,1458.14,43,작업자1
742,INBOUND,J,9604.36,11012.54,11012.54,11074.91,1408.18,37.50,20.07,4.80,0.00,0,0.00,1470.55,45,작업자4
743,OUTBOUND,G,9610.99,11014.46,11014.46,11072.90,1403.47,31.67,23.28,3.50,0.00,0,0.00,1461.91,38,작업자3
744,INBOUND,G,9617.37,11019.47,11019.47,11076.30,1402.10,30.00,21.70,5.12,0.00,0,0.00,1458.93,36,작업자2
745,OUTBOUND,H,9621.54,11056.65,11056.65,11101.06,1435.11,20.83,18.88,4.69,0.00,0,0.00,1479.52,25,작업자1
746,OUTBOUND,H,9627.59,11072.90,11072.90,11116.17,1445.31,20.00,18.58,4.70,0.00,0,0.00,1488.58,24,작업자3
747,OUTBOUND,H,9631.48,11074.91,11074.91,11117.19,1443.43,20.83,18.22,3.22,0.00,0,0.00,1485.71,25,작업자4
748,OUTBOUND,H,9637.64,11076.30,11076.30,11112.63,1438.66,16.67,15.87,3.79,0.00,0,0.00,1474.99,20,작업자2
749,INBOUND,C,9642.49,11101.06,11101.06,11157.33,1458.57,28.33,22.52,5.42,0.00,0,0.00,1514.84,34,작업자1
750,OUTBOUND,A,9647.82,11112.63,11112.63,11171.47,1464.81,36.67,18.21,3.96,0.00,0,0.00,1523.65,44,작업자2
751,INBOUND,I,9654.38,11116.17,11116.17,11170.82,1461.79,30.00,18.99,5.66,0.00,0,0.00,1516.44,36,작업자3
752,OUTBOUND,D,9658.58,11117.19,11117.19,11165.40,1458.61,26.67,17.86,3.67,0.00,0,0.00,1506.82,32,작업자4
753,OUTBOUND,I,9665.55,11157.33,11157.33,11201.55,1491.78,20.00,20.44,3.78,0.00,0,0.00,1536.00,24,작업자1
754,OUTBOUND,A,9669.81,11165.40,11165.40,11226.39,1495.59,35.00,22.73,3.27,0.00,0,0.00,1556.58,42,작업자4
755,OUTBOUND,E,9674.14,11170.82,11170.82,11223.16,1496.68,28.33,20.85,3.16,0.00,0,0.00,1549.02,34,작업자3
756,INBOUND,D,9677.16,11171.47,11171.47,11223.71,1494.31,28.33,18.11,5.80,0.00,0,0.00,1546.55,34,작업자2
757,OUTBOUND,C,9683.22,11201.55,11201.55,11243.37,1518.33,21.67,15.79,4.35,0.00,0,0.00,1560.15,26,작업자1
758,OUTBOUND,F,9688.68,11223.16,11223.16,11283.09,1534.48,35.00,21.32,3.61,0.00,0,0.00,1594.41,42,작업자3
759,OUTBOUND,C,9695.54,11223.71,11223.71,11260.61,1528.17,15.00,17.29,4.61,0.00,0,0.00,1565.07,18,작업자2
760,INBOUND,C,9699.34,11226.39,11226.39,11277.23,1527.05,28.33,18.13,4.38,0.00,0,0.00,1577.89,34,작업자4
761,OUTBOUND,C,9705.36,11243.37,11243.37,11291.88,1538.01,25.00,20.37,3.15,0.00,0,0.00,1586.52,30,작업자1
762,INBOUND,B,9708.38,11260.61,11260.61,11316.03,1552.23,30.83,20.18,4.41,0.00,0,0.00,1607.65,37,작업자2
763,OUTBOUND,C,9714.89,11277.23,11277.23,11313.37,1562.34,13.33,18.51,4.29,0.00,0,0.00,1598.48,16,작업자4
764,INBOUND,C,9719.90,11283.09,11283.09,11337.18,1563.19,28.33,21.50,4.26,0.00,0,0.00,1617.28,34,작업자3
765,INBOUND,H,9724.09,11291.88,11291.88,11345.57,1567.79,30.00,18.92,4.76,0.00,0,0.00,1621.48,36,작업자1
766,OUTBOUND,E,9730.65,11313.37,11313.37,11369.17,1582.72,35.00,16.35,4.45,0.00,0,0.00,1638.52,42,작업자4
767,INBOUND,I,9735.08,11316.03,11316.03,11365.70,1580.95,25.83,18.54,5.30,0.00,0,0.00,1630.62,31,작업자2
768,INBOUND,B,9739.00,11337.18,11337.18,11388.84,1598.18,23.33,22.47,5.85,0.00,0,0.00,1649.84,28,작업자3
769,OUTBOUND,D,9744.93,11345.57,11345.57,11390.33,1600.64,18.33,21.77,4.66,0.00,0,0.00,1645.40,22,작업자1
770,INBOUND,A,9749.40,11365.70,11365.70,11420.87,1616.30,31.67,18.55,4.95,0.00,0,0.00,1671.47,38,작업자2
771,OUTBOUND,C,9755.90,11369.17,11369.17,11420.29,1613.27,23.33,23.07,4.72,0.00,0,0.00,1664.39,28,작업자4
772,OUTBOUND,J,9762.88,11388.84,11388.84,11451.52,1625.96,36.67,22.70,3.32,0.00,0,0.00,1688.64,44,작업자3
773,INBOUND,F,9765.96,11390.33,11390.33,11456.60,1624.37,37.50,23.30,5.46,0.00,0,0.00,1690.64,45,작업자1
774,INBOUND,I,9770.48,11420.29,11420.29,11478.26,1649.81,30.83,21.58,5.56,0.00,0,0.00,1707.78,37,작업자4
775,INBOUND,J,9774.10,11420.87,11420.87,11484.64,1646.77,35.00,23.88,4.88,0.00,0,0.00,1710.54,42,작업자2
776,INBOUND,J,9778.30,11451.52,11451.52,11510.96,1673.22,35.00,19.88,4.56,0.00,0,0.00,1732.66,42,작업자3
777,INBOUND,B,9782.38,11456.60,11456.60,11510.06,1674.22,30.83,17.83,4.80,0.00,0,0.00,1727.68,37,작업자1
778,OUTBOUND,C,9788.70,11478.26,11478.26,11520.04,1689.56,15.83,21.73,4.22,0.00,0,0.00,1731.34,19,작업자4
779,INBOUND,D,9792.16,11484.64,11484.64,11535.40,1692.48,28.33,17.39,5.04,0.00,0,0.00,1743.24,34,작업자2
780,OUTBOUND,D,9795.96,11510.06,11510.06,11557.45,1714.10,20.00,22.62,4.76,0.00,0,0.00,1761.49,24,작업자1
781,INBOUND,C,9801.77,11510.96,11510.96,11561.11,1709.19,26.67,18.38,5.11,0.00,0,0.00,1759.34,32,작업자3
782,OUTBOUND,I,9806.76,11520.04,11520.04,11562.46,1713.28,20.00,18.45,3.97,0.00,0,0.00,1755.70,24,작업자4
783,INBOUND,C,9810.70,11535.40,11535.40,11578.07,1724.70,21.67,15.80,5.20,0.00,0,0.00,1767.37,26,작업자2
784,OUTBOUND,B,9817.04,11557.45,11557.45,11612.00,1740.41,30.00,19.85,4.70,0.00,0,0.00,1794.96,36,작업자1
785,OUTBOUND,C,9823.15,11561.11,11561.11,11598.14,1737.96,13.33,18.94,4.76,0.00,0,0.00,1774.99,16,작업자3
786,INBOUND,H,9828.73,11562.46,11562.46,11616.50,1733.73,30.00,18.33,5.71,0.00,0,0.00,1787.77,36,작업자4
787,OUTBOUND,D,9833.59,11578.07,11578.07,11620.59,1744.48,20.00,19.25,3.28,0.00,0,0.00,1787.00,24,작업자2
788,INBOUND,H,9840.00,11598.14,11598.14,11653.79,1758.14,30.00,19.98,5.66,0.00,0,0.00,1813.79,36,작업자3
789,OUTBOUND,C,9845.95,11612.00,11612.00,11660.61,1766.05,23.33,21.01,4.26,0.00,0,0.00,1814.66,28,작업자1
790,OUTBOUND,B,9852.36,11616.50,11616.50,11660.84,1764.14,21.67,18.23,4.43,0.00,0,0.00,1808.48,26,작업자4
791,OUTBOUND,H,9856.79,11620.59,11620.59,11666.57,1763.80,18.33,23.62,4.03,0.00,0,0.00,1809.78,22,작업자2
792,OUTBOUND,C,9861.28,11653.79,11653.79,11689.54,1792.51,15.00,17.41,3.34,0.00,0,0.00,1828.26,18,작업자3
793,OUTBOUND,I,9865.88,11660.61,11660.61,11710.89,1794.73,25.00,21.83,3.45,0.00,0,0.00,1845.01,30,작업자1
794,INBOUND,J,9872.28,11660.84,11660.84,11723.10,1788.56,36.67,20.00,5.60,0.00,0,0.00,1850.82,44,작업자4
795,OUTBOUND,A,9875.74,11666.57,11666.57,11728.60,1790.83,35.00,22.44,4.58,0.00,0,0.00,1852.86,42,작업자2
796,INBOUND,F,9879.15,11689.54,11689.54,11746.85,1810.39,35.83,16.46,5.01,0.00,0,0.00,1867.70,43,작업자3
797,OUTBOUND,I,9884.86,11710.89,11710.89,11755.77,1826.03,21.67,18.55,4.67,0.00,0,0.00,1870.91,26,작업자1
798,INBOUND,J,9890.31,11723.10,11723.10,11785.00,1832.79,35.83,20.91,5.16,0.00,0,0.00,1894.69,43,작업자4
799,OUTBOUND,I,9895.24,11728.60,11728.60,11773.81,1833.36,20.00,21.42,3.80,0.00,0,0.00,1878.57,24,작업자2
800,OUTBOUND,H,9898.43,11746.85,11746.85,11790.25,1848.42,19.17,19.59,4.64,0.00,0,0.00,1891.82,23,작업자3
801,OUTBOUND,I,9920.47,11755.77,11755.77,11803.66,1835.30,23.33,20.72,3.84,0.00,0,0.00,1883.19,28,작업자1
802,OUTBOUND,D,9942.71,11773.81,11773.81,11820.69,1831.10,25.00,18.76,3.12,0.00,0,0.00,1877.98,30,작업자2
803,OUTBOUND,J,9962.90,11785.00,11785.00,11828.83,1822.10,17.50,23.21,3.12,0.00,0,0.00,1865.93,21,작업자4
804,INBOUND,D,9982.23,11790.25,11790.25,11848.77,1808.02,30.83,23.13,4.55,0.00,0,0.00,1866.54,37,작업자3
805,OUTBOUND,G,10000.69,11803.66,11803.66,11850.98,1802.97,23.33,20.26,3.73,0.00,0,0.00,1850.29,28,작업자1
806,INBOUND,I,10024.08,11820.69,11820.69,11877.62,1796.61,30.00,22.38,4.55,0.00,0,0.00,1853.54,36,작업자2
807,INBOUND,C,10039.62,11828.83,11828.83,11881.79,1789.21,28.33,19.82,4.81,0.00,0,0.00,1842.17,34,작업자4
808,OUTBOUND,H,10063.11,11848.77,11848.77,11890.92,1785.66,15.83,22.12,4.20,0.00,0,0.00,1827.81,19,작업자3
809,OUTBOUND,H,10078.86,11850.98,11850.98,11892.17,1772.12,20.00,16.31,4.88,0.00,0,0.00,1813.31,24,작업자1
810,OUTBOUND,E,10096.27,11877.62,11877.62,11929.88,1781.35,26.67,21.21,4.38,0.00,0,0.00,1833.61,32,작업자2
811,OUTBOUND,I,10116.34,11881.79,11881.79,11926.97,1765.45,20.00,20.70,4.48,0.00,0,0.00,1810.63,24,작업자4
812,OUTBOUND,D,10135.37,11890.92,11890.92,11945.99,1755.55,26.67,24.22,4.18,0.00,0,0.00,1810.62,32,작업자3
813,OUTBOUND,J,10154.96,11892.17,11892.17,11951.95,1737.21,33.33,22.17,4.28,0.00,0,0.00,1796.99,40,작업자1
814,OUTBOUND,H,10170.84,11926.97,11926.97,11972.79,1756.13,20.00,22.02,3.80,0.00,0,0.00,1801.95,24,작업자4
815,OUTBOUND,H,10189.00,11929.88,11929.88,11971.37,1740.88,20.00,18.05,3.44,0.00,0,0.00,1782.37,24,작업자2
816,OUTBOUND,G,10205.03,11945.99,11945.99,11992.80,1740.96,21.67,20.63,4.51,0.00,0,0.00,1787.77,26,작업자3
817,INBOUND,A,10225.60,11951.95,11951.95,12016.96,1726.35,36.67,22.61,5.73,0.00,0,0.00,1791.36,44,작업자1
818,OUTBOUND,J,10248.52,11971.37,11971.37,12030.20,1722.85,33.33,22.22,3.28,0.00,0,0.00,1781.68,40,작업자2
819,OUTBOUND,I,10266.56,11972.79,11972.79,12016.90,1706.23,21.67,17.97,4.47,0.00,0,0.00,1750.34,26,작업자4
820,INBOUND,H,10283.63,11992.80,11992.80,12043.98,1709.17,29.17,17.58,4.43,0.00,0,0.00,1760.35,35,작업자3
821,OUTBOUND,A,10302.27,12016.90,12016.90,12075.70,1714.63,35.00,19.29,4.52,0.00,0,0.00,1773.43,42,작업자4
822,INBOUND,H,10319.50,12016.96,12016.96,12072.43,1697.46,30.00,20.77,4.70,0.00,0,0.00,1752.93,36,작업자1
823,OUTBOUND,J,10340.10,12030.20,12030.20,12087.84,1690.10,31.67,21.17,4.80,0.00,0,0.00,1747.74,38,작업자2
824,INBOUND,F,10359.83,12043.98,12043.98,12102.41,1684.15,30.83,23.37,4.23,0.00,0,0.00,1742.58,37,작업자3
825,OUTBOUND,B,10379.35,12072.43,12072.43,12114.41,1693.08,20.00,17.35,4.64,0.00,0,0.00,1735.06,24,작업자1
826,INBOUND,F,10394.38,12075.70,12075.70,12137.63,1681.32,38.33,19.24,4.35,0.00,0,0.00,1743.25,46,작업자4
827,INBOUND,E,10419.02,12087.84,12087.84,12147.52,1668.82,33.33,20.62,5.73,0.00,0,0.00,1728.50,40,작업자2
828,INBOUND,B,10439.24,12102.41,12102.41,12159.67,1663.17,33.33,18.42,5.50,0.00,0,0.00,1720.43,40,작업자3
829,OUTBOUND,H,10463.21,12114.41,12114.41,12159.19,1651.20,21.67,18.64,4.47,0.00,0,0.00,1695.98,26,작업자1
830,OUTBOUND,G,10486.43,12137.63,12137.63,12179.21,1651.20,18.33,18.77,4.47,0.00,0,0.00,1692.78,22,작업자4
831,OUTBOUND,D,10503.97,12147.52,12147.52,12186.28,1643.55,16.67,18.27,3.83,0.00,0,0.00,1682.31,20,작업자2
832,OUTBOUND,G,10520.18,12159.19,12159.19,12208.70,1639.01,25.00,21.06,3.46,0.00,0,0.00,1688.52,30,작업자1
833,OUTBOUND,D,10539.75,12159.67,12159.67,12203.18,1619.92,21.67,17.25,4.60,0.00,0,0.00,1663.43,26,작업자3
834,OUTBOUND,G,10558.13,12179.21,12179.21,12228.48,1621.08,26.67,19.05,3.55,0.00,0,0.00,1670.35,32,작업자4
835,INBOUND,J,10582.39,12186.28,12186.28,12244.35,1603.89,35.00,17.72,5.35,0.00,0,0.00,1661.96,42,작업자2
836,INBOUND,H,10605.11,12203.18,12203.18,12257.10,1598.07,30.00,18.76,5.16,0.00,0,0.00,1651.99,36,작업자3
837,INBOUND,I,10626.70,12208.70,12208.70,12265.83,1582.00,32.50,20.00,4.62,0.00,0,0.00,1639.13,39,작업자1
838,OUTBOUND,A,10651.34,12228.48,12228.48,12296.54,1577.14,40.00,23.34,4.72,0.00,0,0.00,1645.20,48,작업자4
839,INBOUND,I,10673.70,12244.35,12244.35,12300.35,1570.65,28.33,22.92,4.75,0.00,0,0.00,1626.65,34,작업자2
840,OUTBOUND,H,10697.09,12257.10,12257.10,12289.72,1560.01,10.00,19.29,3.34,0.00,0,0.00,1592.63,12,작업자3
841,OUTBOUND,C,10719.90,12265.83,12265.83,12309.43,1545.93,19.17,20.68,3.76,0.00,0,0.00,1589.53,23,작업자1
842,INBOUND,C,10736.64,12289.72,12289.72,12340.77,1553.08,27.50,18.28,5.27,0.00,0,0.00,1604.13,33,작업자3
843,OUTBOUND,J,10755.51,12296.54,12296.54,12354.51,1541.03,33.33,20.34,4.29,0.00,0,0.00,1599.00,40,작업자4
844,OUTBOUND,I,10779.34,12300.35,12300.35,12339.25,1521.01,15.00,20.05,3.85,0.00,0,0.00,1559.91,18,작업자2
845,INBOUND,J,10798.52,12309.43,12309.43,12367.20,1510.91,35.00,17.98,4.78,0.00,0,0.00,1568.68,42,작업자1
846,OUTBOUND,E,10821.15,12339.25,12339.25,12397.84,1518.10,33.33,20.97,4.29,0.00,0,0.00,1576.69,40,작업자2
847,INBOUND,E,10845.78,12340.77,12340.77,12389.35,1494.99,25.83,17.45,5.29,0.00,0,0.00,1543.57,31,작업자3
848,OUTBOUND,C,10868.83,12354.51,12354.51,12402.61,1485.68,23.33,21.45,3.31,0.00,0,0.00,1533.78,28,작업자4
849,OUTBOUND,I,10889.86,12367.20,12367.20,12401.26,1477.34,15.00,15.60,3.46,0.00,0,0.00,1511.40,18,작업자1
850,INBOUND,I,10913.29,12389.35,12389.35,12442.65,1476.06,28.33,20.40,4.57,0.00,0,0.00,1529.36,34,작업자3
851,OUTBOUND,I,10935.41,12397.84,12397.84,12438.69,1462.43,20.00,17.38,3.47,0.00,0,0.00,1503.28,24,작업자2
852,OUTBOUND,J,10952.41,12401.26,12401.26,12456.17,1448.85,30.00,20.60,4.31,0.00,0,0.00,1503.76,36,작업자1
853,OUTBOUND,F,10970.32,12402.61,12402.61,12463.26,1432.29,33.33,23.95,3.37,0.00,0,0.00,1492.94,40,작업자4
854,INBOUND,C,10986.65,12438.69,12438.69,12489.60,1452.04,28.33,18.31,4.26,0.00,0,0.00,1502.95,34,작업자2
855,OUTBOUND,F,11007.07,12442.65,12442.65,12498.81,1435.58,33.33,19.19,3.63,0.00,0,0.00,1491.74,40,작업자3
856,INBOUND,F,11023.23,12456.17,12456.17,12512.00,1432.94,35.83,15.06,4.94,0.00,0,0.00,1488.77,43,작업자1
857,INBOUND,J,11043.03,12463.26,12463.26,12524.66,1420.23,35.00,21.77,4.62,0.00,0,0.00,1481.63,42,작업자4
858,INBOUND,I,11065.13,12489.60,12489.60,12538.73,1424.47,23.33,21.52,4.27,0.00,0,0.00,1473.60,28,작업자2
859,OUTBOUND,G,11088.91,12498.81,12498.81,12543.93,1409.90,21.67,19.56,3.89,0.00,0,0.00,1455.02,26,작업자3
860,INBOUND,B,11104.03,12512.00,12512.00,12569.85,1407.97,30.83,21.80,5.22,0.00,0,0.00,1465.82,37,작업자1
861,OUTBOUND,A,11122.84,12524.66,12524.66,12589.10,1401.82,41.67,19.19,3.59,0.00,0,0.00,1466.26,50,작업자4
862,OUTBOUND,E,11138.41,12538.73,12538.73,12590.93,1400.32,26.67,21.27,4.27,0.00,0,0.00,1452.52,32,작업자2
863,INBOUND,E,11163.24,12543.93,12543.93,12599.58,1380.69,33.33,16.78,5.53,0.00,0,0.00,1436.34,40,작업자3
864,INBOUND,E,11186.64,12569.85,12569.85,12623.25,1383.21,28.33,19.27,5.80,0.00,0,0.00,1436.61,34,작업자1
865,OUTBOUND,A,11209.17,12589.10,12589.10,12654.28,1379.93,40.00,21.39,3.78,0.00,0,0.00,1445.11,48,작업자4
866,OUTBOUND,B,11232.31,12590.93,12590.93,12640.50,1358.62,26.67,18.29,4.61,0.00,0,0.00,1408.19,32,작업자2
867,INBOUND,I,11255.99,12599.58,12599.58,12652.43,1343.59,29.17,17.83,5.85,0.00,0,0.00,1396.44,35,작업자3
868,INBOUND,I,11278.42,12623.25,12623.25,12671.57,1344.83,26.67,16.81,4.84,0.00,0,0.00,1393.15,32,작업자1
869,INBOUND,E,11295.79,12640.50,12640.50,12703.50,1344.71,35.83,21.80,5.37,0.00,0,0.00,1407.71,43,작업자2
870,INBOUND,G,11317.44,12652.43,12652.43,12705.18,1334.99,26.67,20.97,5.12,0.00,0,0.00,1387.74,32,작업자3
871,INBOUND,F,11336.60,12654.28,12654.28,12717.18,1317.68,37.50,20.36,5.04,0.00,0,0.00,1380.58,45,작업자4
872,OUTBOUND,E,11352.14,12671.57,12671.57,12717.25,1319.43,23.33,18.56,3.79,0.00,0,0.00,1365.11,28,작업자1
873,OUTBOUND,H,11373.35,12703.50,12703.50,12754.53,1330.15,24.17,23.67,3.20,0.00,0,0.00,1381.18,29,작업자2
874,OUTBOUND,F,11397.46,12705.18,12705.18,12754.86,1307.72,24.17,20.88,4.63,0.00,0,0.00,1357.40,29,작업자3
875,INBOUND,J,11418.35,12717.18,12717.18,12777.49,1298.83,37.50,17.14,5.66,0.00,0,0.00,1359.14,45,작업자4
876,INBOUND,D,11441.11,12717.25,12717.25,12770.11,1276.14,28.33,18.68,5.85,0.00,0,0.00,1329.00,34,작업자1
877,OUTBOUND,B,11460.60,12754.53,12754.53,12805.91,1293.93,28.33,18.50,4.54,0.00,0,0.00,1345.31,34,작업자2
878,OUTBOUND,I,11485.22,12754.86,12754.86,12802.11,1269.64,23.33,20.60,3.31,0.00,0,0.00,1316.89,28,작업자3
879,OUTBOUND,G,11503.99,12770.11,12770.11,12818.21,1266.12,25.00,19.25,3.84,0.00,0,0.00,1314.22,30,작업자1
880,INBOUND,C,11524.56,12777.49,12777.49,12829.65,1252.93,29.17,17.90,5.10,0.00,0,0.00,1305.09,35,작업자4
881,OUTBOUND,E,11545.40,12802.11,12802.11,12862.40,1256.71,36.67,20.15,3.47,0.00,0,0.00,1317.00,44,작업자3
882,INBOUND,C,11563.70,12805.91,12805.91,12858.65,1242.21,29.17,18.27,5.31,0.00,0,0.00,1294.95,35,작업자2
883,OUTBOUND,F,11580.24,12818.21,12818.21,12877.47,1237.97,36.67,18.38,4.22,0.00,0,0.00,1297.23,44,작업자1
884,OUTBOUND,J,11595.75,12829.65,12829.65,12881.42,1233.90,27.50,20.96,3.31,0.00,0,0.00,1285.67,33,작업자4
885,OUTBOUND,H,11617.37,12858.65,12858.65,12895.99,1241.28,12.50,20.25,4.59,0.00,0,0.00,1278.62,15,작업자2
886,INBOUND,F,11633.10,12862.40,12862.40,12925.56,1229.30,36.67,20.65,5.84,0.00,0,0.00,1292.46,44,작업자3
887,INBOUND,C,11650.30,12877.47,12877.47,12929.20,1227.17,28.33,19.21,4.18,0.00,0,0.00,1278.90,34,작업자1
888,INBOUND,I,11665.98,12881.42,12881.42,12936.59,1215.44,32.50,17.28,5.40,0.00,0,0.00,1270.61,39,작업자4
889,INBOUND,I,11685.14,12895.99,12895.99,12953.84,1210.85,30.83,21.24,5.77,0.00,0,0.00,1268.70,37,작업자2
890,OUTBOUND,D,11701.06,12925.56,12925.56,12981.86,1224.50,31.67,19.87,4.77,0.00,0,0.00,1280.80,38,작업자3
891,OUTBOUND,F,11718.19,12929.20,12929.20,12982.89,1211.01,26.67,23.11,3.91,0.00,0,0.00,1264.70,32,작업자1
892,OUTBOUND,D,11736.80,12936.59,12936.59,12977.65,1199.79,15.83,21.22,4.00,0.00,0,0.00,1240.85,19,작업자4
893,INBOUND,H,11757.98,12953.84,12953.84,13005.05,1195.86,24.17,21.98,5.05,0.00,0,0.00,1247.07,29,작업자2
894,OUTBOUND,A,11781.22,12977.65,12977.65,13038.92,1196.43,36.67,21.19,3.42,0.00,0,0.00,1257.70,44,작업자4
895,OUTBOUND,H,11802.91,12981.86,12981.86,13025.70,1178.95,20.00,20.05,3.80,0.00,0,0.00,1222.79,24,작업자3
896,INBOUND,J,11826.95,12982.89,12982.89,13044.37,1155.94,35.83,20.47,5.18,0.00,0,0.00,1217.42,43,작업자1
897,OUTBOUND,A,11844.39,13005.05,13005.05,13061.88,1160.66,28.33,24.91,3.59,0.00,0,0.00,1217.49,34,작업자2
898,OUTBOUND,G,11868.25,13025.70,13025.70,13076.43,1157.45,23.33,24.05,3.34,0.00,0,0.00,1208.18,28,작업자3
899,OUTBOUND,I,11887.11,13038.92,13038.92,13083.38,1151.81,20.00,20.82,3.64,0.00,0,0.00,1196.27,24,작업자4
900,INBOUND,I,11902.35,13044.37,13044.37,13103.23,1142.02,29.17,24.33,5.36,0.00,0,0.00,1200.88,35,작업자1
901,OUTBOUND,I,11922.50,13061.88,13061.88,13107.44,1139.38,21.67,20.27,3.62,0.00,0,0.00,1184.94,26,작업자2
902,INBOUND,E,11942.37,13076.43,13076.43,13139.01,1134.06,35.00,22.86,4.72,0.00,0,0.00,1196.64,42,작업자3
903,INBOUND,I,11959.29,13083.38,13083.38,13140.40,1124.09,31.67,19.53,5.82,0.00,0,0.00,1181.11,38,작업자4
904,INBOUND,C,11983.77,13103.23,13103.23,13148.29,1119.46,20.83,19.92,4.31,0.00,0,0.00,1164.52,25,작업자1
905,INBOUND,B,12004.10,13107.44,13107.44,13165.29,1103.34,30.00,22.54,5.30,0.00,0,0.00,1161.19,36,작업자2
906,INBOUND,D,12025.81,13139.01,13139.01,13194.90,1113.20,29.17,22.10,4.61,0.00,0,0.00,1169.09,35,작업자3
907,OUTBOUND,B,12045.05,13140.40,13140.40,13188.79,1095.35,28.33,16.60,3.46,0.00,0,0.00,1143.74,34,작업자4
908,OUTBOUND,G,12065.43,13148.29,13148.29,13189.19,1082.86,17.50,19.84,3.55,0.00,0,0.00,1123.76,21,작업자1
909,INBOUND,C,12087.90,13165.29,13165.29,13214.04,1077.39,21.67,21.48,5.61,0.00,0,0.00,1126.14,26,작업자2
910,OUTBOUND,F,12107.49,13188.79,13188.79,13247.07,1081.30,36.67,16.94,4.66,0.00,0,0.00,1139.58,44,작업자4
911,OUTBOUND,A,12123.36,13189.19,13189.19,13256.56,1065.83,40.00,23.26,4.11,0.00,0,0.00,1133.20,48,작업자1
912,INBOUND,I,12146.31,13194.90,13194.90,13245.73,1048.59,25.83,20.48,4.53,0.00,0,0.00,1099.42,31,작업자3
913,OUTBOUND,D,12167.06,13214.04,13214.04,13260.80,1046.98,20.00,21.93,4.82,0.00,0,0.00,1093.74,24,작업자2
914,OUTBOUND,H,12186.13,13245.73,13245.73,13286.31,1059.60,15.00,22.45,3.12,0.00,0,0.00,1100.18,18,작업자3
915,OUTBOUND,F,12205.18,13247.07,13247.07,13308.11,1041.89,36.67,19.71,4.67,0.00,0,0.00,1102.93,44,작업자4
916,INBOUND,B,12224.07,13256.56,13256.56,13314.88,1032.49,30.00,22.73,5.59,0.00,0,0.00,1090.81,36,작업자1
917,INBOUND,J,12239.13,13260.80,13260.80,13325.86,1021.67,37.50,22.11,5.46,0.00,0,0.00,1086.73,45,작업자2
918,OUTBOUND,J,12261.69,13286.31,13286.31,13346.83,1024.62,35.00,21.20,4.33,0.00,0,0.00,1085.14,42,작업자3
919,INBOUND,B,12283.70,13308.11,13308.11,13360.87,1024.41,30.00,18.33,4.44,0.00,0,0.00,1077.17,36,작업자4
920,OUTBOUND,B,12307.98,13314.88,13314.88,13351.00,1006.90,13.33,18.63,4.15,0.00,0,0.00,1043.02,16,작업자1
921,INBOUND,E,12330.85,13325.86,13325.86,13382.64,995.01,34.17,18.05,4.56,0.00,0,0.00,1051.79,41,작업자2
922,INBOUND,H,12346.71,13346.83,13346.83,13402.76,1000.12,30.83,20.71,4.38,0.00,0,0.00,1056.05,37,작업자3
923,OUTBOUND,A,12365.66,13351.00,13351.00,13412.95,985.34,36.67,21.15,4.13,0.00,0,0.00,1047.29,44,작업자1
924,INBOUND,D,12382.23,13360.87,13360.87,13405.91,978.64,21.67,18.63,4.74,0.00,0,0.00,1023.68,26,작업자4
925,OUTBOUND,I,12404.70,13382.64,13382.64,13419.98,977.94,16.67,16.82,3.85,0.00,0,0.00,1015.28,20,작업자2
926,INBOUND,C,12429.30,13402.76,13402.76,13446.55,973.46,22.50,16.22,5.07,0.00,0,0.00,1017.25,27,작업자3
927,OUTBOUND,F,12451.07,13405.91,13405.91,13461.43,954.84,33.33,17.73,4.45,0.00,0,0.00,1010.36,40,작업자4
928,OUTBOUND,I,12471.60,13412.95,13412.95,13465.46,941.35,25.00,22.64,4.87,0.00,0,0.00,993.86,30,작업자1
929,OUTBOUND,A,12487.84,13419.98,13419.98,13478.77,932.14,36.67,17.40,4.73,0.00,0,0.00,990.93,44,작업자2
930,OUTBOUND,I,12508.80,13446.55,13446.55,13489.96,937.75,16.67,22.42,4.33,0.00,0,0.00,981.16,20,작업자3
931,OUTBOUND,E,12533.27,13461.43,13461.43,13520.06,928.16,33.33,21.51,3.79,0.00,0,0.00,986.79,40,작업자4
932,INBOUND,F,12555.76,13465.46,13465.46,13531.38,909.70,38.33,22.52,5.07,0.00,0,0.00,975.62,46,작업자1
933,OUTBOUND,I,12574.88,13478.77,13478.77,13521.94,903.89,20.00,19.99,3.18,0.00,0,0.00,947.06,24,작업자2
934,INBOUND,D,12591.49,13489.96,13489.96,13546.66,898.47,29.17,21.81,5.72,0.00,0,0.00,955.17,35,작업자3
935,INBOUND,D,12614.84,13520.06,13520.06,13571.32,905.22,28.33,18.53,4.40,0.00,0,0.00,956.48,34,작업자4
936,INBOUND,J,12631.65,13521.94,13521.94,13585.51,890.29,35.83,23.52,4.22,0.00,0,0.00,953.86,43,작업자2
937,OUTBOUND,I,12655.17,13531.38,13531.38,13584.21,876.21,30.00,18.47,4.36,0.00,0,0.00,929.04,36,작업자1
938,INBOUND,B,12676.61,13546.66,13546.66,13598.92,870.05,22.50,23.90,5.86,0.00,0,0.00,922.31,27,작업자3
939,OUTBOUND,E,12698.33,13571.32,13571.32,13617.01,872.99,21.67,20.32,3.70,0.00,0,0.00,918.68,26,작업자4
940,INBOUND,J,12715.31,13584.21,13584.21,13643.37,868.90,35.00,19.89,4.26,0.00,0,0.00,928.06,42,작업자1
941,OUTBOUND,F,12739.82,13585.51,13585.51,13647.39,845.69,39.17,18.91,3.80,0.00,0,0.00,907.57,47,작업자2
942,INBOUND,D,12761.53,13598.92,13598.92,13646.87,837.39,23.33,19.39,5.23,0.00,0,0.00,885.34,28,작업자3
943,OUTBOUND,B,12779.38,13617.01,13617.01,13672.46,837.63,30.00,20.99,4.46,0.00,0,0.00,893.08,36,작업자4
944,INBOUND,H,12797.56,13643.37,13643.37,13698.74,845.81,28.33,21.89,5.15,0.00,0,0.00,901.18,34,작업자1
945,OUTBOUND,E,12818.73,13646.87,13646.87,13691.36,828.14,23.33,17.90,3.26,0.00,0,0.00,872.63,28,작업자3
946,INBOUND,F,12839.38,13647.39,13647.39,13710.83,808.01,37.50,20.46,5.48,0.00,0,0.00,871.45,45,작업자2
947,INBOUND,C,12863.97,13672.46,13672.46,13723.27,808.49,27.50,18.36,4.95,0.00,0,0.00,859.30,33,작업자4
948,INBOUND,D,12882.10,13691.36,13691.36,13744.62,809.26,28.33,19.38,5.54,0.00,0,0.00,862.52,34,작업자3
949,INBOUND,G,12904.50,13698.74,13698.74,13754.23,794.24,26.67,23.50,5.32,0.00,0,0.00,849.73,32,작업자1
950,OUTBOUND,C,12927.90,13710.83,13710.83,13759.84,782.93,24.17,20.75,4.10,0.00,0,0.00,831.94,29,작업자2
951,INBOUND,H,12950.23,13723.27,13723.27,13768.28,773.04,21.67,19.03,4.32,0.00,0,0.00,818.05,26,작업자4
952,OUTBOUND,E,12969.68,13744.62,13744.62,13793.85,774.94,21.67,22.84,4.73,0.00,0,0.00,824.17,26,작업자3
953,INBOUND,C,12990.20,13754.23,13754.23,13804.20,764.03,25.00,20.25,4.72,0.00,0,0.00,814.00,30,작업자1
954,INBOUND,E,13011.27,13759.84,13759.84,13817.56,748.57,35.00,18.33,4.39,0.00,0,0.00,806.29,42,작업자2
955,OUTBOUND,D,13035.18,13768.28,13768.28,13810.46,733.10,17.50,20.04,4.63,0.00,0,0.00,775.28,21,작업자4
956,INBOUND,B,13057.51,13793.85,13793.85,13852.96,736.34,31.67,21.66,5.78,0.00,0,0.00,795.45,38,작업자3
957,OUTBOUND,A,13073.27,13804.20,13804.20,13856.51,730.93,31.67,16.24,4.41,0.00,0,0.00,783.24,38,작업자1
958,OUTBOUND,J,13094.58,13810.46,13810.46,13868.04,715.88,35.00,18.30,4.28,0.00,0,0.00,773.46,42,작업자4
959,INBOUND,D,13117.28,13817.56,13817.56,13870.64,700.28,28.33,20.47,4.28,0.00,0,0.00,753.36,34,작업자2
960,OUTBOUND,I,13137.79,13852.96,13852.96,13903.25,715.17,26.67,19.47,4.15,0.00,0,0.00,765.46,32,작업자3
961,OUTBOUND,C,13157.51,13856.51,13856.51,13901.49,699.00,21.67,19.44,3.87,0.00,0,0.00,743.98,26,작업자1
962,INBOUND,J,13176.44,13868.04,13868.04,13929.49,691.60,37.50,19.84,4.11,0.00,0,0.00,753.05,45,작업자4
963,OUTBOUND,C,13200.01,13870.64,13870.64,13911.27,670.63,16.67,19.54,4.42,0.00,0,0.00,711.26,20,작업자2
964,OUTBOUND,B,13220.02,13901.49,13901.49,13951.87,681.47,25.00,21.73,3.65,0.00,0,0.00,731.85,30,작업자1
965,INBOUND,A,13238.66,13903.25,13903.25,13964.74,664.59,35.00,21.40,5.09,0.00,0,0.00,726.08,42,작업자3
966,OUTBOUND,J,13262.14,13911.27,13911.27,13967.70,649.13,31.67,21.19,3.57,0.00,0,0.00,705.56,38,작업자2
967,INBOUND,C,13284.71,13929.49,13929.49,13978.92,644.78,29.17,14.57,5.70,0.00,0,0.00,694.21,35,작업자4
968,INBOUND,J,13301.30,13951.87,13951.87,14011.82,650.57,36.67,18.27,5.01,0.00,0,0.00,710.52,44,작업자1
969,INBOUND,C,13322.90,13964.74,13964.74,14018.20,641.84,26.67,21.63,5.16,0.00,0,0.00,695.30,32,작업자3
970,OUTBOUND,F,13345.22,13967.70,13967.70,14028.52,622.48,33.33,23.73,3.76,0.00,0,0.00,683.30,40,작업자2
971,OUTBOUND,H,13362.41,13978.92,13978.92,14015.73,616.51,13.33,19.86,3.62,0.00,0,0.00,653.32,16,작업자4
972,OUTBOUND,F,13378.04,14011.82,14011.82,14075.33,633.78,40.00,19.51,4.00,0.00,0,0.00,697.29,48,작업자1
973,OUTBOUND,D,13393.46,14015.73,14015.73,14069.54,622.27,26.67,22.94,4.21,0.00,0,0.00,676.08,32,작업자4
974,INBOUND,F,13417.54,14018.20,14018.20,14070.56,600.66,30.00,17.96,4.40,0.00,0,0.00,653.02,36,작업자3
975,OUTBOUND,H,13437.24,14028.52,14028.52,14077.52,591.28,20.00,24.57,4.42,0.00,0,0.00,640.28,24,작업자2
976,INBOUND,F,13452.64,14069.54,14069.54,14129.84,616.90,36.67,18.66,4.97,0.00,0,0.00,677.20,44,작업자4
977,OUTBOUND,I,13474.67,14070.56,14070.56,14117.97,595.89,28.33,15.61,3.47,0.00,0,0.00,643.30,34,작업자3
978,OUTBOUND,E,13498.02,14075.33,14075.33,14139.52,577.31,38.33,21.94,3.92,0.00,0,0.00,641.50,46,작업자1
979,INBOUND,C,13518.47,14077.52,14077.52,14131.34,559.05,27.50,22.14,4.18,0.00,0,0.00,612.87,33,작업자2
980,INBOUND,F,13540.00,14117.97,14117.97,14181.92,577.97,38.33,20.57,5.04,0.00,0,0.00,641.92,46,작업자3
981,INBOUND,B,13561.54,14129.84,14129.84,14184.43,568.30,30.83,18.67,5.08,0.00,0,0.00,622.89,37,작업자4
982,INBOUND,D,13579.05,14131.34,14131.34,14177.77,552.29,20.83,20.31,5.28,0.00,0,0.00,598.72,25,작업자2
983,INBOUND,F,13598.11,14139.52,14139.52,14205.40,541.41,38.33,21.81,5.73,0.00,0,0.00,607.29,46,작업자1
984,INBOUND,J,13621.04,14177.77,14177.77,14231.35,556.73,28.33,20.27,4.98,0.00,0,0.00,610.31,34,작업자2
985,OUTBOUND,C,13641.06,14181.92,14181.92,14226.74,540.86,25.00,15.56,4.26,0.00,0,0.00,585.68,30,작업자3
986,INBOUND,B,13657.71,14184.43,14184.43,14234.69,526.72,25.83,19.95,4.48,0.00,0,0.00,576.98,31,작업자4
987,OUTBOUND,D,13679.15,14205.40,14205.40,14260.97,526.25,33.33,17.83,4.40,0.00,0,0.00,581.82,40,작업자1
988,OUTBOUND,F,13696.02,14226.74,14226.74,14280.75,530.72,31.67,18.96,3.39,0.00,0,0.00,584.73,38,작업자3
989,OUTBOUND,B,13718.19,14231.35,14231.35,14283.01,513.16,28.33,19.20,4.13,0.00,0,0.00,564.82,34,작업자2
990,OUTBOUND,F,13735.49,14234.69,14234.69,14277.46,499.20,21.67,16.97,4.13,0.00,0,0.00,541.97,26,작업자4
991,INBOUND,H,13751.63,14260.97,14260.97,14316.23,509.34,30.00,21.06,4.20,0.00,0,0.00,564.60,36,작업자1
992,OUTBOUND,C,13768.73,14277.46,14277.46,14324.53,508.73,23.33,19.34,4.40,0.00,0,0.00,555.80,28,작업자4
993,INBOUND,A,13792.07,14280.75,14280.75,14338.02,488.68,34.17,17.80,5.29,0.00,0,0.00,545.95,41,작업자3
994,INBOUND,J,13807.50,14283.01,14283.01,14347.66,475.51,36.67,22.10,5.89,0.00,0,0.00,540.16,44,작업자2
995,INBOUND,I,13824.11,14316.23,14316.23,14365.52,492.12,24.17,19.94,5.18,0.00,0,0.00,541.41,29,작업자1
996,INBOUND,C,13848.02,14324.53,14324.53,14377.18,476.51,28.33,19.02,5.29,0.00,0,0.00,529.16,34,작업자4
997,OUTBOUND,C,13864.68,14338.02,14338.02,14381.82,473.34,20.83,19.18,3.79,0.00,0,0.00,517.14,25,작업자3
998,INBOUND,J,13889.26,14347.66,14347.66,14409.66,458.40,37.50,20.21,4.30,0.00,0,0.00,520.40,45,작업자2
999,INBOUND,E,13910.64,14365.52,14365.52,14417.13,454.88,29.17,17.59,4.86,0.00,0,0.00,506.49,35,작업자1
1000,OUTBOUND,J,13927.80,14377.18,14377.18,14426.34,449.38,25.00,20.16,4.01,0.00,0,0.00,498.54,30,작업자4
