주문ID,종류,랙,발생시각(s),배정시각(s),완료시각(s),리드타임(s),배정 AMR,배정 당시 AMR-작업 거리(m),이동거리(m),이동시간(s),대기시간(s)
1,OUTBOUND,B,0.0,0.0,52.3,52.3,AMR1,16,33,32.0,0.0
2,OUTBOUND,D,22.6,22.6,76.5,53.9,AMR2,16,32,31.2,0.0
3,OUTBOUND,D,39.8,39.8,110.2,70.4,AMR3,30,44,43.4,5.4
4,OUTBOUND,J,62.5,62.5,143.9,81.4,AMR1,33,53,52.3,8.4
5,INBOUND,C,80.3,80.3,145.1,64.8,AMR2,22,38,38.1,3.0
6,INBOUND,C,100.7,110.3,185.1,84.4,AMR3,22,38,41.5,7.4
7,INBOUND,A,122.3,144.0,210.5,88.2,AMR1,22,41,39.4,5.1
8,OUTBOUND,D,137.5,145.2,191.2,53.7,AMR2,7,23,23.6,0.0
9,INBOUND,C,155.7,185.2,226.9,71.2,AMR3,12,23,25.1,0.0
10,OUTBOUND,G,171.3,191.3,240.7,69.4,AMR2,13,26,26.4,0.0
11,INBOUND,B,187.4,210.6,267.4,80.0,AMR1,19,35,35.2,0.0
12,OUTBOUND,F,206.9,227.0,285.7,78.8,AMR3,17,39,38.1,0.0
13,INBOUND,H,227.8,240.8,303.1,75.3,AMR2,22,36,36.3,0.0
14,OUTBOUND,J,245.0,267.5,332.8,87.8,AMR1,22,42,41.2,3.0
15,OUTBOUND,I,267.3,285.8,344.5,77.2,AMR3,15,30,29.9,7.9
16,OUTBOUND,A,286.9,303.2,360.4,73.5,AMR2,15,38,38.0,0.0
17,OUTBOUND,G,311.9,332.9,384.3,72.4,AMR1,13,26,26.4,0.0
18,INBOUND,H,333.7,344.6,405.5,71.8,AMR3,22,36,37.3,0.0
19,OUTBOUND,B,357.8,360.5,414.5,56.7,AMR2,15,30,32.1,0.0
20,INBOUND,J,373.6,384.4,444.3,70.7,AMR1,22,44,42.7,0.0
21,INBOUND,E,389.3,405.6,459.9,70.6,AMR3,14,32,32.7,0.0
22,OUTBOUND,I,410.6,414.6,470.3,59.7,AMR2,13,26,26.9,0.0
23,INBOUND,J,428.9,444.4,522.1,93.2,AMR1,22,45,47.5,3.0
24,INBOUND,I,446.8,460.0,530.8,84.0,AMR3,18,34,35.5,8.1
25,OUTBOUND,B,466.1,470.4,529.7,63.6,AMR2,18,36,36.1,0.0
26,INBOUND,I,487.7,522.2,590.4,102.7,AMR1,23,37,40.0,3.0
27,OUTBOUND,G,511.3,529.8,594.1,82.8,AMR2,15,32,35.3,8.2
28,OUTBOUND,G,535.2,535.2,582.0,46.8,AMR3,8,23,22.9,0.0
29,INBOUND,G,558.5,582.1,641.9,83.4,AMR3,22,38,37.0,1.8
30,OUTBOUND,F,580.8,590.5,649.8,69.0,AMR1,17,38,37.9,1.4
31,OUTBOUND,E,598.9,598.9,667.2,68.3,AMR2,15,38,38.4,7.9
32,OUTBOUND,H,623.4,642.0,690.5,67.1,AMR3,6,18,18.8,4.0
33,OUTBOUND,B,639.3,649.9,705.3,66.0,AMR1,18,36,37.1,0.0
34,INBOUND,F,658.7,667.3,740.2,81.5,AMR2,22,48,45.8,3.0
35,OUTBOUND,J,679.2,690.6,743.0,63.8,AMR3,18,36,35.9,0.0
36,INBOUND,B,699.8,705.4,762.5,62.7,AMR1,22,36,34.4,0.0
37,OUTBOUND,G,718.4,740.3,787.7,69.3,AMR2,8,22,22.3,0.0
38,OUTBOUND,E,733.9,743.1,810.1,76.2,AMR3,20,40,40.6,5.1
39,INBOUND,B,752.0,762.6,812.2,60.2,AMR1,14,28,29.5,0.0
40,INBOUND,C,772.1,787.8,845.5,73.4,AMR2,22,35,35.0,3.0
41,INBOUND,B,791.9,810.2,881.3,89.4,AMR3,22,37,36.2,15.4
42,INBOUND,F,815.4,815.4,876.7,61.3,AMR1,18,43,40.0,0.0
43,OUTBOUND,J,838.0,845.6,898.9,60.9,AMR2,13,31,31.6,0.0
44,INBOUND,I,861.1,876.8,958.0,96.9,AMR1,24,43,45.1,15.6
45,INBOUND,I,882.2,882.2,936.9,54.7,AMR3,17,33,31.5,0.0
46,OUTBOUND,E,903.3,903.3,961.3,58.0,AMR2,15,36,36.3,0.0
47,INBOUND,E,920.1,937.0,1000.7,80.6,AMR3,15,34,34.8,4.8
48,INBOUND,C,938.6,958.1,1013.4,74.8,AMR1,17,29,30.6,0.0
49,OUTBOUND,G,959.3,961.4,1012.0,52.7,AMR2,15,30,29.9,0.0
50,INBOUND,A,975.7,1000.8,1064.3,88.6,AMR3,19,40,38.9,0.0
51,INBOUND,D,998.2,1012.1,1069.5,71.3,AMR2,22,34,33.7,1.9
52,OUTBOUND,F,1017.4,1017.4,1072.1,54.7,AMR1,11,33,32.0,0.0
53,INBOUND,F,1036.0,1064.4,1146.0,110.0,AMR3,21,44,46.6,11.0
54,INBOUND,A,1057.0,1069.6,1128.4,71.4,AMR2,12,33,32.2,5.0
55,INBOUND,J,1073.6,1073.6,1156.5,82.9,AMR1,23,44,43.1,19.6
56,OUTBOUND,E,1095.3,1128.5,1209.5,114.2,AMR2,25,47,45.6,15.2
57,OUTBOUND,H,1116.9,1146.1,1191.8,74.9,AMR3,11,23,22.9,0.0
58,OUTBOUND,D,1136.1,1156.6,1224.3,88.2,AMR1,5,24,27.8,17.8
59,INBOUND,F,1156.2,1191.9,1264.4,108.2,AMR3,22,46,45.4,3.0
60,OUTBOUND,J,1172.3,1209.6,1269.9,97.6,AMR2,21,42,40.9,0.0
61,OUTBOUND,E,1192.6,1224.4,1290.9,98.3,AMR1,20,40,40.6,0.0
62,INBOUND,J,1209.8,1264.5,1331.9,122.1,AMR3,24,46,44.8,0.0
63,OUTBOUND,E,1224.9,1270.0,1337.0,112.1,AMR2,22,44,44.1,0.0
64,INBOUND,E,1247.5,1291.0,1355.4,107.9,AMR1,22,43,41.9,0.0
65,INBOUND,A,1265.8,1332.0,1396.8,131.0,AMR3,22,42,40.8,0.0
66,OUTBOUND,C,1288.3,1337.1,1390.0,101.7,AMR2,14,28,30.6,0.0
67,INBOUND,D,1307.1,1355.5,1414.5,107.4,AMR1,21,36,36.4,1.6
68,INBOUND,F,1327.7,1390.1,1460.5,132.8,AMR2,22,44,46.1,3.0
69,INBOUND,A,1346.7,1396.9,1467.9,121.2,AMR3,20,39,38.9,11.5
70,INBOUND,B,1361.8,1414.6,1477.6,115.8,AMR1,15,31,30.9,10.5
71,INBOUND,J,1382.6,1460.6,1526.5,143.9,AMR2,22,43,42.6,0.0
72,INBOUND,G,1404.7,1468.0,1532.4,127.7,AMR3,19,34,34.2,11.6
73,INBOUND,A,1420.8,1477.7,1559.2,138.4,AMR1,16,40,41.7,13.6
74,INBOUND,J,1437.6,1526.6,1591.6,154.0,AMR2,21,42,42.8,0.0
75,OUTBOUND,F,1460.9,1532.5,1580.0,119.1,AMR3,7,27,27.3,0.0
76,OUTBOUND,B,1480.3,1559.3,1609.0,128.7,AMR1,7,24,24.5,0.0
77,OUTBOUND,G,1499.6,1580.1,1633.2,133.6,AMR3,16,32,32.4,0.0
78,OUTBOUND,E,1515.4,1591.7,1646.1,130.7,AMR2,3,27,30.3,6.0
79,INBOUND,F,1533.8,1609.1,1693.4,159.6,AMR1,22,44,41.8,17.8
80,OUTBOUND,B,1549.5,1633.3,1688.6,139.1,AMR3,16,32,34.1,0.0
81,OUTBOUND,F,1569.7,1646.2,1716.4,146.7,AMR2,20,42,40.9,7.7
82,OUTBOUND,C,1591.9,1688.7,1747.9,156.0,AMR3,15,32,34.0,3.0
83,INBOUND,E,1608.0,1693.5,1757.8,149.8,AMR1,22,43,41.6,0.0
84,OUTBOUND,C,1624.7,1716.5,1770.1,145.4,AMR2,14,28,30.1,0.0
85,INBOUND,H,1641.5,1748.0,1806.1,164.6,AMR3,22,37,37.2,0.0
86,OUTBOUND,J,1664.0,1757.9,1806.3,142.3,AMR1,3,23,24.4,0.0
87,OUTBOUND,J,1685.8,1770.2,1830.0,144.2,AMR2,20,40,38.4,0.0
88,INBOUND,J,1707.2,1806.2,1865.4,158.2,AMR3,15,35,35.0,3.0
89,OUTBOUND,F,1730.8,1806.4,1865.2,134.4,AMR1,20,40,38.4,0.0
90,INBOUND,H,1750.2,1830.1,1885.3,135.1,AMR2,22,36,37.3,0.0
91,OUTBOUND,E,1771.5,1865.3,1924.0,152.5,AMR1,20,40,39.6,0.0
92,INBOUND,I,1787.1,1865.5,1929.5,142.4,AMR3,20,36,37.5,7.3
93,INBOUND,H,1805.2,1885.4,1944.6,139.4,AMR2,14,29,33.1,3.0
94,OUTBOUND,E,1820.8,1924.1,2002.5,181.7,AMR1,23,46,45.6,8.9
95,INBOUND,B,1842.2,1929.6,1978.9,136.7,AMR3,16,29,29.8,0.0
96,OUTBOUND,G,1863.2,1944.7,1984.9,121.7,AMR2,6,19,19.5,0.0
97,INBOUND,A,1884.0,1979.0,2032.5,148.5,AMR3,13,35,34.6,0.0
98,OUTBOUND,J,1908.0,1985.0,2050.0,142.0,AMR2,20,40,42.2,3.0
99,INBOUND,J,1924.9,2002.6,2065.2,140.3,AMR1,22,42,42.1,0.0
100,OUTBOUND,A,1944.9,2032.6,2077.3,132.4,AMR3,2,24,24.8,0.0
101,OUTBOUND,F,1961.0,2050.1,2109.4,148.4,AMR2,22,44,41.4,0.0
102,INBOUND,C,1976.8,2065.3,2118.8,142.0,AMR1,20,31,32.5,0.0
103,OUTBOUND,H,1994.3,2077.4,2132.6,138.3,AMR3,11,22,22.9,5.2
104,OUTBOUND,J,2014.5,2109.5,2170.1,155.6,AMR2,18,36,38.1,3.0
105,OUTBOUND,E,2033.2,2118.9,2183.2,150.0,AMR1,10,31,32.3,10.2
106,OUTBOUND,F,2052.3,2132.7,2197.5,145.2,AMR3,22,44,41.4,5.0
107,OUTBOUND,F,2073.2,2170.2,2250.6,177.4,AMR2,22,44,41.4,14.6
108,OUTBOUND,I,2091.5,2183.3,2234.5,143.0,AMR1,14,28,29.4,0.0
109,INBOUND,J,2109.4,2197.6,2262.7,153.3,AMR3,22,44,42.7,0.0
110,OUTBOUND,J,2127.7,2234.6,2306.8,179.1,AMR1,21,44,45.3,3.0
111,OUTBOUND,F,2144.1,2250.7,2320.2,176.1,AMR2,22,44,42.4,5.6
112,INBOUND,G,2168.8,2262.8,2323.1,154.3,AMR3,22,38,38.6,0.0
113,INBOUND,B,2189.8,2306.9,2372.1,182.3,AMR1,22,36,37.7,3.0
114,INBOUND,F,2210.3,2320.3,2394.7,184.4,AMR2,22,45,42.6,8.8
115,INBOUND,I,2232.0,2323.2,2403.1,171.1,AMR3,16,34,38.5,19.5
116,OUTBOUND,G,2253.5,2372.2,2413.5,160.0,AMR1,3,18,20.3,0.0
117,INBOUND,F,2272.1,2394.8,2462.1,190.0,AMR2,23,44,44.2,0.0
118,OUTBOUND,D,2288.9,2403.2,2450.4,161.5,AMR3,2,20,23.3,3.0
119,INBOUND,H,2313.4,2413.6,2473.6,160.2,AMR1,22,36,35.4,5.1
120,INBOUND,C,2330.7,2450.5,2508.1,177.4,AMR3,22,36,35.4,3.0
121,OUTBOUND,B,2346.4,2462.2,2508.9,162.5,AMR2,6,23,25.1,0.0
122,INBOUND,J,2368.1,2473.7,2536.5,168.4,AMR1,14,35,34.6,4.2
123,OUTBOUND,C,2389.0,2508.2,2545.1,156.1,AMR3,0,14,14.9,0.0
124,INBOUND,J,2405.8,2509.0,2573.0,167.2,AMR2,22,44,42.7,0.0
125,OUTBOUND,A,2428.1,2536.6,2605.6,177.5,AMR1,26,49,49.1,0.0
126,INBOUND,D,2446.7,2545.2,2601.7,155.0,AMR3,22,34,33.7,0.0
127,OUTBOUND,H,2467.8,2573.1,2626.7,158.9,AMR2,11,22,23.1,4.1
128,OUTBOUND,E,2488.1,2601.8,2655.2,167.1,AMR3,6,26,27.4,3.0
129,OUTBOUND,D,2512.2,2605.7,2675.6,163.4,AMR1,15,30,34.2,14.8
130,OUTBOUND,J,2534.0,2626.8,2689.5,155.5,AMR2,20,40,39.4,0.0
131,OUTBOUND,E,2553.6,2655.3,2745.6,192.0,AMR3,23,48,52.7,14.0
132,OUTBOUND,G,2573.6,2675.7,2727.8,154.2,AMR1,14,28,28.4,0.0
133,OUTBOUND,J,2596.8,2689.6,2761.6,164.8,AMR2,19,38,38.8,13.2
134,INBOUND,A,2620.5,2727.9,2796.4,175.9,AMR1,22,42,39.2,9.1
135,OUTBOUND,I,2644.3,2745.7,2792.9,148.6,AMR3,13,26,27.9,0.0
136,OUTBOUND,I,2666.4,2761.7,2818.7,152.3,AMR2,14,28,29.4,8.1
137,INBOUND,C,2684.2,2793.0,2865.7,181.5,AMR3,22,35,38.2,16.1
138,INBOUND,I,2703.7,2796.5,2856.3,152.6,AMR1,20,34,37.3,3.0
139,INBOUND,B,2727.0,2818.8,2883.3,156.3,AMR2,22,36,35.4,7.4
140,OUTBOUND,F,2750.2,2856.4,2934.4,184.2,AMR1,18,42,43.7,16.2
141,OUTBOUND,G,2769.3,2865.8,2915.9,146.6,AMR3,10,25,25.4,0.0
142,OUTBOUND,B,2786.7,2883.4,2953.6,166.9,AMR2,1,20,23.3,23.0
143,OUTBOUND,F,2803.9,2916.0,2988.2,184.3,AMR3,22,44,42.4,4.3
144,INBOUND,F,2827.3,2934.5,2999.9,172.6,AMR1,22,44,42.8,0.0
145,OUTBOUND,E,2843.7,2953.7,3026.8,183.1,AMR2,21,44,45.5,3.0
146,INBOUND,C,2863.4,2988.3,3049.6,186.2,AMR3,22,34,33.7,4.4
147,INBOUND,J,2883.1,3000.0,3069.9,186.8,AMR1,22,42,41.8,7.7
148,INBOUND,A,2907.2,3026.9,3091.9,184.7,AMR2,22,44,41.8,1.4
149,INBOUND,C,2924.3,3049.7,3095.5,171.2,AMR3,12,24,25.9,0.0
150,OUTBOUND,J,2948.7,3070.0,3115.9,167.2,AMR1,2,22,22.6,0.0
151,OUTBOUND,E,2968.0,3092.0,3171.7,203.7,AMR2,24,46,48.2,6.8
152,OUTBOUND,A,2986.0,3095.6,3154.8,168.8,AMR3,13,36,35.6,5.1
153,INBOUND,J,3005.2,3116.0,3178.0,172.8,AMR1,22,45,44.5,0.0
154,OUTBOUND,H,3020.8,3154.9,3201.0,180.2,AMR3,12,24,25.4,0.0
155,OUTBOUND,J,3042.1,3171.8,3233.8,191.7,AMR2,21,42,40.9,1.2
156,INBOUND,E,3064.3,3178.1,3243.9,179.6,AMR1,23,43,42.4,0.0
157,INBOUND,F,3079.3,3201.1,3266.8,187.5,AMR3,22,45,42.6,0.0
158,INBOUND,C,3100.0,3233.9,3290.4,190.4,AMR2,22,34,33.8,0.0
159,OUTBOUND,I,3121.7,3244.0,3291.1,169.4,AMR1,8,22,24.2,0.0
160,OUTBOUND,I,3137.4,3266.9,3327.6,190.2,AMR3,17,29,29.8,4.0
161,OUTBOUND,H,3156.3,3290.5,3344.4,188.1,AMR2,4,16,17.1,13.6
162,INBOUND,F,3177.7,3291.2,3369.8,192.1,AMR1,22,46,46.2,13.5
163,OUTBOUND,F,3200.1,3327.7,3393.8,193.7,AMR3,20,42,40.9,3.0
164,INBOUND,D,3215.8,3344.5,3414.2,198.4,AMR2,22,36,36.3,0.0
165,OUTBOUND,B,3237.4,3369.9,3420.4,183.0,AMR1,9,24,25.7,0.0
166,OUTBOUND,F,3258.2,3393.9,3456.1,197.9,AMR3,21,42,40.9,0.0
167,INBOUND,I,3273.6,3414.3,3470.8,197.2,AMR2,14,30,32.1,0.0
168,OUTBOUND,C,3296.8,3420.5,3472.1,175.3,AMR1,13,26,27.6,4.5
169,INBOUND,H,3316.4,3456.2,3519.4,203.0,AMR3,22,36,39.2,6.0
170,INBOUND,C,3333.2,3470.9,3532.6,199.4,AMR2,16,29,29.8,10.1
171,OUTBOUND,H,3355.4,3472.2,3515.4,160.0,AMR1,12,24,24.4,0.0
172,INBOUND,A,3373.3,3515.5,3589.0,215.7,AMR1,22,42,39.2,12.8
173,INBOUND,F,3397.2,3519.5,3576.1,178.9,AMR3,14,35,35.2,0.0
174,INBOUND,I,3417.4,3532.7,3598.4,181.0,AMR2,13,31,33.2,12.4
175,OUTBOUND,D,3434.9,3576.2,3630.0,195.1,AMR3,17,31,32.3,0.0
176,OUTBOUND,A,3453.4,3589.1,3648.3,194.9,AMR1,0,22,23.3,10.6
177,OUTBOUND,B,3471.8,3598.5,3665.7,193.9,AMR2,16,34,34.7,13.0
178,INBOUND,G,3490.4,3630.1,3693.7,203.3,AMR3,22,40,39.6,5.0
179,OUTBOUND,G,3509.9,3648.4,3709.9,200.0,AMR1,15,32,35.9,6.0
180,OUTBOUND,H,3534.6,3665.8,3728.6,194.0,AMR2,12,26,29.2,11.0
181,INBOUND,I,3554.6,3693.8,3750.0,195.4,AMR3,18,32,33.0,0.0
182,INBOUND,G,3577.6,3710.0,3770.6,193.0,AMR1,22,38,37.0,4.8
183,INBOUND,C,3596.9,3728.7,3785.8,188.9,AMR2,22,34,33.8,0.0
184,INBOUND,B,3614.8,3750.1,3802.5,187.7,AMR3,14,27,27.8,0.0
185,INBOUND,E,3633.1,3770.7,3826.2,193.1,AMR1,16,37,36.2,0.0
186,INBOUND,G,3652.6,3785.9,3838.7,186.1,AMR2,12,28,29.5,2.1
187,OUTBOUND,F,3674.4,3802.6,3861.4,187.0,AMR3,8,29,31.1,3.0
188,OUTBOUND,F,3689.9,3826.3,3896.9,207.0,AMR1,28,49,48.4,0.0
189,OUTBOUND,E,3714.9,3838.8,3913.0,198.1,AMR2,20,42,42.9,13.3
190,INBOUND,A,3739.7,3861.5,3922.3,182.6,AMR3,22,41,38.4,0.0
191,INBOUND,G,3761.4,3897.0,3964.5,203.1,AMR1,22,38,39.0,3.0
192,INBOUND,C,3781.5,3913.1,3974.8,193.3,AMR2,22,34,35.6,5.2
193,INBOUND,J,3797.9,3922.4,3996.9,199.0,AMR3,19,39,38.5,14.6
194,INBOUND,A,3820.7,3964.6,4026.8,206.1,AMR1,16,35,37.9,3.0
195,INBOUND,F,3836.4,3974.9,4039.5,203.1,AMR2,12,33,33.5,10.5
196,OUTBOUND,J,3855.2,3997.0,4039.7,184.5,AMR3,0,18,19.1,0.0
197,OUTBOUND,H,3876.3,4026.9,4073.6,197.3,AMR1,12,25,26.3,1.9
198,INBOUND,B,3895.0,4039.6,4096.1,201.1,AMR2,21,35,35.6,0.0
199,INBOUND,F,3911.4,4039.8,4117.0,205.6,AMR3,22,46,44.4,12.5
200,INBOUND,E,3929.5,4073.7,4138.2,208.7,AMR1,22,42,41.1,0.0
201,OUTBOUND,D,3936.4,4096.2,4145.5,209.1,AMR2,11,26,27.8,0.0
202,INBOUND,A,3941.4,4117.1,4185.5,244.1,AMR3,24,44,43.1,0.0
203,INBOUND,B,3947.5,4138.3,4207.1,259.6,AMR1,20,34,34.0,0.0
204,INBOUND,F,3951.7,4145.6,4227.2,275.5,AMR2,22,44,42.8,15.2
205,OUTBOUND,F,3955.2,4185.6,4232.4,277.2,AMR3,4,26,26.6,0.0
206,INBOUND,C,3961.8,4207.2,4252.5,290.7,AMR1,14,26,27.0,0.0
207,OUTBOUND,J,3968.6,4227.3,4284.6,316.0,AMR2,22,40,40.3,0.0
208,INBOUND,H,3974.5,4232.5,4294.3,319.8,AMR3,22,37,36.2,2.9
209,OUTBOUND,J,3980.9,4252.6,4310.9,330.0,AMR1,12,30,31.9,4.5
210,INBOUND,D,3984.6,4284.7,4343.7,359.1,AMR2,22,38,39.1,3.0
211,OUTBOUND,B,3991.5,4294.4,4349.5,358.0,AMR3,7,23,25.6,3.5
212,OUTBOUND,H,3994.6,4311.0,4365.3,370.7,AMR1,12,24,24.4,6.1
213,OUTBOUND,C,4000.8,4343.8,4392.4,391.6,AMR2,7,22,23.3,0.0
214,INBOUND,J,4005.1,4349.6,4418.4,413.3,AMR3,22,44,42.7,0.0
215,OUTBOUND,G,4010.2,4365.4,4423.1,412.9,AMR1,14,28,29.4,4.9
216,OUTBOUND,C,4013.7,4392.5,4453.0,439.3,AMR2,14,30,32.5,3.0
217,OUTBOUND,D,4018.6,4418.5,4467.4,448.8,AMR3,7,24,27.7,3.0
218,OUTBOUND,D,4024.1,4423.2,4485.5,461.4,AMR1,14,28,29.6,9.4
219,OUTBOUND,A,4029.1,4453.1,4516.9,487.8,AMR2,24,48,47.1,0.0
220,INBOUND,H,4032.7,4467.5,4532.3,499.6,AMR3,22,36,37.4,3.0
221,INBOUND,G,4036.6,4485.6,4545.4,508.8,AMR1,22,40,39.6,0.0
222,INBOUND,H,4043.0,4517.0,4581.1,538.1,AMR2,22,36,37.6,5.6
223,INBOUND,A,4048.5,4532.4,4605.8,557.3,AMR3,14,36,37.7,11.4
224,INBOUND,D,4053.9,4545.5,4610.8,556.9,AMR1,18,33,32.8,10.8
225,OUTBOUND,E,4059.4,4581.2,4645.6,586.2,AMR2,17,40,40.4,2.5
226,INBOUND,C,4066.1,4605.9,4662.9,596.8,AMR3,22,34,33.8,0.0
227,OUTBOUND,G,4069.3,4610.9,4666.9,597.6,AMR1,15,29,30.3,0.0
228,INBOUND,F,4074.9,4645.7,4711.5,636.6,AMR2,22,46,44.4,0.0
229,OUTBOUND,H,4080.4,4663.0,4698.5,618.1,AMR3,2,14,15.7,0.0
230,OUTBOUND,I,4087.3,4667.0,4729.7,642.4,AMR1,15,32,32.8,3.0
231,INBOUND,B,4092.1,4698.6,4758.9,666.8,AMR3,22,38,37.0,4.5
232,OUTBOUND,H,4096.7,4711.6,4759.0,662.3,AMR2,13,26,25.7,0.0
233,OUTBOUND,E,4100.3,4729.8,4796.7,696.4,AMR1,20,40,40.6,0.0
234,INBOUND,I,4107.3,4759.0,4814.4,707.1,AMR3,16,33,33.4,0.0
235,OUTBOUND,C,4113.3,4759.1,4809.9,696.6,AMR2,14,28,29.1,3.8
236,INBOUND,I,4117.3,4796.8,4858.6,741.3,AMR1,22,38,38.9,0.0
237,OUTBOUND,I,4120.8,4810.0,4860.2,739.4,AMR2,15,30,29.9,2.6
238,OUTBOUND,B,4124.8,4814.5,4873.0,748.2,AMR3,15,31,32.4,6.2
239,OUTBOUND,B,4131.6,4858.7,4917.3,785.7,AMR1,16,34,34.7,0.0
240,INBOUND,F,4135.2,4860.3,4926.3,791.1,AMR2,22,45,43.6,0.0
241,OUTBOUND,C,4141.7,4873.1,4934.3,792.6,AMR3,13,26,27.6,11.6
242,OUTBOUND,B,4146.7,4917.4,4975.6,828.9,AMR1,18,36,37.1,1.4
243,OUTBOUND,I,4151.1,4926.4,4993.1,842.0,AMR2,19,35,37.6,11.0
244,OUTBOUND,C,4155.3,4934.4,5008.2,852.9,AMR3,15,32,33.6,17.5
245,INBOUND,H,4158.8,4975.7,5050.6,891.8,AMR1,22,36,37.1,13.2
246,INBOUND,D,4163.3,4993.2,5067.4,904.1,AMR2,22,37,38.5,11.9
247,INBOUND,I,4168.5,5008.3,5080.4,911.9,AMR3,22,38,38.9,10.9
248,INBOUND,J,4172.6,5050.7,5107.5,934.9,AMR1,14,36,36.9,0.0
249,INBOUND,F,4176.1,5067.5,5130.8,954.7,AMR2,15,38,37.5,0.0
250,INBOUND,H,4182.3,5080.5,5135.5,953.2,AMR3,16,30,32.4,3.0
251,INBOUND,C,4186.1,5107.6,5174.2,988.1,AMR1,22,37,38.1,8.0
252,INBOUND,F,4189.2,5130.9,5213.2,1024.0,AMR2,23,45,45.0,15.4
253,INBOUND,G,4194.1,5135.6,5198.0,1003.9,AMR3,14,32,35.1,3.0
254,INBOUND,B,4198.4,5174.3,5222.1,1023.7,AMR1,13,27,26.3,0.0
255,INBOUND,E,4205.3,5198.1,5257.8,1052.5,AMR3,18,38,36.8,0.0
256,OUTBOUND,G,4209.7,5213.3,5256.8,1047.1,AMR2,6,20,20.9,0.0
257,INBOUND,C,4215.5,5222.2,5269.5,1054.0,AMR1,14,26,27.9,0.0
258,OUTBOUND,I,4219.8,5256.9,5305.6,1085.8,AMR2,13,26,26.9,0.0
259,OUTBOUND,J,4226.0,5257.9,5323.4,1097.4,AMR3,3,24,27.9,20.4
260,INBOUND,D,4229.1,5269.6,5321.8,1092.7,AMR1,12,26,26.0,0.0
261,OUTBOUND,I,4232.3,5305.7,5364.9,1132.6,AMR2,15,30,30.9,3.9
262,OUTBOUND,C,4238.6,5321.9,5380.4,1141.8,AMR1,8,22,22.3,15.1
263,OUTBOUND,D,4241.7,5323.5,5397.7,1156.0,AMR3,16,34,37.5,11.3
264,INBOUND,I,4247.4,5365.0,5436.9,1189.5,AMR2,22,36,38.7,8.6
265,INBOUND,G,4253.4,5380.5,5458.5,1205.1,AMR1,22,40,38.6,9.6
266,OUTBOUND,F,4258.6,5397.8,5451.9,1193.3,AMR3,19,38,37.4,0.0
267,INBOUND,F,4263.1,5437.0,5497.7,1234.6,AMR2,14,36,36.0,0.0
268,OUTBOUND,H,4267.5,5452.0,5498.0,1230.5,AMR3,12,24,25.4,0.0
269,OUTBOUND,E,4272.4,5458.6,5532.9,1260.5,AMR1,22,46,48.8,8.6
270,OUTBOUND,E,4276.6,5497.8,5574.6,1298.0,AMR2,24,44,44.8,6.2
271,INBOUND,F,4282.4,5498.1,5564.9,1282.5,AMR3,22,44,41.8,5.2
272,INBOUND,H,4287.4,5533.0,5592.4,1305.0,AMR1,22,35,36.5,0.0
273,INBOUND,F,4290.8,5565.0,5632.1,1341.3,AMR3,22,46,45.9,0.0
274,INBOUND,B,4297.1,5574.7,5642.5,1345.4,AMR2,22,38,37.0,6.4
275,INBOUND,A,4300.3,5592.5,5654.9,1354.6,AMR1,13,32,31.3,11.2
276,INBOUND,J,4307.0,5632.2,5698.9,1391.9,AMR3,24,46,44.8,0.0
277,OUTBOUND,E,4310.8,5642.6,5706.5,1395.7,AMR2,18,38,38.4,0.0
278,INBOUND,G,4314.4,5655.0,5714.3,1399.9,AMR1,19,37,37.8,0.0
279,INBOUND,G,4318.4,5699.0,5765.0,1446.6,AMR3,22,38,40.9,3.0
280,INBOUND,I,4323.9,5706.6,5794.8,1470.9,AMR2,22,38,41.7,25.8
281,INBOUND,D,4329.8,5714.4,5779.9,1450.1,AMR1,18,31,31.2,11.1
282,OUTBOUND,B,4336.6,5765.1,5809.7,1473.1,AMR3,3,20,22.4,0.0
283,INBOUND,F,4342.2,5780.0,5838.1,1495.9,AMR1,13,37,36.9,0.0
284,INBOUND,E,4347.8,5794.9,5852.8,1505.0,AMR2,14,35,35.1,0.0
285,INBOUND,C,4352.0,5809.8,5875.5,1523.5,AMR3,22,34,32.8,12.1
286,OUTBOUND,C,4357.3,5838.2,5891.3,1534.0,AMR1,14,28,29.5,3.0
287,INBOUND,A,4361.9,5852.9,5917.8,1555.9,AMR2,21,42,40.3,4.9
288,INBOUND,H,4368.1,5875.6,5932.6,1564.5,AMR3,12,28,31.3,3.0
289,OUTBOUND,C,4371.1,5891.4,5943.6,1572.5,AMR1,15,30,31.2,0.0
290,OUTBOUND,G,4375.3,5917.9,5970.2,1594.9,AMR2,9,23,24.9,5.4
291,OUTBOUND,G,4380.3,5932.7,5982.9,1602.6,AMR3,6,24,27.2,3.0
292,INBOUND,E,4384.4,5943.7,6005.3,1620.9,AMR1,22,43,41.9,0.0
293,OUTBOUND,J,4390.3,5970.3,6032.5,1642.2,AMR2,20,40,38.4,0.0
294,OUTBOUND,H,4393.3,5983.0,6044.4,1651.1,AMR3,12,24,24.9,14.1
295,INBOUND,F,4397.0,6005.4,6072.8,1675.8,AMR1,21,45,43.7,0.0
296,OUTBOUND,C,4402.1,6032.6,6087.2,1685.1,AMR2,15,30,30.2,1.6
297,INBOUND,D,4409.0,6044.5,6101.4,1692.4,AMR3,22,34,34.7,0.0
298,INBOUND,H,4413.1,6072.9,6137.6,1724.5,AMR1,24,37,39.4,3.0
299,INBOUND,A,4417.3,6087.3,6154.8,1737.5,AMR2,22,42,40.2,5.5
300,OUTBOUND,A,4422.9,6101.5,6160.2,1737.3,AMR3,18,42,41.5,0.0
301,INBOUND,I,4426.4,6137.7,6190.8,1764.4,AMR1,13,30,31.6,0.0
302,OUTBOUND,J,4431.4,6154.9,6223.8,1792.4,AMR2,27,48,47.7,0.0
303,INBOUND,H,4435.6,6160.3,6225.1,1789.5,AMR3,22,38,40.1,3.0
304,INBOUND,D,4441.1,6190.9,6246.3,1805.2,AMR1,17,29,30.6,5.1
305,INBOUND,G,4444.7,6223.9,6282.3,1837.6,AMR2,22,38,38.0,0.0
306,OUTBOUND,I,4449.3,6225.2,6270.7,1821.4,AMR3,6,20,21.8,0.0
307,INBOUND,B,4455.6,6246.4,6292.9,1837.3,AMR1,12,25,25.8,0.0
308,OUTBOUND,A,4461.6,6270.8,6334.8,1873.2,AMR3,21,42,41.1,0.0
309,INBOUND,A,4466.4,6282.4,6345.4,1879.0,AMR2,16,37,39.5,3.0
310,INBOUND,D,4469.6,6293.0,6352.5,1882.9,AMR1,13,26,26.5,10.6
311,OUTBOUND,I,4474.8,6334.9,6384.1,1909.3,AMR3,14,28,28.4,0.0
312,OUTBOUND,F,4480.5,6345.5,6416.9,1936.4,AMR2,3,23,24.4,27.1
313,OUTBOUND,C,4487.1,6352.6,6402.0,1914.9,AMR1,4,17,19.1,10.3
314,OUTBOUND,C,4490.6,6384.2,6444.0,1953.4,AMR3,14,28,31.6,5.1
315,INBOUND,J,4495.4,6402.1,6467.7,1972.3,AMR1,22,42,42.1,0.0
316,OUTBOUND,J,4500.0,6417.0,6479.0,1979.0,AMR2,18,36,34.9,4.8
317,OUTBOUND,H,4505.3,6444.1,6514.1,2008.8,AMR3,12,30,35.1,10.4
318,OUTBOUND,C,4510.5,6467.8,6529.2,2018.7,AMR1,14,28,29.1,11.1
319,INBOUND,D,4513.6,6479.1,6543.2,2029.6,AMR2,22,34,34.7,5.6
320,INBOUND,F,4520.6,6514.2,6582.9,2062.3,AMR3,22,46,44.4,0.0
321,INBOUND,I,4527.5,6529.3,6586.0,2058.5,AMR1,22,37,37.1,0.0
322,OUTBOUND,G,4530.8,6543.3,6595.0,2064.2,AMR2,11,24,25.6,0.0
323,OUTBOUND,D,4536.4,6583.0,6635.0,2098.6,AMR3,20,34,35.0,0.0
324,INBOUND,B,4541.6,6586.1,6638.5,2096.9,AMR1,15,30,30.7,0.0
325,OUTBOUND,F,4547.6,6595.1,6653.1,2105.5,AMR2,19,38,37.4,0.0
326,INBOUND,D,4552.3,6635.1,6703.5,2151.2,AMR3,22,36,36.3,8.4
327,OUTBOUND,D,4557.1,6638.6,6691.1,2134.0,AMR1,13,29,30.0,2.3
328,INBOUND,G,4560.3,6653.2,6719.0,2158.7,AMR2,22,42,42.9,3.0
329,OUTBOUND,C,4564.2,6691.2,6741.8,2177.6,AMR1,14,28,29.1,0.0
330,INBOUND,A,4569.6,6703.6,6774.1,2204.5,AMR3,14,35,37.5,3.0
331,INBOUND,D,4575.6,6719.1,6782.1,2206.5,AMR2,18,31,31.2,8.0
332,INBOUND,A,4579.4,6741.9,6808.0,2228.6,AMR1,22,42,39.2,1.6
333,OUTBOUND,H,4584.5,6774.2,6823.2,2238.7,AMR3,16,27,27.6,0.0
334,INBOUND,J,4588.4,6782.2,6839.7,2251.3,AMR2,13,33,34.6,0.0
335,OUTBOUND,C,4592.3,6808.1,6860.7,2268.4,AMR1,12,26,26.3,0.0
336,OUTBOUND,I,4597.8,6823.3,6878.5,2280.7,AMR3,13,26,27.9,8.6
337,INBOUND,J,4604.7,6839.8,6908.0,2303.3,AMR2,20,43,43.1,3.7
338,OUTBOUND,I,4610.8,6860.8,6915.2,2304.4,AMR1,12,24,27.5,4.8
339,INBOUND,I,4614.4,6878.6,6939.5,2325.1,AMR3,22,38,38.9,0.0
340,INBOUND,D,4620.8,6908.1,6970.6,2349.8,AMR2,23,37,39.0,3.0
341,INBOUND,I,4627.5,6915.3,6992.3,2364.8,AMR1,22,37,39.5,14.3
342,INBOUND,H,4632.6,6939.6,7011.1,2378.5,AMR3,16,32,35.9,11.1
343,INBOUND,I,4636.9,6970.7,7028.3,2391.4,AMR2,14,30,32.1,8.4
344,INBOUND,B,4640.3,6992.4,7047.9,2407.6,AMR1,15,28,29.1,3.5
345,OUTBOUND,G,4644.4,7011.2,7058.1,2413.7,AMR3,8,24,23.8,0.0
346,OUTBOUND,D,4650.9,7028.4,7077.8,2426.9,AMR2,3,18,19.9,7.7
347,INBOUND,E,4654.7,7048.0,7101.2,2446.5,AMR1,13,33,32.1,0.0
348,INBOUND,C,4658.6,7058.2,7116.3,2457.7,AMR3,22,33,34.9,3.0
349,OUTBOUND,D,4665.5,7077.9,7135.8,2470.3,AMR2,17,34,35.6,0.0
350,OUTBOUND,H,4670.1,7101.3,7157.5,2487.4,AMR1,14,26,29.1,4.6
351,OUTBOUND,H,4674.6,7116.4,7171.8,2497.2,AMR3,4,17,17.9,12.8
352,OUTBOUND,I,4678.7,7135.9,7195.7,2517.0,AMR2,13,26,27.9,5.4
353,OUTBOUND,F,4682.1,7157.6,7218.7,2536.6,AMR1,20,40,38.4,0.0
354,INBOUND,I,4688.8,7171.9,7237.0,2548.2,AMR3,22,38,40.3,3.0
355,INBOUND,D,4694.0,7195.8,7251.9,2557.9,AMR2,22,34,34.7,0.0
356,INBOUND,G,4698.0,7218.8,7283.3,2585.3,AMR1,22,40,38.6,0.0
357,OUTBOUND,H,4702.7,7237.1,7275.1,2572.4,AMR3,8,20,20.2,0.0
358,OUTBOUND,F,4707.2,7252.0,7322.6,2615.4,AMR2,20,42,41.8,4.9
359,INBOUND,E,4712.9,7275.2,7337.5,2624.6,AMR3,22,41,39.3,0.0
360,OUTBOUND,F,4719.7,7283.4,7339.3,2619.6,AMR1,4,26,29.0,8.1
361,OUTBOUND,B,4723.4,7322.7,7387.0,2663.6,AMR2,18,36,38.7,3.0
362,INBOUND,C,4729.3,7337.6,7391.9,2662.6,AMR3,19,32,32.5,0.0
363,INBOUND,J,4732.4,7339.4,7418.5,2686.1,AMR1,22,44,42.7,12.8
364,INBOUND,D,4738.5,7387.1,7467.2,2728.7,AMR2,22,38,39.7,14.9
365,INBOUND,I,4744.3,7392.0,7446.7,2702.4,AMR3,13,27,28.2,5.5
366,OUTBOUND,G,4747.5,7418.6,7477.5,2730.0,AMR1,20,36,35.6,0.0
367,OUTBOUND,I,4753.2,7446.8,7497.4,2744.2,AMR3,0,12,13.3,11.0
368,INBOUND,G,4756.2,7467.3,7521.6,2765.4,AMR2,14,29,30.4,0.0
369,OUTBOUND,J,4759.3,7477.6,7543.4,2784.1,AMR1,18,36,38.7,3.0
370,OUTBOUND,A,4765.5,7497.5,7566.4,2800.9,AMR3,22,44,43.1,0.0
371,INBOUND,H,4770.6,7521.7,7573.7,2803.1,AMR2,15,28,29.5,0.0
372,OUTBOUND,H,4774.7,7543.5,7597.0,2822.3,AMR1,12,26,26.6,3.0
373,INBOUND,D,4779.5,7566.5,7628.1,2848.6,AMR3,22,37,36.1,3.3
374,OUTBOUND,J,4785.3,7573.8,7635.8,2850.5,AMR2,11,31,31.7,5.1
375,INBOUND,I,4790.9,7597.1,7664.2,2873.3,AMR1,22,41,42.9,4.5
376,OUTBOUND,C,4795.4,7628.2,7671.2,2875.8,AMR3,6,19,20.5,0.0
377,OUTBOUND,J,4798.7,7635.9,7704.6,2905.9,AMR2,19,38,37.9,5.6
378,INBOUND,A,4803.0,7664.3,7726.8,2923.8,AMR1,17,39,37.7,0.0
379,INBOUND,J,4806.9,7671.3,7740.6,2933.7,AMR3,22,46,48.1,3.0
380,OUTBOUND,C,4811.9,7704.7,7755.3,2943.4,AMR2,14,28,30.6,0.0
381,OUTBOUND,C,4818.4,7726.9,7783.4,2965.0,AMR1,13,30,29.9,3.0
382,INBOUND,D,4825.2,7740.7,7812.3,2987.1,AMR3,22,36,38.3,7.2
383,INBOUND,F,4828.8,7755.4,7837.3,3008.5,AMR2,22,46,44.4,10.4
384,INBOUND,I,4832.9,7783.5,7849.4,3016.5,AMR1,22,39,39.7,0.0
385,OUTBOUND,D,4839.5,7812.4,7854.3,3014.8,AMR3,1,16,17.5,0.0
386,INBOUND,A,4844.5,7837.4,7902.4,3057.9,AMR2,24,46,44.7,0.0
387,INBOUND,E,4849.3,7849.5,7924.2,3074.9,AMR1,17,36,36.2,14.7
388,INBOUND,F,4855.4,7854.4,7944.5,3089.1,AMR3,22,48,49.7,16.8
389,INBOUND,I,4858.5,7902.5,7963.7,3105.2,AMR2,22,38,38.0,0.0
390,INBOUND,I,4862.4,7924.3,7985.1,3122.7,AMR1,19,34,36.0,0.0
391,INBOUND,I,4866.1,7944.6,8009.1,3143.0,AMR3,24,41,40.8,0.0
392,OUTBOUND,D,4872.2,7963.8,8007.5,3135.3,AMR2,2,18,19.9,0.0
393,INBOUND,D,4875.6,7985.2,8036.9,3161.3,AMR1,15,28,30.0,0.0
394,INBOUND,C,4880.1,8007.6,8077.4,3197.3,AMR2,22,34,33.8,14.2
395,INBOUND,H,4886.9,8009.2,8063.8,3176.9,AMR3,17,30,33.3,3.0
396,OUTBOUND,I,4890.4,8037.0,8080.5,3190.1,AMR1,3,17,19.5,0.0
397,INBOUND,C,4895.6,8063.9,8122.7,3227.1,AMR3,13,25,27.5,8.2
398,INBOUND,H,4900.0,8077.5,8127.7,3227.7,AMR2,12,26,27.9,5.0
399,OUTBOUND,C,4903.1,8080.6,8133.0,3229.9,AMR1,14,28,29.5,3.0
400,OUTBOUND,I,4908.4,8122.8,8172.9,3264.5,AMR3,9,22,23.1,0.0
401,OUTBOUND,E,4924.8,8127.8,8193.7,3268.9,AMR2,17,40,40.4,7.1
402,INBOUND,B,4944.7,8133.1,8191.3,3246.6,AMR1,22,38,36.0,0.0
403,INBOUND,G,4964.1,8173.0,8242.9,3278.8,AMR3,22,39,40.9,6.0
404,INBOUND,B,4983.9,8191.4,8252.3,3268.4,AMR1,16,32,32.5,7.2
405,OUTBOUND,D,5001.4,8193.8,8246.6,3245.2,AMR2,14,28,30.6,0.0
406,INBOUND,D,5022.3,8243.0,8299.6,3277.3,AMR3,15,27,30.0,3.0
407,INBOUND,E,5038.4,8246.7,8320.0,3281.6,AMR2,22,41,40.3,9.9
408,OUTBOUND,F,5062.9,8252.4,8301.6,3238.7,AMR1,6,26,27.6,0.0
409,OUTBOUND,F,5085.9,8299.7,8362.8,3276.9,AMR3,19,40,40.3,0.0
410,INBOUND,J,5104.3,8301.7,8364.8,3260.5,AMR1,22,44,42.7,0.0
411,INBOUND,J,5122.3,8320.1,8386.6,3264.3,AMR2,19,39,40.0,2.6
412,INBOUND,F,5139.3,8362.9,8424.0,3284.7,AMR3,22,44,41.8,0.0
413,OUTBOUND,F,5163.9,8364.9,8435.4,3271.5,AMR1,26,48,46.8,0.0
414,INBOUND,H,5186.3,8386.7,8442.7,3256.4,AMR2,20,34,35.9,0.0
415,INBOUND,F,5209.1,8424.1,8490.2,3281.1,AMR3,22,45,45.1,0.0
416,INBOUND,G,5226.9,8435.5,8498.1,3271.2,AMR1,22,39,37.8,5.7
417,INBOUND,J,5243.1,8442.8,8518.5,3275.4,AMR2,14,39,41.1,14.3
418,INBOUND,I,5264.0,8490.3,8560.5,3296.5,AMR3,23,39,40.7,3.0
419,OUTBOUND,I,5285.8,8498.2,8540.8,3255.0,AMR1,11,23,24.4,0.0
420,OUTBOUND,H,5310.3,8518.6,8560.4,3250.1,AMR2,12,23,23.8,0.0
421,OUTBOUND,E,5329.7,8540.9,8633.0,3303.3,AMR1,22,46,48.4,17.7
422,INBOUND,G,5352.9,8560.5,8617.7,3264.8,AMR2,22,38,38.0,0.0
423,OUTBOUND,E,5372.9,8560.6,8608.6,3235.7,AMR3,6,26,27.6,0.0
424,OUTBOUND,C,5390.4,8608.7,8675.1,3284.7,AMR3,14,28,30.6,14.8
425,OUTBOUND,G,5409.6,8617.8,8656.6,3247.0,AMR2,2,18,18.4,0.0
426,OUTBOUND,J,5429.1,8633.1,8694.2,3265.1,AMR1,18,36,35.9,0.0
427,OUTBOUND,I,5450.0,8656.7,8713.3,3263.3,AMR2,15,30,32.5,3.0
428,OUTBOUND,G,5474.2,8675.2,8733.2,3259.0,AMR3,13,26,26.4,7.1
429,OUTBOUND,F,5489.6,8694.3,8755.2,3265.6,AMR1,20,40,38.4,0.0
430,OUTBOUND,B,5510.5,8713.4,8775.3,3264.8,AMR2,16,32,35.7,3.0
431,INBOUND,F,5533.2,8733.3,8792.5,3259.3,AMR3,22,43,41.0,0.0
432,INBOUND,A,5554.7,8755.3,8817.8,3263.1,AMR1,22,41,38.4,0.0
433,OUTBOUND,F,5579.3,8775.4,8843.7,3264.4,AMR2,22,46,45.4,3.0
434,OUTBOUND,B,5595.4,8792.6,8857.1,3261.7,AMR3,5,23,25.2,19.0
435,OUTBOUND,I,5612.6,8817.9,8878.7,3266.1,AMR1,18,33,35.6,3.0
436,OUTBOUND,J,5633.4,8843.8,8903.1,3269.7,AMR2,18,36,34.9,5.5
437,INBOUND,G,5652.9,8857.2,8922.3,3269.4,AMR3,22,38,37.0,5.3
438,INBOUND,J,5675.6,8878.8,8948.1,3272.5,AMR1,22,46,47.1,3.0
439,OUTBOUND,F,5695.6,8903.2,8964.8,3269.2,AMR2,22,44,41.4,0.0
440,INBOUND,E,5715.4,8922.4,8982.7,3267.3,AMR3,16,36,35.4,0.0
441,INBOUND,B,5739.6,8948.2,9007.4,3267.8,AMR1,22,37,36.8,0.0
442,INBOUND,C,5762.9,8964.9,9019.7,3256.8,AMR2,22,33,32.9,0.0
443,OUTBOUND,H,5781.1,8982.8,9032.5,3251.4,AMR3,14,26,27.5,0.0
444,OUTBOUND,H,5798.1,9007.5,9054.3,3256.2,AMR1,9,21,22.8,0.0
445,INBOUND,H,5817.9,9019.8,9063.8,3245.9,AMR2,11,25,26.3,0.0
446,OUTBOUND,F,5839.9,9032.6,9101.0,3261.1,AMR3,20,42,41.8,3.0
447,OUTBOUND,B,5857.9,9054.4,9122.6,3264.7,AMR1,18,36,38.3,3.0
448,OUTBOUND,B,5881.4,9063.9,9135.0,3253.6,AMR2,6,22,24.3,25.8
449,INBOUND,D,5905.7,9101.1,9156.3,3250.6,AMR3,22,35,34.5,0.0
450,OUTBOUND,C,5922.4,9122.7,9173.3,3250.9,AMR1,13,26,28.6,4.3
451,INBOUND,H,5943.0,9135.1,9198.3,3255.3,AMR2,22,38,40.0,6.0
452,INBOUND,C,5966.0,9156.4,9221.3,3255.3,AMR3,13,26,27.1,6.2
453,OUTBOUND,G,5987.4,9173.4,9226.8,3239.4,AMR1,16,32,31.4,0.0
454,INBOUND,J,6002.7,9198.4,9256.6,3253.9,AMR2,14,35,36.1,0.0
455,OUTBOUND,G,6022.2,9221.4,9268.1,3245.9,AMR3,7,21,23.5,0.0
456,INBOUND,D,6037.2,9226.9,9280.4,3243.2,AMR1,22,37,36.1,0.0
457,OUTBOUND,B,6055.0,9256.7,9314.0,3259.0,AMR2,19,35,36.4,0.0
458,INBOUND,I,6071.0,9268.2,9331.1,3260.1,AMR3,22,38,37.9,0.0
459,OUTBOUND,D,6089.7,9280.5,9330.4,3240.7,AMR1,2,17,18.2,10.9
460,OUTBOUND,H,6105.8,9314.1,9363.7,3257.9,AMR2,12,24,26.9,3.0
461,OUTBOUND,F,6130.5,9330.5,9390.1,3259.6,AMR1,21,42,39.9,0.0
462,INBOUND,G,6149.4,9331.2,9385.6,3236.2,AMR3,16,33,34.0,0.0
463,OUTBOUND,F,6165.5,9363.8,9423.1,3257.6,AMR2,20,40,38.4,0.0
464,INBOUND,C,6185.1,9385.7,9440.2,3255.1,AMR3,17,29,30.6,0.0
465,INBOUND,E,6207.1,9390.2,9460.7,3253.6,AMR1,22,42,40.1,7.5
466,INBOUND,C,6228.1,9423.2,9482.7,3254.6,AMR2,22,34,34.6,3.0
467,INBOUND,E,6244.2,9440.3,9502.2,3258.0,AMR3,12,30,29.2,10.7
468,OUTBOUND,C,6261.1,9460.8,9509.9,3248.8,AMR1,11,24,25.2,0.0
469,INBOUND,J,6279.9,9482.8,9538.4,3258.5,AMR2,12,34,33.4,0.0
470,INBOUND,G,6300.7,9502.3,9558.1,3257.4,AMR3,18,36,36.2,0.0
471,OUTBOUND,I,6320.6,9510.0,9559.7,3239.1,AMR1,15,30,30.9,0.0
472,INBOUND,C,6344.9,9538.5,9603.0,3258.1,AMR2,22,35,35.2,5.4
473,INBOUND,E,6361.5,9558.2,9622.1,3260.6,AMR3,18,38,40.5,3.0
474,OUTBOUND,H,6378.4,9559.8,9601.6,3223.2,AMR1,12,24,24.4,0.0
475,INBOUND,F,6393.9,9601.7,9662.9,3269.0,AMR1,22,45,42.6,0.0
476,OUTBOUND,D,6413.8,9603.1,9645.5,3231.7,AMR2,5,19,20.1,0.0
477,OUTBOUND,I,6438.4,9622.2,9666.6,3228.2,AMR3,8,20,21.5,0.0
478,OUTBOUND,H,6457.5,9645.6,9691.5,3234.0,AMR2,12,24,24.4,0.0
479,OUTBOUND,H,6479.6,9663.0,9712.5,3232.9,AMR1,14,25,24.8,4.4
480,OUTBOUND,J,6496.3,9666.7,9728.9,3232.6,AMR3,18,36,35.9,7.8
481,INBOUND,D,6519.3,9691.6,9750.7,3231.4,AMR2,22,36,35.1,3.0
482,INBOUND,D,6534.6,9712.6,9772.0,3237.4,AMR1,22,36,38.3,3.0
483,OUTBOUND,H,6552.5,9729.0,9776.9,3224.4,AMR3,12,24,25.9,0.0
484,INBOUND,H,6574.9,9750.8,9797.5,3222.6,AMR2,12,27,28.4,0.0
485,OUTBOUND,J,6595.0,9772.1,9823.7,3228.7,AMR1,8,28,29.0,1.9
486,INBOUND,I,6612.7,9777.0,9839.0,3226.3,AMR3,22,37,38.1,4.8
487,INBOUND,A,6633.1,9797.6,9864.7,3231.6,AMR2,15,37,37.4,3.0
488,OUTBOUND,G,6653.6,9823.8,9878.7,3225.1,AMR1,15,30,29.9,0.0
489,OUTBOUND,D,6675.9,9839.1,9891.6,3215.7,AMR3,3,17,19.1,11.9
490,INBOUND,B,6699.7,9864.8,9942.1,3242.4,AMR2,20,36,39.2,16.4
491,OUTBOUND,B,6717.3,9878.8,9942.3,3225.0,AMR1,16,32,34.5,3.0
492,OUTBOUND,B,6740.9,9891.7,9960.6,3219.7,AMR3,16,32,33.1,10.8
493,INBOUND,E,6764.1,9942.2,10003.2,3239.1,AMR2,14,34,36.7,3.0
494,INBOUND,G,6784.9,9942.4,10009.6,3224.7,AMR1,22,37,36.2,9.5
495,INBOUND,H,6806.1,9960.7,10021.3,3215.2,AMR3,22,36,35.4,5.8
496,OUTBOUND,D,6827.2,10003.3,10052.1,3224.9,AMR2,6,22,23.0,0.0
497,INBOUND,G,6850.3,10009.7,10070.8,3220.5,AMR1,15,32,35.0,3.0
498,INBOUND,J,6868.1,10021.4,10083.8,3215.7,AMR3,14,37,36.2,6.6
499,INBOUND,F,6886.3,10052.2,10114.1,3227.8,AMR2,22,46,44.4,0.0
500,INBOUND,J,6907.0,10070.9,10131.4,3224.4,AMR1,17,37,37.1,2.2
501,OUTBOUND,C,6930.2,10083.9,10133.7,3203.5,AMR3,16,31,31.8,0.0
502,OUTBOUND,E,6954.4,10114.2,10184.2,3229.8,AMR2,28,50,50.1,3.0
503,OUTBOUND,C,6970.6,10131.5,10200.3,3229.7,AMR1,14,28,28.5,16.6
504,INBOUND,G,6987.1,10133.8,10191.2,3204.1,AMR3,22,38,38.0,0.0
505,INBOUND,H,7009.7,10184.3,10243.1,3233.4,AMR2,22,36,37.3,0.0
506,INBOUND,F,7026.1,10191.3,10263.8,3237.7,AMR3,16,37,38.1,12.3
507,OUTBOUND,H,7045.3,10200.4,10251.5,3206.2,AMR1,12,24,25.4,0.0
508,INBOUND,C,7066.6,10243.2,10299.9,3233.3,AMR2,14,29,31.2,3.0
509,INBOUND,F,7086.8,10251.6,10315.0,3228.2,AMR1,22,44,41.8,0.0
510,INBOUND,G,7111.1,10263.9,10329.3,3218.2,AMR3,21,38,39.0,5.1
511,OUTBOUND,F,7135.6,10300.0,10362.7,3227.1,AMR2,15,37,37.7,4.1
512,INBOUND,C,7159.3,10315.1,10374.4,3215.1,AMR1,22,33,35.0,3.0
513,INBOUND,G,7184.1,10329.4,10392.2,3208.1,AMR3,17,34,35.6,5.5
514,INBOUND,H,7207.0,10362.8,10426.9,3219.9,AMR2,22,39,39.6,3.0
515,INBOUND,E,7231.7,10374.5,10439.1,3207.4,AMR1,11,29,29.4,13.3
516,INBOUND,F,7249.4,10392.3,10463.1,3213.7,AMR3,17,38,38.8,5.3
517,INBOUND,D,7269.9,10427.0,10476.7,3206.8,AMR2,15,27,27.6,0.0
518,INBOUND,G,7293.4,10439.2,10493.1,3199.7,AMR1,18,34,34.6,1.8
519,INBOUND,B,7316.0,10463.2,10517.9,3201.9,AMR3,21,36,36.4,0.0
520,INBOUND,I,7337.3,10476.8,10533.4,3196.1,AMR2,12,26,28.5,6.4
521,OUTBOUND,C,7353.5,10493.2,10534.0,3180.5,AMR1,9,22,23.6,0.0
522,OUTBOUND,G,7373.1,10518.0,10557.8,3184.7,AMR3,3,17,18.6,0.0
523,OUTBOUND,C,7398.0,10533.5,10581.4,3183.4,AMR2,6,20,23.1,3.0
524,INBOUND,F,7414.6,10534.1,10598.6,3184.0,AMR1,22,44,42.8,0.0
525,INBOUND,F,7436.2,10557.9,10623.6,3187.4,AMR3,22,46,43.4,4.2
526,INBOUND,D,7454.9,10581.5,10643.8,3188.9,AMR2,22,36,36.3,0.0
527,OUTBOUND,E,7473.8,10598.7,10672.0,3198.2,AMR1,26,48,49.6,3.0
528,INBOUND,C,7493.1,10623.7,10685.8,3192.7,AMR3,24,36,37.6,3.0
529,INBOUND,E,7509.1,10643.9,10703.9,3194.8,AMR2,14,34,34.3,5.9
530,OUTBOUND,J,7524.9,10672.1,10740.1,3215.2,AMR1,19,38,37.9,12.8
531,OUTBOUND,H,7545.1,10685.9,10726.5,3181.4,AMR3,4,16,16.6,0.0
532,OUTBOUND,F,7560.1,10704.0,10789.2,3229.1,AMR2,28,50,49.2,13.7
533,OUTBOUND,G,7585.0,10726.6,10774.3,3189.3,AMR3,15,30,30.9,0.0
534,OUTBOUND,D,7604.8,10740.2,10807.7,3202.9,AMR1,17,34,35.6,11.6
535,INBOUND,C,7620.7,10774.4,10848.2,3227.5,AMR3,22,36,35.6,17.2
536,OUTBOUND,E,7638.8,10789.3,10877.0,3238.2,AMR2,21,42,45.4,15.8
537,OUTBOUND,C,7657.6,10807.8,10859.0,3201.4,AMR1,14,28,29.5,3.0
538,INBOUND,B,7673.3,10848.3,10901.2,3227.9,AMR3,12,27,27.7,0.0
539,OUTBOUND,H,7694.8,10859.1,10908.6,3213.8,AMR1,13,26,26.5,0.0
540,OUTBOUND,C,7717.1,10877.1,10933.5,3216.4,AMR2,15,30,31.1,3.0
541,INBOUND,I,7738.2,10901.3,10960.5,3222.3,AMR3,15,30,32.9,3.0
542,INBOUND,C,7754.1,10908.7,10972.8,3218.7,AMR1,22,34,33.8,9.3
543,INBOUND,H,7776.6,10933.6,11000.8,3224.2,AMR2,22,38,39.8,3.0
544,INBOUND,G,7801.3,10960.6,11020.8,3219.5,AMR3,15,31,34.8,3.0
545,INBOUND,C,7818.7,10972.9,11027.2,3208.5,AMR1,12,24,24.4,9.3
546,OUTBOUND,J,7839.3,11000.9,11058.6,3219.3,AMR2,15,36,34.9,0.0
547,INBOUND,B,7862.1,11020.9,11073.7,3211.6,AMR3,16,29,30.7,0.0
548,INBOUND,E,7885.8,11027.3,11094.1,3208.3,AMR1,12,32,32.3,11.4
549,OUTBOUND,D,7906.9,11058.7,11109.2,3202.3,AMR2,14,28,30.6,0.0
550,OUTBOUND,A,7924.8,11073.8,11127.6,3202.8,AMR3,9,33,32.4,0.0
551,OUTBOUND,D,7948.8,11094.2,11150.4,3201.6,AMR1,8,22,23.7,8.5
552,INBOUND,D,7967.7,11109.3,11173.5,3205.8,AMR2,22,37,38.3,3.0
553,INBOUND,B,7989.1,11127.7,11189.9,3200.8,AMR3,22,38,36.0,5.2
554,OUTBOUND,A,8012.9,11150.5,11214.2,3201.3,AMR1,21,42,41.1,3.0
555,INBOUND,C,8037.3,11173.6,11221.2,3183.9,AMR2,13,24,26.4,0.0
556,INBOUND,J,8060.9,11190.0,11249.3,3188.4,AMR3,16,36,35.8,0.0
557,INBOUND,C,8079.5,11214.3,11267.3,3187.8,AMR1,22,34,33.7,0.0
558,OUTBOUND,B,8104.1,11221.3,11273.0,3168.9,AMR2,9,27,26.6,0.0
559,INBOUND,A,8125.0,11249.4,11311.9,3186.9,AMR3,20,42,40.4,0.0
560,INBOUND,A,8142.1,11267.4,11318.2,3176.1,AMR1,12,31,30.6,0.0
561,OUTBOUND,I,8162.2,11273.1,11328.3,3166.1,AMR2,14,28,28.4,0.0
562,OUTBOUND,G,8181.4,11312.0,11358.3,3176.9,AMR3,10,24,25.7,3.0
563,INBOUND,J,8202.8,11318.3,11378.5,3175.7,AMR1,19,39,38.5,0.0
564,OUTBOUND,B,8219.4,11328.4,11386.9,3167.5,AMR2,17,34,34.6,0.0
565,OUTBOUND,D,8235.1,11358.4,11413.9,3178.8,AMR3,14,28,29.6,1.1
566,OUTBOUND,G,8255.5,11378.6,11431.6,3176.1,AMR1,18,36,33.8,3.0
567,OUTBOUND,G,8273.6,11387.0,11447.4,3173.8,AMR2,15,30,30.9,6.7
568,INBOUND,E,8298.1,11414.0,11475.2,3177.1,AMR3,22,40,39.5,0.0
569,INBOUND,H,8315.6,11431.7,11495.3,3179.7,AMR1,22,36,36.3,5.4
570,INBOUND,B,8335.1,11447.5,11515.1,3180.0,AMR2,22,38,38.7,3.0
571,INBOUND,D,8356.8,11475.3,11530.9,3174.1,AMR3,18,33,33.7,0.0
572,INBOUND,D,8371.9,11495.4,11548.1,3176.2,AMR1,14,27,28.7,1.8
573,OUTBOUND,H,8387.0,11515.2,11558.3,3171.3,AMR2,6,18,20.2,0.0
574,OUTBOUND,E,8407.3,11531.0,11586.8,3179.5,AMR3,4,25,26.5,6.0
575,INBOUND,F,8426.0,11548.2,11607.4,3181.4,AMR1,13,35,35.3,0.0
576,INBOUND,B,8449.8,11558.4,11620.3,3170.5,AMR2,22,38,37.2,3.0
577,OUTBOUND,E,8472.9,11586.9,11652.8,3179.9,AMR3,22,44,44.1,0.0
578,INBOUND,C,8488.5,11607.5,11663.9,3175.4,AMR1,22,35,35.2,3.0
579,INBOUND,G,8508.1,11620.4,11682.6,3174.5,AMR2,14,30,32.1,8.8
580,INBOUND,D,8528.1,11652.9,11712.3,3184.2,AMR3,22,36,36.3,0.0
581,OUTBOUND,B,8544.7,11664.0,11715.6,3170.9,AMR1,7,27,27.7,5.8
582,INBOUND,J,8562.0,11682.7,11746.5,3184.5,AMR2,16,37,37.2,4.3
583,OUTBOUND,A,8577.4,11712.4,11774.5,3197.1,AMR3,20,44,43.5,0.0
584,INBOUND,F,8592.9,11715.7,11777.6,3184.7,AMR1,22,44,41.8,0.0
585,OUTBOUND,C,8617.0,11746.6,11801.0,3184.0,AMR2,15,29,29.8,0.0
586,OUTBOUND,G,8637.6,11774.6,11840.5,3202.9,AMR3,13,26,27.4,14.5
587,OUTBOUND,G,8655.8,11777.7,11826.9,3171.1,AMR1,6,22,24.3,3.0
588,INBOUND,B,8674.0,11801.1,11857.8,3183.8,AMR2,22,38,36.0,0.0
589,INBOUND,I,8692.7,11827.0,11885.7,3193.0,AMR1,22,36,36.3,0.0
590,OUTBOUND,C,8716.7,11840.6,11889.1,3172.4,AMR3,14,28,29.6,0.0
591,OUTBOUND,A,8739.8,11857.9,11908.2,3168.4,AMR2,6,30,30.3,0.0
592,INBOUND,H,8755.5,11885.8,11942.9,3187.4,AMR1,14,28,30.5,0.0
593,OUTBOUND,E,8778.2,11889.2,11953.0,3174.8,AMR3,22,44,44.1,0.0
594,OUTBOUND,H,8794.1,11908.3,11968.1,3174.0,AMR2,13,26,27.4,11.9
595,OUTBOUND,E,8812.8,11943.0,12000.4,3187.6,AMR1,13,34,37.3,3.0
596,OUTBOUND,D,8835.2,11953.1,12035.1,3199.9,AMR3,16,34,38.4,20.5
597,OUTBOUND,H,8853.8,11968.2,12018.4,3164.6,AMR2,12,24,25.4,3.6
598,INBOUND,I,8876.2,12000.5,12072.7,3196.5,AMR1,22,38,39.9,8.6
599,INBOUND,G,8892.7,12018.5,12090.0,3197.3,AMR2,22,40,41.3,10.2
600,OUTBOUND,F,8910.0,12035.2,12097.0,3187.0,AMR3,21,42,40.9,0.0
601,OUTBOUND,I,8916.8,12072.8,12119.3,3202.5,AMR1,1,16,16.9,5.2
602,INBOUND,D,8920.2,12090.1,12139.7,3219.5,AMR2,16,28,29.0,0.0
603,INBOUND,D,8925.2,12097.1,12158.7,3233.5,AMR3,22,35,35.9,6.3
604,OUTBOUND,D,8929.3,12119.4,12188.6,3259.3,AMR1,17,36,40.3,6.0
605,INBOUND,F,8934.0,12139.8,12202.2,3268.2,AMR2,12,35,34.8,0.0
606,INBOUND,D,8937.3,12158.8,12208.8,3271.5,AMR3,13,25,27.2,0.0
607,INBOUND,C,8943.6,12188.7,12245.1,3301.5,AMR1,22,34,33.8,0.0
608,OUTBOUND,H,8949.2,12202.3,12246.5,3297.3,AMR2,11,23,23.9,0.0
609,OUTBOUND,F,8955.6,12208.9,12265.5,3309.9,AMR3,17,36,36.8,1.2
610,INBOUND,C,8959.9,12245.2,12301.5,3341.6,AMR1,12,28,30.3,3.0
611,OUTBOUND,A,8963.5,12246.6,12314.4,3350.9,AMR2,22,44,44.1,0.0
612,INBOUND,H,8966.9,12265.6,12331.1,3364.2,AMR3,22,37,38.9,8.6
613,INBOUND,D,8970.4,12301.6,12351.5,3381.1,AMR1,12,24,25.9,5.1
614,OUTBOUND,C,8974.6,12314.5,12369.5,3394.9,AMR2,14,28,29.6,0.0
615,OUTBOUND,J,8978.2,12331.2,12386.6,3408.4,AMR3,10,29,30.2,0.0
616,OUTBOUND,B,8982.1,12351.6,12399.2,3417.1,AMR1,9,24,25.3,5.9
617,OUTBOUND,F,8987.9,12369.6,12432.8,3444.9,AMR2,22,44,41.4,0.0
618,OUTBOUND,D,8991.1,12386.7,12449.0,3457.9,AMR3,14,28,30.6,11.1
619,INBOUND,G,8997.9,12399.3,12459.1,3461.2,AMR1,22,40,38.6,0.0
620,INBOUND,C,9003.1,12432.9,12491.2,3488.1,AMR2,22,33,34.9,3.0
621,OUTBOUND,D,9006.6,12449.1,12506.1,3499.5,AMR3,17,34,35.6,0.0
622,OUTBOUND,C,9010.4,12459.2,12523.6,3513.2,AMR1,10,24,26.0,17.4
623,OUTBOUND,A,9015.8,12491.3,12547.5,3531.7,AMR2,15,39,37.8,0.0
624,OUTBOUND,I,9022.7,12506.2,12563.9,3541.2,AMR3,15,30,32.5,7.8
625,INBOUND,E,9026.1,12523.7,12584.7,3558.6,AMR1,22,43,41.9,0.0
626,INBOUND,D,9029.3,12547.6,12615.5,3586.2,AMR2,22,36,37.3,8.1
627,INBOUND,F,9034.0,12564.0,12637.5,3603.5,AMR3,22,48,48.7,3.0
628,OUTBOUND,H,9038.5,12584.8,12633.3,3594.8,AMR1,15,27,28.2,0.0
629,OUTBOUND,I,9045.2,12615.6,12655.2,3610.0,AMR2,4,16,18.1,0.0
630,OUTBOUND,B,9048.3,12633.4,12685.9,3637.6,AMR1,16,32,33.1,0.0
631,INBOUND,F,9053.3,12637.6,12705.1,3651.8,AMR3,24,46,45.7,0.0
632,INBOUND,I,9056.7,12655.3,12712.1,3655.4,AMR2,22,37,38.1,0.0
633,OUTBOUND,B,9062.2,12686.0,12748.1,3685.9,AMR1,18,36,37.1,0.0
634,OUTBOUND,C,9069.2,12705.2,12767.4,3698.2,AMR3,12,26,27.7,11.1
635,OUTBOUND,I,9075.3,12712.2,12784.8,3709.5,AMR2,1,17,20.4,27.2
636,OUTBOUND,I,9082.0,12748.2,12805.2,3723.2,AMR1,12,24,24.9,9.5
637,OUTBOUND,D,9085.7,12767.5,12825.3,3739.6,AMR3,14,28,29.6,4.6
638,INBOUND,A,9092.3,12784.9,12859.3,3767.0,AMR2,22,46,45.6,6.0
639,OUTBOUND,B,9097.4,12805.3,12863.6,3766.2,AMR1,16,32,33.1,0.0
640,OUTBOUND,E,9100.8,12825.4,12894.0,3793.2,AMR3,22,46,47.5,3.0
641,INBOUND,A,9107.1,12859.4,12923.8,3816.7,AMR2,22,44,42.7,0.0
642,INBOUND,F,9112.4,12863.7,12947.0,3834.6,AMR1,22,46,43.4,13.8
643,OUTBOUND,B,9119.1,12894.1,12947.3,3828.2,AMR3,15,30,31.1,0.0
644,OUTBOUND,H,9123.1,12923.9,12976.0,3852.9,AMR2,17,28,28.3,3.0
645,OUTBOUND,G,9126.2,12947.1,12990.8,3864.6,AMR1,8,22,22.3,0.0
646,OUTBOUND,F,9129.7,12947.4,13011.6,3881.9,AMR3,22,44,42.4,0.0
647,INBOUND,C,9134.0,12976.1,13035.0,3901.0,AMR2,22,33,35.2,3.0
648,INBOUND,I,9137.9,12990.9,13053.1,3915.2,AMR1,22,36,36.3,5.3
649,OUTBOUND,B,9142.2,13011.7,13068.5,3926.3,AMR3,18,36,37.1,0.0
650,INBOUND,E,9148.1,13035.1,13087.5,3939.4,AMR2,11,30,30.2,0.0
651,INBOUND,D,9151.2,13053.2,13115.2,3964.0,AMR1,14,31,34.6,3.0
652,OUTBOUND,A,9157.6,13068.6,13141.8,3984.2,AMR3,24,48,47.1,4.9
653,OUTBOUND,G,9163.4,13087.6,13158.2,3994.8,AMR2,19,33,35.9,11.9
654,INBOUND,D,9167.7,13115.3,13166.6,3998.9,AMR1,15,27,28.6,0.0
655,INBOUND,F,9174.5,13141.9,13207.6,4033.1,AMR3,22,46,43.4,0.0
656,OUTBOUND,G,9178.8,13158.3,13209.0,4030.2,AMR2,14,28,29.4,0.0
657,INBOUND,E,9185.4,13166.7,13222.7,4037.3,AMR1,12,30,30.7,0.0
658,INBOUND,F,9191.0,13207.7,13273.2,4082.2,AMR3,24,46,45.7,0.0
659,OUTBOUND,D,9197.0,13209.1,13268.4,4071.4,AMR2,15,30,31.6,2.3
660,INBOUND,F,9203.8,13222.8,13293.2,4089.4,AMR1,18,45,47.0,6.0
661,OUTBOUND,G,9206.9,13268.5,13323.6,4116.7,AMR2,15,30,29.9,0.0
662,OUTBOUND,I,9212.5,13273.3,13342.8,4130.3,AMR3,18,34,37.0,12.3
663,INBOUND,H,9216.8,13293.3,13355.6,4138.8,AMR1,23,37,38.1,3.0
664,INBOUND,A,9220.4,13323.7,13398.4,4178.0,AMR2,22,42,43.1,7.6
665,OUTBOUND,D,9225.2,13342.9,13399.2,4174.0,AMR3,14,28,30.6,0.0
666,OUTBOUND,J,9229.6,13355.7,13415.5,4185.9,AMR1,10,28,29.5,11.7
667,INBOUND,I,9232.8,13398.5,13467.2,4234.4,AMR2,20,37,40.1,3.0
668,INBOUND,I,9239.4,13399.3,13473.7,4234.3,AMR3,22,37,39.1,15.3
669,OUTBOUND,I,9244.5,13415.6,13464.3,4219.8,AMR1,13,26,27.9,0.0
670,INBOUND,B,9250.1,13464.4,13529.8,4279.7,AMR1,22,38,37.0,5.2
671,OUTBOUND,E,9253.4,13467.3,13518.1,4264.7,AMR2,5,25,27.3,0.0
672,OUTBOUND,A,9257.7,13473.8,13544.3,4286.6,AMR3,18,39,41.0,3.0
673,INBOUND,C,9261.4,13518.2,13574.3,4312.9,AMR2,22,35,34.6,0.0
674,OUTBOUND,E,9268.2,13529.9,13593.9,4325.7,AMR1,18,38,39.7,3.0
675,OUTBOUND,D,9274.0,13544.4,13612.4,4338.4,AMR3,16,32,33.1,15.7
676,INBOUND,C,9280.5,13574.4,13625.1,4344.6,AMR2,13,25,24.7,0.0
677,INBOUND,H,9284.4,13594.0,13653.9,4369.5,AMR1,22,37,38.2,3.0
678,INBOUND,C,9288.5,13612.5,13669.4,4380.9,AMR3,22,33,33.9,0.0
679,OUTBOUND,B,9293.8,13625.2,13673.4,4379.6,AMR2,5,22,23.4,0.0
680,OUTBOUND,H,9298.2,13654.0,13692.3,4394.1,AMR1,0,13,13.2,0.0
681,INBOUND,C,9303.7,13669.5,13717.4,4413.7,AMR3,11,23,24.6,0.0
682,OUTBOUND,A,9307.5,13673.5,13742.3,4434.8,AMR2,24,48,47.1,0.0
683,INBOUND,I,9313.9,13692.4,13756.3,4442.4,AMR1,22,39,39.7,1.2
684,OUTBOUND,A,9318.9,13717.5,13775.1,4456.2,AMR3,14,38,37.1,0.0
685,OUTBOUND,I,9324.1,13742.4,13793.5,4469.4,AMR2,12,24,24.9,3.8
686,OUTBOUND,I,9327.8,13756.4,13815.5,4487.7,AMR1,0,17,20.5,14.9
687,OUTBOUND,G,9331.9,13775.2,13831.7,4499.8,AMR3,16,32,32.4,0.0
688,INBOUND,A,9335.5,13793.6,13859.4,4523.9,AMR2,22,44,41.8,4.9
689,INBOUND,F,9341.1,13815.6,13880.3,4539.2,AMR1,22,44,42.8,0.0
690,INBOUND,I,9345.0,13831.8,13891.9,4546.9,AMR3,22,36,36.3,0.0
691,INBOUND,I,9349.7,13859.5,13921.6,4571.9,AMR2,22,38,38.0,0.0
692,INBOUND,C,9356.3,13880.4,13941.4,4585.1,AMR1,22,34,35.3,0.0
693,INBOUND,G,9362.9,13892.0,13957.2,4594.3,AMR3,14,29,30.4,11.5
694,OUTBOUND,J,9369.5,13921.7,13974.3,4604.8,AMR2,7,28,28.1,0.0
695,OUTBOUND,B,9372.9,13941.5,13990.0,4617.1,AMR1,5,22,23.4,5.6
696,OUTBOUND,B,9379.8,13957.3,14004.3,4624.5,AMR3,3,19,21.6,6.4
697,INBOUND,F,9384.5,13974.4,14036.1,4651.6,AMR2,22,46,44.4,0.0
698,INBOUND,G,9391.5,13990.1,14055.5,4664.0,AMR1,22,40,38.6,0.0
699,INBOUND,A,9395.8,14004.4,14065.4,4669.6,AMR3,22,44,40.8,1.5
700,OUTBOUND,H,9400.3,14036.2,14089.4,4689.1,AMR2,14,28,30.9,3.0
701,INBOUND,A,9405.4,14055.6,14118.0,4712.6,AMR1,18,37,39.3,3.0
702,INBOUND,C,9408.9,14065.5,14126.6,4717.7,AMR3,22,35,35.5,5.2
703,OUTBOUND,H,9414.1,14089.5,14135.8,4721.7,AMR2,12,24,24.4,0.0
704,OUTBOUND,E,9420.6,14118.1,14187.9,4767.3,AMR1,22,43,43.1,5.2
705,INBOUND,I,9426.3,14126.7,14180.6,4754.3,AMR3,13,30,30.6,0.0
706,INBOUND,I,9430.0,14135.9,14198.0,4768.0,AMR2,22,39,38.7,6.7
707,INBOUND,J,9434.5,14180.7,14250.2,4815.7,AMR3,17,39,43.8,6.0
708,OUTBOUND,H,9437.7,14188.0,14231.2,4793.5,AMR1,12,24,24.4,0.0
709,INBOUND,E,9440.8,14198.1,14258.9,4818.1,AMR2,17,38,37.8,5.6
710,INBOUND,C,9444.9,14231.3,14287.1,4842.2,AMR1,22,34,32.8,0.0
711,OUTBOUND,F,9448.5,14250.3,14333.8,4885.3,AMR3,23,42,41.8,22.1
712,OUTBOUND,I,9454.8,14259.0,14317.9,4863.1,AMR2,11,23,24.2,0.0
713,INBOUND,D,9460.4,14287.2,14334.6,4874.2,AMR1,12,24,24.4,0.0
714,OUTBOUND,E,9466.3,14318.0,14394.8,4928.5,AMR2,20,40,40.6,11.3
715,INBOUND,H,9471.4,14333.9,14393.2,4921.8,AMR3,22,36,35.4,0.0
716,OUTBOUND,C,9476.4,14334.7,14377.1,4900.7,AMR1,6,20,20.3,0.0
717,OUTBOUND,A,9480.2,14377.2,14444.2,4964.0,AMR1,24,48,47.1,0.0
718,INBOUND,H,9483.3,14393.3,14450.9,4967.6,AMR3,14,28,30.8,3.0
719,INBOUND,I,9487.1,14394.9,14462.8,4975.7,AMR2,22,36,37.3,8.2
720,OUTBOUND,J,9491.7,14444.3,14520.4,5028.7,AMR1,20,40,38.4,14.7
721,OUTBOUND,I,9495.7,14451.0,14502.7,5007.0,AMR3,4,16,18.3,13.2
722,INBOUND,H,9502.5,14462.9,14516.8,5014.3,AMR2,14,27,30.1,3.0
723,OUTBOUND,J,9506.2,14502.8,14565.9,5059.7,AMR3,18,36,38.7,3.0
724,INBOUND,I,9511.9,14516.9,14567.4,5055.5,AMR2,13,29,30.8,0.0
725,OUTBOUND,D,9515.6,14520.5,14586.6,5071.0,AMR1,14,28,30.6,12.0
726,INBOUND,E,9521.2,14566.0,14632.4,5111.2,AMR3,22,41,41.3,3.0
727,OUTBOUND,C,9525.8,14567.5,14618.6,5092.8,AMR2,10,24,25.1,0.0
728,OUTBOUND,G,9532.4,14586.7,14638.6,5106.2,AMR1,16,32,31.4,0.0
729,INBOUND,E,9536.3,14618.7,14687.1,5150.8,AMR2,22,40,40.9,3.0
730,INBOUND,F,9543.2,14632.5,14712.7,5169.5,AMR3,19,43,42.3,6.6
731,OUTBOUND,D,9549.6,14638.7,14691.0,5141.4,AMR1,16,32,33.1,0.0
732,OUTBOUND,I,9553.8,14687.2,14731.2,5177.4,AMR2,6,20,22.2,0.0
733,INBOUND,H,9557.2,14691.1,14747.5,5190.3,AMR1,22,36,37.3,0.0
734,OUTBOUND,E,9562.8,14712.8,14777.3,5214.5,AMR3,26,46,46.2,0.0
735,OUTBOUND,H,9567.7,14731.3,14793.6,5225.9,AMR2,12,24,25.9,15.5
736,INBOUND,H,9572.0,14747.6,14810.7,5238.7,AMR1,14,28,30.9,9.8
737,INBOUND,A,9575.6,14777.4,14849.9,5274.3,AMR3,22,46,45.6,6.0
738,OUTBOUND,J,9581.3,14793.7,14857.5,5276.2,AMR2,20,40,39.4,0.0
739,INBOUND,E,9586.9,14810.8,14870.8,5283.9,AMR1,14,34,34.3,0.0
740,INBOUND,G,9591.5,14850.0,14912.9,5321.4,AMR3,22,40,40.5,0.0
741,INBOUND,E,9598.5,14857.6,14931.2,5332.7,AMR2,22,43,44.3,7.8
742,INBOUND,J,9604.4,14870.9,14947.2,5342.8,AMR1,20,43,43.1,10.4
743,OUTBOUND,G,9611.0,14913.0,14950.7,5339.7,AMR3,0,16,17.0,0.0
744,INBOUND,G,9617.4,14931.3,14996.3,5378.9,AMR2,21,39,38.9,0.0
745,OUTBOUND,H,9621.5,14947.3,14995.1,5373.6,AMR1,12,23,23.8,0.0
746,OUTBOUND,H,9627.6,14950.8,15012.0,5384.4,AMR3,12,26,27.9,11.2
747,OUTBOUND,H,9631.5,14995.2,15063.0,5431.5,AMR1,12,24,26.9,20.3
748,OUTBOUND,H,9637.6,14996.4,15047.2,5409.6,AMR2,8,22,22.7,3.0
749,INBOUND,C,9642.5,15012.1,15066.0,5423.5,AMR3,22,34,34.7,0.0
750,OUTBOUND,A,9647.8,15047.3,15110.6,5462.8,AMR2,22,44,44.1,0.0
751,INBOUND,I,9654.4,15063.1,15127.7,5473.3,AMR1,22,36,37.3,0.0
752,OUTBOUND,D,9658.6,15066.1,15131.9,5473.3,AMR3,6,24,28.2,13.0
753,OUTBOUND,I,9665.5,15110.7,15172.5,5507.0,AMR2,15,32,32.9,7.5
754,OUTBOUND,A,9669.8,15127.8,15194.0,5524.2,AMR1,17,38,38.9,2.6
755,OUTBOUND,E,9674.1,15132.0,15211.8,5537.7,AMR3,23,46,45.6,10.8
756,INBOUND,D,9677.2,15172.6,15237.6,5560.4,AMR2,22,36,38.1,3.0
757,OUTBOUND,C,9683.2,15194.1,15247.7,5564.5,AMR1,13,26,29.6,3.0
758,OUTBOUND,F,9688.7,15211.9,15275.6,5586.9,AMR3,21,42,39.9,0.0
759,OUTBOUND,C,9695.5,15237.7,15288.7,5593.2,AMR2,4,20,22.7,8.3
760,INBOUND,C,9699.3,15247.8,15309.5,5610.2,AMR1,22,34,34.7,5.0
761,OUTBOUND,C,9705.4,15275.7,15332.1,5626.7,AMR3,15,30,32.1,3.0
762,INBOUND,B,9708.4,15288.8,15344.5,5636.1,AMR2,22,37,36.2,0.0
763,OUTBOUND,C,9714.9,15309.6,15354.8,5639.9,AMR1,1,16,16.9,4.9
764,INBOUND,C,9719.9,15332.2,15388.5,5668.6,AMR3,22,34,35.1,3.0
765,INBOUND,H,9724.1,15344.6,15407.6,5683.5,AMR2,15,29,30.3,10.3
766,OUTBOUND,E,9730.6,15354.9,15424.4,5693.8,AMR1,21,42,42.6,0.0
767,INBOUND,I,9735.1,15388.6,15441.7,5706.6,AMR3,12,28,30.1,2.6
768,INBOUND,B,9739.0,15407.7,15464.4,5725.4,AMR2,14,30,30.2,1.3
769,OUTBOUND,D,9744.9,15424.5,15475.6,5730.7,AMR1,15,30,32.6,0.0
770,INBOUND,A,9749.4,15441.8,15503.5,5754.1,AMR3,16,38,37.0,0.0
771,OUTBOUND,C,9755.9,15464.5,15511.2,5755.3,AMR2,6,20,21.3,0.0
772,OUTBOUND,J,9762.9,15475.7,15545.9,5783.0,AMR1,21,42,40.9,4.3
773,INBOUND,F,9766.0,15503.6,15567.8,5801.8,AMR3,22,45,44.5,0.0
774,INBOUND,I,9770.5,15511.3,15580.4,5809.9,AMR2,22,39,40.5,3.0
775,INBOUND,J,9774.1,15546.0,15608.0,5833.9,AMR1,22,42,42.1,0.0
776,INBOUND,J,9778.3,15567.9,15639.7,5861.4,AMR3,23,43,42.5,4.7
777,INBOUND,B,9782.4,15580.5,15646.8,5864.4,AMR2,15,31,35.2,11.0
778,OUTBOUND,C,9788.7,15608.1,15654.9,5866.2,AMR1,11,24,25.6,0.0
779,INBOUND,D,9792.2,15639.8,15695.4,5903.2,AMR3,20,34,34.9,0.0
780,OUTBOUND,D,9796.0,15646.9,15695.9,5899.9,AMR2,10,24,25.8,1.7
781,INBOUND,C,9801.8,15655.0,15716.5,5914.7,AMR1,22,34,33.8,2.5
782,OUTBOUND,I,9806.8,15695.5,15733.2,5926.4,AMR3,4,16,18.1,0.0
783,INBOUND,C,9810.7,15696.0,15752.3,5941.6,AMR2,22,34,33.8,0.0
784,OUTBOUND,B,9817.0,15716.6,15759.5,5942.5,AMR1,6,24,24.9,0.0
785,OUTBOUND,C,9823.1,15733.3,15785.1,5962.0,AMR3,14,28,30.6,0.0
786,INBOUND,H,9828.7,15752.4,15796.7,5968.0,AMR2,12,26,27.9,0.0
787,OUTBOUND,D,9833.6,15759.6,15822.4,5988.8,AMR1,16,32,33.1,5.0
788,INBOUND,H,9840.0,15785.2,15847.3,6007.3,AMR3,22,38,39.8,3.0
789,OUTBOUND,C,9846.0,15796.8,15845.9,5999.9,AMR2,2,18,21.6,3.0
790,OUTBOUND,B,9852.4,15822.5,15882.4,6030.0,AMR1,18,36,36.1,5.2
791,OUTBOUND,H,9856.8,15846.0,15900.5,6043.7,AMR2,11,24,27.3,8.6
792,OUTBOUND,C,9861.3,15847.4,15920.8,6059.5,AMR3,5,20,22.9,30.0
793,OUTBOUND,I,9865.9,15882.5,15941.6,6075.7,AMR1,15,32,33.3,5.0
794,INBOUND,J,9872.3,15900.6,15969.8,6097.5,AMR2,22,44,43.7,4.8
795,OUTBOUND,A,9875.7,15920.9,15982.6,6106.9,AMR3,21,42,42.1,0.0
796,INBOUND,F,9879.1,15941.7,16008.4,6129.3,AMR1,22,43,42.0,0.0
797,OUTBOUND,I,9884.9,15969.9,16017.3,6132.4,AMR2,7,20,20.8,5.3
798,INBOUND,J,9890.3,15982.7,16053.3,6163.0,AMR3,22,45,44.7,3.0
799,OUTBOUND,I,9895.2,16008.5,16057.1,6161.9,AMR1,15,27,27.8,0.0
800,OUTBOUND,H,9898.4,16017.4,16075.8,6177.4,AMR2,12,24,25.9,8.5
801,OUTBOUND,I,9920.5,16053.4,16095.0,6174.5,AMR3,5,19,20.2,5.0
802,OUTBOUND,D,9942.7,16057.2,16119.5,6176.8,AMR1,15,30,35.1,6.0
803,OUTBOUND,J,9962.9,16075.9,16142.3,6179.4,AMR2,20,40,42.6,3.0
804,INBOUND,D,9982.2,16095.1,16157.2,6175.0,AMR3,22,37,37.1,5.4
805,OUTBOUND,G,10000.7,16119.6,16171.0,6170.3,AMR1,14,28,29.4,0.0
806,INBOUND,I,10024.1,16142.4,16208.6,6184.5,AMR2,22,36,38.7,3.0
807,INBOUND,C,10039.6,16157.3,16217.9,6178.3,AMR3,15,27,27.7,10.4
808,OUTBOUND,H,10063.1,16171.1,16218.3,6155.2,AMR1,11,22,22.9,0.0
809,OUTBOUND,H,10078.9,16208.7,16251.9,6173.0,AMR2,6,18,18.2,0.0
810,OUTBOUND,E,10096.3,16218.0,16289.6,6193.3,AMR3,14,36,35.5,12.8
811,OUTBOUND,I,10116.3,16218.4,16270.9,6154.6,AMR1,14,28,29.4,1.7
812,OUTBOUND,D,10135.4,16252.0,16308.7,6173.3,AMR2,16,32,33.1,5.6
813,OUTBOUND,J,10155.0,16271.0,16336.9,6181.9,AMR1,20,40,42.2,3.0
814,OUTBOUND,H,10170.8,16289.7,16353.6,6182.8,AMR3,12,24,27.3,9.6
815,OUTBOUND,H,10189.0,16308.8,16370.5,6181.5,AMR2,12,24,24.4,13.6
816,OUTBOUND,G,10205.0,16337.0,16384.8,6179.8,AMR1,13,26,26.4,0.0
817,INBOUND,A,10225.6,16353.7,16420.2,6194.6,AMR3,22,44,41.8,0.0
818,OUTBOUND,J,10248.5,16370.6,16449.8,6201.3,AMR2,20,40,38.4,14.6
819,OUTBOUND,I,10266.6,16384.9,16433.6,6167.0,AMR1,13,26,26.9,0.0
820,INBOUND,H,10283.6,16420.3,16484.3,6200.7,AMR3,22,35,35.6,4.5
821,OUTBOUND,A,10302.3,16433.7,16497.6,6195.3,AMR1,21,42,41.1,0.0
822,INBOUND,H,10319.5,16449.9,16516.7,6197.2,AMR2,22,38,40.1,3.0
823,OUTBOUND,J,10340.1,16484.4,16540.1,6200.0,AMR3,10,29,30.2,0.0
824,INBOUND,F,10359.8,16497.7,16566.1,6206.3,AMR1,22,46,43.4,0.0
825,OUTBOUND,B,10379.4,16516.8,16565.6,6186.2,AMR2,8,24,25.3,0.0
826,INBOUND,F,10394.4,16540.2,16606.1,6211.7,AMR3,22,46,44.4,0.0
827,INBOUND,E,10419.0,16565.7,16623.2,6204.2,AMR2,22,40,38.5,0.0
828,INBOUND,B,10439.2,16566.2,16639.3,6200.1,AMR1,24,40,39.9,10.2
829,OUTBOUND,H,10463.2,16606.2,16656.3,6193.1,AMR3,13,26,25.7,0.0
830,OUTBOUND,G,10486.4,16623.3,16686.5,6200.1,AMR2,20,36,37.0,3.0
831,OUTBOUND,D,10504.0,16639.4,16703.1,6199.1,AMR1,14,30,30.7,11.7
832,OUTBOUND,G,10520.2,16656.4,16720.7,6200.5,AMR3,15,32,34.2,11.0
833,OUTBOUND,D,10539.8,16686.6,16745.0,6205.2,AMR2,14,28,32.2,8.2
834,OUTBOUND,G,10558.1,16703.2,16762.7,6204.6,AMR1,16,32,31.4,4.2
835,INBOUND,J,10582.4,16720.8,16788.4,6206.0,AMR3,22,44,45.5,3.0
836,INBOUND,H,10605.1,16745.1,16807.5,6202.4,AMR2,22,36,36.4,0.0
837,INBOUND,I,10626.7,16762.8,16822.4,6195.7,AMR1,22,39,38.7,0.0
838,OUTBOUND,A,10651.3,16788.5,16865.4,6214.1,AMR3,26,50,50.3,3.0
839,INBOUND,I,10673.7,16807.6,16855.9,6182.2,AMR2,14,28,29.0,0.0
840,OUTBOUND,H,10697.1,16822.5,16878.6,6181.5,AMR1,9,21,20.9,14.3
841,OUTBOUND,C,10719.9,16856.0,16903.1,6183.2,AMR2,6,22,24.3,3.0
842,INBOUND,C,10736.6,16865.5,16924.1,6187.5,AMR3,22,33,32.9,4.5
843,OUTBOUND,J,10755.5,16878.7,16945.0,6189.5,AMR1,20,40,38.4,5.1
844,OUTBOUND,I,10779.3,16903.2,16963.8,6184.5,AMR2,15,32,33.9,3.0
845,INBOUND,J,10798.5,16924.2,16980.3,6181.8,AMR3,11,31,32.0,3.1
846,OUTBOUND,E,10821.1,16945.1,17004.5,6183.4,AMR1,20,40,40.6,0.0
847,INBOUND,E,10845.8,16963.9,17027.9,6182.1,AMR2,22,42,41.1,0.0
848,OUTBOUND,C,10868.8,16980.4,17030.4,6161.6,AMR3,14,28,28.5,0.0
849,OUTBOUND,I,10889.9,17004.6,17059.1,6169.2,AMR1,15,30,30.9,0.0
850,INBOUND,I,10913.3,17028.0,17082.2,6168.9,AMR2,20,34,35.9,0.0
851,OUTBOUND,I,10935.4,17030.5,17080.9,6145.5,AMR3,12,24,24.9,0.0
852,OUTBOUND,J,10952.4,17059.2,17117.1,6164.7,AMR1,18,36,35.9,0.0
853,OUTBOUND,F,10970.3,17081.0,17140.2,6169.9,AMR3,20,40,38.4,0.0
854,INBOUND,C,10986.6,17082.3,17131.6,6145.0,AMR2,14,26,27.9,0.0
855,OUTBOUND,F,11007.1,17117.2,17178.6,6171.5,AMR1,22,44,41.4,0.0
856,INBOUND,F,11023.2,17131.7,17191.6,6168.4,AMR2,12,33,33.2,0.0
857,INBOUND,J,11043.0,17140.3,17205.0,6162.0,AMR3,22,42,41.1,0.0
858,INBOUND,I,11065.1,17178.7,17237.8,6172.7,AMR1,22,38,37.9,0.0
859,OUTBOUND,G,11088.9,17191.7,17232.2,6143.3,AMR2,6,19,19.5,0.0
860,INBOUND,B,11104.0,17205.1,17265.1,6161.1,AMR3,20,36,35.6,0.0
861,OUTBOUND,A,11122.8,17232.3,17307.5,6184.7,AMR2,24,48,47.1,8.9
862,OUTBOUND,E,11138.4,17237.9,17294.9,6156.5,AMR1,9,32,32.6,0.0
863,INBOUND,E,11163.2,17265.2,17316.6,6153.4,AMR3,16,34,33.2,0.0
864,INBOUND,E,11186.6,17295.0,17359.1,6172.5,AMR1,22,40,39.5,0.0
865,OUTBOUND,A,11209.2,17307.6,17383.1,6173.9,AMR2,24,48,47.1,9.2
866,OUTBOUND,B,11232.3,17316.7,17370.6,6138.3,AMR3,16,32,32.7,0.0
867,INBOUND,I,11256.0,17359.2,17428.0,6172.0,AMR1,18,35,37.7,4.9
868,INBOUND,I,11278.4,17370.7,17444.2,6165.8,AMR3,22,36,38.1,9.1
869,INBOUND,E,11295.8,17383.2,17462.5,6166.7,AMR2,22,43,40.9,12.8
870,INBOUND,G,11317.4,17428.1,17488.2,6170.8,AMR1,17,32,36.4,3.0
871,INBOUND,F,11336.6,17444.3,17507.7,6171.1,AMR3,14,37,36.8,4.6
872,OUTBOUND,E,11352.1,17462.6,17507.9,6155.8,AMR2,3,23,23.9,0.0
873,OUTBOUND,H,11373.4,17488.3,17533.7,6160.3,AMR1,4,17,17.6,5.1
874,OUTBOUND,F,11397.5,17507.8,17549.4,6151.9,AMR3,0,21,22.0,0.0
875,INBOUND,J,11418.4,17508.0,17577.5,6159.1,AMR2,22,46,47.1,3.0
876,INBOUND,D,11441.1,17533.8,17589.4,6148.3,AMR1,22,34,34.7,0.0
877,OUTBOUND,B,11460.6,17549.5,17610.2,6149.6,AMR3,17,34,35.6,0.0
878,OUTBOUND,I,11485.2,17577.6,17629.1,6143.9,AMR2,6,20,20.9,7.9
879,OUTBOUND,G,11504.0,17589.5,17647.3,6143.3,AMR1,14,30,30.6,4.1
880,INBOUND,C,11524.6,17610.3,17670.2,6145.6,AMR3,22,35,35.6,3.0
881,OUTBOUND,E,11545.4,17629.2,17698.0,6152.6,AMR2,22,44,44.1,0.0
882,INBOUND,C,11563.7,17647.4,17702.6,6138.9,AMR1,22,35,33.6,0.0
883,OUTBOUND,F,11580.2,17670.3,17727.3,6147.1,AMR3,15,37,37.7,0.0
884,OUTBOUND,J,11595.8,17698.1,17765.9,6170.1,AMR2,19,40,41.3,6.2
885,OUTBOUND,H,11617.4,17702.7,17746.1,6128.7,AMR1,4,15,15.8,5.5
886,INBOUND,F,11633.1,17727.4,17796.2,6163.1,AMR3,22,44,43.8,8.3
887,INBOUND,C,11650.3,17746.2,17800.0,6149.7,AMR1,22,34,33.8,1.1
888,INBOUND,I,11666.0,17766.0,17829.5,6163.5,AMR2,22,39,39.7,0.0
889,INBOUND,I,11685.1,17796.3,17855.0,6169.9,AMR3,22,37,37.8,0.0
890,OUTBOUND,D,11701.1,17800.1,17847.5,6146.4,AMR1,9,26,25.8,0.0
891,OUTBOUND,F,11718.2,17829.6,17890.2,6172.0,AMR2,19,39,39.1,0.0
892,OUTBOUND,D,11736.8,17847.6,17906.8,6170.0,AMR1,15,30,32.6,3.2
893,INBOUND,H,11758.0,17855.1,17905.1,6147.1,AMR3,15,29,30.9,0.0
894,OUTBOUND,A,11781.2,17890.3,17963.1,6181.9,AMR2,22,44,44.1,5.1
895,OUTBOUND,H,11802.9,17905.2,17940.8,6137.9,AMR3,0,12,12.8,0.0
896,INBOUND,J,11827.0,17906.9,17973.4,6146.4,AMR1,22,43,42.9,0.0
897,OUTBOUND,A,11844.4,17940.9,18029.9,6185.5,AMR3,22,44,47.3,20.3
898,OUTBOUND,G,11868.3,17963.2,18014.8,6146.5,AMR2,14,28,29.4,0.0
899,OUTBOUND,I,11887.1,17973.5,18047.0,6159.9,AMR1,7,21,24.3,23.3
900,INBOUND,I,11902.4,18014.9,18082.3,6179.9,AMR2,22,36,36.3,3.7
901,OUTBOUND,I,11922.5,18030.0,18084.2,6161.7,AMR3,13,26,26.9,2.9
902,INBOUND,E,11942.4,18047.1,18113.4,6171.0,AMR1,22,42,41.1,0.0
903,INBOUND,I,11959.3,18082.4,18136.6,6177.3,AMR2,14,30,33.5,3.0
904,INBOUND,C,11983.8,18084.3,18154.2,6170.4,AMR3,22,33,33.9,11.7
905,INBOUND,B,12004.1,18113.5,18176.9,6172.8,AMR1,20,36,36.8,6.4
906,INBOUND,D,12025.8,18136.7,18196.9,6171.1,AMR2,16,31,32.3,2.4
907,OUTBOUND,B,12045.0,18154.3,18206.6,6161.6,AMR3,9,27,27.9,3.0
908,OUTBOUND,G,12065.4,18177.0,18226.6,6161.2,AMR1,3,16,17.8,10.2
909,INBOUND,C,12087.9,18197.0,18252.9,6165.0,AMR2,15,27,28.6,0.0
910,OUTBOUND,F,12107.5,18206.7,18280.9,6173.4,AMR3,22,44,45.2,3.0
911,OUTBOUND,A,12123.4,18226.7,18293.1,6169.7,AMR1,24,48,47.1,0.0
912,INBOUND,I,12146.3,18253.0,18314.4,6168.1,AMR2,12,28,30.1,4.7
913,OUTBOUND,D,12167.1,18281.0,18359.1,6192.0,AMR3,17,36,38.7,17.2
914,OUTBOUND,H,12186.1,18293.2,18338.3,6152.2,AMR1,12,24,24.9,0.0
915,OUTBOUND,F,12205.2,18314.5,18381.5,6176.3,AMR2,20,42,41.4,2.7
916,INBOUND,B,12224.1,18338.4,18400.5,6176.4,AMR1,22,36,35.4,4.3
917,INBOUND,J,12239.1,18359.2,18428.2,6189.1,AMR3,22,45,44.5,4.9
918,OUTBOUND,J,12261.7,18381.6,18452.2,6190.5,AMR2,21,44,43.3,3.0
919,INBOUND,B,12283.7,18400.6,18457.3,6173.6,AMR1,14,28,29.5,0.0
920,OUTBOUND,B,12308.0,18428.3,18494.7,6186.7,AMR3,21,37,37.8,12.1
921,INBOUND,E,12330.9,18452.3,18528.4,6197.5,AMR2,22,40,39.5,11.4
922,INBOUND,H,12346.7,18457.4,18508.0,6161.3,AMR1,14,29,31.3,0.0
923,OUTBOUND,A,12365.7,18494.8,18564.5,6198.8,AMR3,22,44,44.1,0.0
924,INBOUND,D,12382.2,18508.1,18552.1,6169.9,AMR1,15,27,27.6,0.0
925,OUTBOUND,I,12404.7,18528.5,18581.5,6176.8,AMR2,8,20,21.5,5.2
926,INBOUND,C,12429.3,18552.2,18602.9,6173.6,AMR1,12,24,25.0,0.0
927,OUTBOUND,F,12451.1,18564.6,18626.8,6175.7,AMR3,21,42,40.9,0.0
928,OUTBOUND,I,12471.6,18581.6,18643.9,6172.3,AMR2,15,30,30.9,9.2
929,OUTBOUND,A,12487.8,18603.0,18657.9,6170.1,AMR1,10,32,33.1,1.7
930,OUTBOUND,I,12508.8,18626.9,18687.5,6178.7,AMR3,12,26,30.4,6.0
931,OUTBOUND,E,12533.3,18644.0,18708.7,6175.4,AMR2,20,40,40.6,0.0
932,INBOUND,F,12555.8,18658.0,18727.6,6171.8,AMR1,22,46,43.4,4.8
933,OUTBOUND,I,12574.9,18687.6,18741.1,6166.2,AMR3,12,24,25.9,5.0
934,INBOUND,D,12591.5,18708.8,18774.3,6182.8,AMR2,22,37,38.9,3.0
935,INBOUND,D,12614.8,18727.7,18789.3,6174.5,AMR1,24,36,35.8,5.0
936,INBOUND,J,12631.6,18741.2,18816.2,6184.6,AMR3,22,45,46.3,3.0
937,OUTBOUND,I,12655.2,18774.4,18814.5,6159.3,AMR2,4,19,20.0,0.0
938,INBOUND,B,12676.6,18789.4,18842.0,6165.4,AMR1,12,26,26.6,0.0
939,OUTBOUND,E,12698.3,18814.6,18877.6,6179.3,AMR2,20,40,40.6,0.0
940,INBOUND,J,12715.3,18816.3,18877.4,6162.1,AMR3,21,41,42.0,0.0
941,OUTBOUND,F,12739.8,18842.1,18898.9,6159.1,AMR1,10,32,32.0,2.1
942,INBOUND,D,12761.5,18877.5,18934.5,6173.0,AMR3,20,34,34.9,0.0
943,OUTBOUND,B,12779.4,18877.7,18935.4,6156.0,AMR2,18,36,36.1,0.0
944,INBOUND,H,12797.6,18899.0,18959.2,6161.6,AMR1,22,36,35.4,0.0
945,OUTBOUND,E,12818.7,18934.6,18984.9,6166.2,AMR3,6,28,28.7,0.0
946,INBOUND,F,12839.4,18935.5,19002.3,6162.9,AMR2,22,45,42.6,0.0
947,INBOUND,C,12864.0,18959.3,19010.3,6146.3,AMR1,14,25,25.6,2.1
948,INBOUND,D,12882.1,18985.0,19049.5,6167.4,AMR3,22,34,34.7,2.7
949,INBOUND,G,12904.5,19002.4,19069.5,6165.0,AMR2,23,41,41.8,1.2
950,OUTBOUND,C,12927.9,19010.4,19049.2,6121.3,AMR1,1,15,16.1,0.0
951,INBOUND,H,12950.2,19049.3,19112.8,6162.6,AMR1,22,39,40.6,3.0
952,OUTBOUND,E,12969.7,19049.6,19097.0,6127.3,AMR3,6,26,26.6,0.0
953,INBOUND,C,12990.2,19069.6,19135.1,6144.9,AMR2,18,30,30.4,10.5
954,INBOUND,E,13011.3,19097.1,19171.6,6160.3,AMR3,22,44,44.5,3.0
955,OUTBOUND,D,13035.2,19112.9,19162.6,6127.4,AMR1,7,21,22.5,0.0
956,INBOUND,B,13057.5,19135.2,19189.9,6132.4,AMR2,12,28,28.2,1.4
957,OUTBOUND,A,13073.3,19162.7,19236.1,6162.8,AMR1,24,48,46.1,10.6
958,OUTBOUND,J,13094.6,19171.7,19223.4,6128.8,AMR3,3,24,26.1,0.0
959,INBOUND,D,13117.3,19190.0,19245.4,6128.1,AMR2,16,30,30.0,0.0
960,OUTBOUND,I,13137.8,19223.5,19279.7,6141.9,AMR3,15,30,30.9,0.0
961,OUTBOUND,C,13157.5,19236.2,19298.9,6141.4,AMR1,13,28,31.9,12.9
962,INBOUND,J,13176.4,19245.5,19306.3,6129.9,AMR2,14,37,37.7,1.4
963,OUTBOUND,C,13200.0,19279.8,19336.2,6136.2,AMR3,14,28,30.6,4.7
964,OUTBOUND,B,13220.0,19299.0,19351.1,6131.1,AMR1,15,30,32.1,0.0
965,INBOUND,A,13238.7,19306.4,19369.9,6131.2,AMR2,23,43,41.5,0.0
966,OUTBOUND,J,13262.1,19336.3,19395.4,6133.3,AMR3,19,38,37.9,0.0
967,INBOUND,C,13284.7,19351.2,19410.5,6125.8,AMR1,22,34,32.8,4.3
968,INBOUND,J,13301.3,19370.0,19441.9,6140.6,AMR2,20,42,43.3,3.0
969,INBOUND,C,13322.9,19395.5,19451.8,6128.9,AMR3,22,34,34.7,0.0
970,OUTBOUND,F,13345.2,19410.6,19461.0,6115.8,AMR1,12,32,33.4,0.0
971,OUTBOUND,H,13362.4,19442.0,19494.4,6132.0,AMR2,13,26,26.6,0.0
972,OUTBOUND,F,13378.0,19451.9,19510.2,6132.2,AMR3,16,38,37.4,0.0
973,OUTBOUND,D,13393.5,19461.1,19527.3,6133.8,AMR1,16,32,33.1,6.8
974,INBOUND,F,13417.5,19494.5,19568.4,6150.9,AMR2,22,48,47.8,3.0
975,OUTBOUND,H,13437.2,19510.3,19559.5,6122.3,AMR3,12,24,25.4,0.0
976,INBOUND,F,13452.6,19527.4,19591.4,6138.8,AMR1,22,44,42.8,0.0
977,OUTBOUND,I,13474.7,19559.6,19616.6,6141.9,AMR3,14,30,31.8,3.0
978,OUTBOUND,E,13498.0,19568.5,19650.4,6152.4,AMR2,29,52,51.2,10.4
979,INBOUND,C,13518.5,19591.5,19643.3,6124.8,AMR1,22,33,33.6,0.0
980,INBOUND,F,13540.0,19616.7,19687.8,6147.8,AMR3,22,48,47.2,3.0
981,INBOUND,B,13561.5,19643.4,19693.1,6131.6,AMR1,11,26,26.1,0.0
982,INBOUND,D,13579.0,19650.5,19712.5,6133.5,AMR2,22,36,36.3,0.0
983,INBOUND,F,13598.1,19687.9,19767.7,6169.6,AMR3,24,48,47.3,11.3
984,INBOUND,J,13621.0,19693.2,19751.8,6130.8,AMR1,15,35,35.1,0.0
985,OUTBOUND,C,13641.1,19712.6,19755.0,6113.9,AMR2,7,22,23.3,0.0
986,INBOUND,B,13657.7,19751.9,19806.9,6149.2,AMR1,20,36,35.6,0.0
987,OUTBOUND,D,13679.2,19755.1,19828.0,6148.8,AMR2,17,34,35.6,13.7
988,OUTBOUND,F,13696.0,19767.8,19811.1,6115.1,AMR3,3,22,22.6,0.0
989,OUTBOUND,B,13718.2,19807.0,19849.9,6131.7,AMR1,2,18,19.0,0.0
990,OUTBOUND,F,13735.5,19811.2,19873.4,6137.9,AMR3,20,40,39.4,0.0
991,INBOUND,H,13751.6,19828.1,19885.0,6133.4,AMR2,22,36,36.4,0.0
992,OUTBOUND,C,13768.7,19850.0,19906.2,6137.5,AMR1,14,30,33.0,3.0
993,INBOUND,A,13792.1,19873.5,19942.5,6150.4,AMR3,22,41,38.4,10.4
994,INBOUND,J,13807.5,19885.1,19968.9,6161.4,AMR2,14,38,43.1,18.0
995,INBOUND,I,13824.1,19906.3,19976.7,6152.6,AMR1,22,37,38.1,8.9
996,INBOUND,C,13848.0,19942.6,19992.4,6144.4,AMR3,19,31,31.1,0.0
997,OUTBOUND,C,13864.7,19969.0,20022.6,6157.9,AMR2,13,26,27.6,5.2
998,INBOUND,J,13889.3,19976.8,20039.8,6150.5,AMR1,15,38,39.0,1.7
999,INBOUND,E,13910.6,19992.5,20052.1,6141.5,AMR3,12,34,31.8,6.1
1000,OUTBOUND,J,13927.8,20022.7,20075.8,6148.0,AMR2,18,36,35.9,0.0
