종류,AMR,위치/구역,시작(s),종료(s),지속(s),관련 주문
장시간정체,AMR1,"(7, 11)",52.1,65.1,13.0,
장시간정체,AMR3,"(15, 17)",82.6,92.6,10.0,O0003
병목,AMR2,출고진입부,104.5,122.5,18.0,O0001
장시간정체,AMR2,"(7, 11)",109.5,122.5,13.0,O0001
장시간정체,AMR3,"(8, 11)",111.2,124.8,13.6,O0003
장시간정체,AMR1,"(15, 0)",140.6,150.6,10.0,
병목,AMR2,출고진입부,142.4,153.0,10.6,O0001
장시간정체,AMR2,"(15, 1)",147.4,153.0,5.6,O0001
장시간정체,AMR2,"(15, 0)",171.6,174.6,3.0,
장시간정체,AMR1,"(19, 9)",217.5,233.5,16.0,
장시간정체,AMR2,"(1, 11)",243.5,248.5,5.0,
병목,AMR1,출고진입부,278.1,279.1,1.0,O0005
장시간정체,AMR2,"(20, 11)",312.1,314.1,2.0,
장시간정체,AMR1,"(15, 0)",322.9,327.9,5.0,
장시간정체,AMR3,"(15, 0)",369.7,378.7,9.0,
장시간정체,AMR1,"(21, 9)",397.7,402.7,5.0,
병목,AMR2,출고진입부,548.5,558.5,10.0,O0010
장시간정체,AMR3,"(15, 0)",550.6,557.6,7.0,
장시간정체,AMR2,"(3, 11)",553.5,558.5,5.0,O0010
장시간정체,AMR3,"(2, 9)",631.3,643.3,12.0,
장시간정체,AMR2,"(9, 11)",661.0,665.0,4.0,
병목,AMR3,출고진입부,693.7,695.7,2.0,O0013
장시간정체,AMR3,"(15, 0)",728.1,749.1,21.0,
장시간정체,AMR1,"(15, 0)",801.3,806.3,5.0,
장시간정체,AMR3,"(8, 9)",819.1,830.1,11.0,
장시간정체,AMR3,"(27, 9)",899.5,908.5,9.0,
장시간정체,AMR2,"(9, 11)",926.3,929.3,3.0,
장시간정체,AMR2,"(26, 11)",986.1,1017.1,31.0,
장시간정체,AMR1,"(15, 0)",1062.5,1065.5,3.0,
장시간정체,AMR3,"(15, 0)",1204.8,1210.8,6.0,
장시간정체,AMR1,"(20, 9)",1229.0,1235.0,6.0,
장시간정체,AMR1,"(15, 9)",1293.1,1313.1,20.0,
장시간정체,AMR3,"(21, 9)",1358.6,1363.6,5.0,
장시간정체,AMR1,"(3, 11)",1374.5,1380.5,6.0,
병목,AMR2,출고진입부,1518.9,1522.9,4.0,O0029
장시간정체,AMR2,"(15, 0)",1554.7,1560.7,6.0,
장시간정체,AMR3,"(15, 0)",1608.8,1620.8,12.0,
장시간정체,AMR2,"(27, 11)",1630.2,1645.2,15.0,
병목,AMR3,출고진입부,1805.2,1813.2,8.0,O0035
장시간정체,AMR3,"(8, 9)",1810.2,1813.2,3.0,O0035
장시간정체,AMR2,"(13, 11)",1844.7,1850.7,6.0,
장시간정체,AMR3,"(15, 0)",1848.9,1862.9,14.0,
장시간정체,AMR2,"(1, 11)",1914.0,1928.0,14.0,
장시간정체,AMR3,"(15, 11)",1925.1,1948.1,23.0,
병목,AMR2,출고진입부,1974.8,1977.8,3.0,O0038
장시간정체,AMR3,"(8, 11)",2003.0,2035.0,32.0,
장시간정체,AMR2,"(15, 0)",2008.9,2010.9,2.0,
장시간정체,AMR2,"(13, 9)",2078.4,2091.4,13.0,
장시간정체,AMR3,"(19, 9)",2092.7,2105.7,13.0,
장시간정체,AMR2,"(15, 0)",2163.9,2179.9,16.0,
장시간정체,AMR3,"(9, 11)",2164.7,2165.7,1.0,
장시간정체,AMR3,"(25, 11)",2230.6,2243.6,13.0,
장시간정체,AMR2,"(27, 11)",2250.5,2260.5,10.0,
병목,AMR3,출고진입부,2291.4,2297.4,6.0,O0044
장시간정체,AMR3,"(27, 11)",2296.4,2297.4,1.0,O0044
장시간정체,AMR2,"(2, 11)",2325.9,2331.9,6.0,
장시간정체,AMR3,"(15, 0)",2334.4,2351.4,17.0,
장시간정체,AMR3,"(27, 11)",2421.4,2423.4,2.0,
장시간정체,AMR1,"(15, 0)",2490.7,2493.7,3.0,
장시간정체,AMR2,"(14, 11)",2515.9,2517.9,2.0,
장시간정체,AMR2,"(19, 9)",2569.6,2597.6,28.0,
장시간정체,AMR1,"(15, 9)",2637.7,2655.7,18.0,
장시간정체,AMR2,"(1, 9)",2661.4,2670.4,9.0,
장시간정체,AMR2,"(19, 11)",2727.4,2731.4,4.0,
장시간정체,AMR1,"(15, 0)",2738.6,2743.6,5.0,
장시간정체,AMR3,"(15, 0)",2790.1,2798.1,8.0,
장시간정체,AMR1,"(7, 11)",2813.1,2822.1,9.0,
병목,AMR3,출고진입부,2851.0,2852.0,1.0,O0055
장시간정체,AMR3,"(15, 0)",2885.6,2887.6,2.0,
장시간정체,AMR1,"(20, 9)",2931.9,2947.9,16.0,
장시간정체,AMR3,"(26, 9)",2959.7,2963.7,4.0,
장시간정체,AMR3,"(21, 9)",3024.1,3026.1,2.0,
장시간정체,AMR1,"(15, 0)",3029.8,3042.8,13.0,
장시간정체,AMR3,"(25, 11)",3089.6,3106.6,17.0,
장시간정체,AMR1,"(2, 9)",3119.1,3123.1,4.0,
병목,AMR3,출고진입부,3151.4,3163.4,12.0,O0061
장시간정체,AMR3,"(4, 9)",3156.4,3163.4,7.0,O0061
장시간정체,AMR1,"(15, 9)",3187.8,3197.8,10.0,
장시간정체,AMR3,"(15, 0)",3200.3,3213.3,13.0,
장시간정체,AMR2,"(15, 0)",3255.8,3262.8,7.0,
장시간정체,AMR3,"(22, 9)",3282.2,3287.2,5.0,
병목,AMR2,출고진입부,3458.0,3462.0,4.0,O0067
장시간정체,AMR2,"(15, 0)",3504.4,3509.4,5.0,
장시간정체,AMR1,"(15, 0)",3550.6,3553.6,3.0,
장시간정체,AMR1,"(15, 0)",3643.7,3652.7,9.0,
장시간정체,AMR3,"(10, 11)",3670.9,3676.9,6.0,
장시간정체,AMR3,"(15, 0)",3811.2,3819.2,8.0,
장시간정체,AMR3,"(15, 0)",3956.4,3959.4,3.0,
병목,AMR1,출고진입부,3980.5,3985.5,5.0,O0078
장시간정체,AMR1,"(15, 0)",4017.0,4019.0,2.0,
병목,AMR1,중앙교차로,4078.7,4080.7,2.0,
장시간정체,AMR3,"(15, 0)",4228.3,4232.3,4.0,
병목,AMR1,출고진입부,4261.8,4266.8,5.0,O0084
장시간정체,AMR3,"(16, 9)",4296.8,4303.8,7.0,
장시간정체,AMR1,"(15, 0)",4298.5,4317.5,19.0,
장시간정체,AMR3,"(20, 9)",4360.7,4378.7,18.0,
장시간정체,AMR1,"(13, 11)",4383.2,4394.2,11.0,
장시간정체,AMR1,"(1, 11)",4451.6,4452.6,1.0,
장시간정체,AMR3,"(15, 0)",4454.6,4472.6,18.0,
장시간정체,AMR2,"(15, 0)",4519.6,4530.6,11.0,
장시간정체,AMR3,"(19, 9)",4543.1,4555.1,12.0,
병목,AMR2,출고진입부,4580.4,4586.4,6.0,O0090
장시간정체,AMR2,"(20, 9)",4585.4,4586.4,1.0,O0090
장시간정체,AMR3,"(21, 9)",4614.5,4643.5,29.0,
병목,AMR3,중앙교차로,4680.7,4682.7,2.0,O0093
장시간정체,AMR2,"(8, 11)",4685.8,4694.8,9.0,
장시간정체,AMR3,"(19, 11)",4703.0,4710.0,7.0,
장시간정체,AMR3,"(25, 9)",4770.1,4794.1,24.0,
장시간정체,AMR2,"(1, 11)",4843.8,4877.8,34.0,
장시간정체,AMR3,"(15, 0)",4946.2,4961.2,15.0,
장시간정체,AMR2,"(1, 9)",5011.9,5035.9,24.0,
장시간정체,AMR3,"(13, 11)",5022.4,5023.4,1.0,
병목,AMR3,출고진입부,5055.5,5074.5,19.0,O0099
장시간정체,AMR3,"(15, 11)",5060.5,5074.5,14.0,O0099
장시간정체,AMR2,"(13, 9)",5104.7,5134.7,30.0,
장시간정체,AMR3,"(15, 0)",5105.3,5110.3,5.0,
병목,AMR1,중앙교차로,5111.6,5135.6,24.0,O0100
장시간정체,AMR1,"(15, 18)",5116.6,5135.6,19.0,O0100
장시간정체,AMR2,"(26, 9)",5201.0,5213.0,12.0,
장시간정체,AMR1,"(15, 0)",5278.5,5281.5,3.0,
장시간정체,AMR1,"(2, 9)",5353.8,5365.8,12.0,
장시간정체,AMR1,"(15, 0)",5499.1,5507.1,8.0,
병목,AMR3,출고진입부,5502.3,5507.3,5.0,O0107
장시간정체,AMR1,"(9, 11)",5573.9,5581.9,8.0,
장시간정체,AMR1,"(15, 0)",5661.7,5679.7,18.0,
장시간정체,AMR2,"(15, 0)",5737.2,5739.2,2.0,
장시간정체,AMR1,"(25, 11)",5749.3,5763.3,14.0,
병목,AMR2,출고진입부,5791.2,5795.2,4.0,O0113
장시간정체,AMR1,"(1, 11)",5828.4,5832.4,4.0,
장시간정체,AMR2,"(15, 0)",5833.3,5852.3,19.0,
장시간정체,AMR3,"(15, 0)",5909.8,5911.8,2.0,
장시간정체,AMR2,"(14, 11)",5912.3,5936.3,24.0,
병목,AMR3,출고진입부,5957.6,5960.6,3.0,O0116
장시간정체,AMR2,"(15, 11)",5990.5,6019.5,29.0,
장시간정체,AMR3,"(15, 0)",5993.2,5995.2,2.0,
장시간정체,AMR3,"(9, 9)",6062.0,6070.0,8.0,
장시간정체,AMR2,"(7, 11)",6077.8,6087.8,10.0,
병목,AMR3,출고진입부,6114.7,6116.7,2.0,O0119
장시간정체,AMR2,"(19, 9)",6147.0,6154.0,7.0,
장시간정체,AMR3,"(15, 0)",6153.3,6168.3,15.0,
병목,AMR1,중앙교차로,6180.9,6182.4,1.5,O0120
장시간정체,AMR2,"(27, 9)",6214.7,6245.7,31.0,
장시간정체,AMR1,"(15, 18)",6238.5,6246.5,8.0,O0121
병목,AMR1,출고진입부,6276.3,6282.3,6.0,O0121
장시간정체,AMR1,"(27, 9)",6281.3,6282.3,1.0,O0121
장시간정체,AMR1,"(15, 0)",6322.5,6333.5,11.0,
장시간정체,AMR3,"(15, 0)",6389.0,6392.0,3.0,
장시간정체,AMR1,"(20, 9)",6401.7,6415.7,14.0,
장시간정체,AMR3,"(15, 0)",6479.2,6486.2,7.0,
장시간정체,AMR1,"(15, 0)",6579.4,6596.4,17.0,
병목,AMR2,출고진입부,6618.9,6634.9,16.0,O0129
장시간정체,AMR2,"(20, 11)",6623.9,6634.9,11.0,O0129
장시간정체,AMR2,"(15, 0)",6666.3,6670.3,4.0,
장시간정체,AMR1,"(7, 11)",6666.5,6694.5,28.0,
장시간정체,AMR2,"(13, 9)",6734.0,6746.0,12.0,
장시간정체,AMR1,"(13, 10)",6740.5,6748.1,7.6,O0132
병목,AMR3,중앙교차로,6746.9,6748.9,2.0,O0131
장시간정체,AMR3,"(15, 0)",6805.8,6814.8,9.0,
병목,AMR1,출고진입부,6813.2,6816.8,3.6,O0132
병목,AMR2,출고진입부,6835.3,6839.3,4.0,O0133
장시간정체,AMR1,"(15, 0)",6836.2,6839.2,3.0,
장시간정체,AMR3,"(19, 11)",6884.1,6890.1,6.0,
병목,AMR3,출고진입부,6928.2,6936.2,8.0,O0135
장시간정체,AMR3,"(9, 11)",6933.2,6936.2,3.0,O0135
장시간정체,AMR1,"(21, 9)",6961.1,6970.1,9.0,
장시간정체,AMR3,"(15, 0)",6969.6,6986.6,17.0,
병목,AMR2,중앙교차로,6996.8,6999.8,3.0,O0136
장시간정체,AMR2,"(15, 0)",7033.1,7041.1,8.0,
장시간정체,AMR3,"(9, 11)",7048.3,7065.3,17.0,
병목,AMR1,출고진입부,7206.2,7216.2,10.0,O0140
장시간정체,AMR3,"(15, 0)",7207.7,7215.7,8.0,
장시간정체,AMR1,"(7, 9)",7211.2,7216.2,5.0,O0140
장시간정체,AMR3,"(22, 9)",7285.6,7297.6,12.0,
장시간정체,AMR1,"(10, 9)",7377.7,7399.7,22.0,
장시간정체,AMR2,"(15, 18)",7382.1,7400.1,18.0,O0144
장시간정체,AMR1,"(20, 11)",7450.9,7455.9,5.0,
장시간정체,AMR2,"(15, 0)",7455.6,7470.6,15.0,
병목,AMR1,출고진입부,7495.9,7502.9,7.0,O0146
장시간정체,AMR1,"(21, 11)",7500.9,7502.9,2.0,O0146
병목,AMR1,출고진입부,7643.5,7648.5,5.0,O0149
장시간정체,AMR3,"(15, 0)",7646.8,7647.8,1.0,
장시간정체,AMR2,"(3, 9)",7694.9,7701.9,7.0,
장시간정체,AMR3,"(20, 9)",7722.1,7723.1,1.0,
병목,AMR2,출고진입부,7746.2,7756.2,10.0,O0151
장시간정체,AMR2,"(21, 9)",7751.2,7756.2,5.0,O0151
장시간정체,AMR3,"(7, 9)",7786.4,7788.4,2.0,
장시간정체,AMR2,"(15, 0)",7788.5,7806.5,18.0,
장시간정체,AMR1,"(15, 0)",7935.9,7948.9,13.0,
장시간정체,AMR3,"(15, 0)",8001.5,8010.5,9.0,
장시간정체,AMR1,"(16, 9)",8011.0,8035.0,24.0,
병목,AMR3,출고진입부,8062.4,8065.4,3.0,O0157
장시간정체,AMR1,"(21, 11)",8090.3,8121.3,31.0,
장시간정체,AMR3,"(13, 11)",8160.6,8176.6,16.0,
장시간정체,AMR1,"(21, 9)",8180.7,8189.7,9.0,
병목,AMR3,출고진입부,8211.0,8216.0,5.0,O0160
병목,AMR3,출고진입부,8230.2,8231.8,1.6,O0160
장시간정체,AMR3,"(15, 0)",8249.5,8253.5,4.0,
장시간정체,AMR3,"(21, 11)",8408.7,8410.7,2.0,
장시간정체,AMR3,"(26, 9)",8474.3,8489.3,15.0,
장시간정체,AMR2,"(15, 0)",8502.7,8509.7,7.0,
장시간정체,AMR1,"(15, 0)",8555.5,8566.5,11.0,
장시간정체,AMR2,"(14, 11)",8572.6,8590.6,18.0,
병목,AMR1,출고진입부,8610.8,8612.8,2.0,O0168
장시간정체,AMR2,"(7, 11)",8646.6,8668.6,22.0,
장시간정체,AMR1,"(21, 9)",8711.5,8720.5,9.0,
장시간정체,AMR2,"(19, 11)",8721.0,8738.0,17.0,
장시간정체,AMR2,"(14, 9)",8794.6,8820.6,26.0,
장시간정체,AMR1,"(22, 9)",8863.3,8870.3,7.0,
장시간정체,AMR2,"(13, 9)",8880.0,8888.0,8.0,
장시간정체,AMR2,"(19, 9)",8945.2,8950.2,5.0,
장시간정체,AMR1,"(15, 0)",8945.5,8964.5,19.0,
장시간정체,AMR3,"(15, 0)",9011.8,9015.8,4.0,
장시간정체,AMR1,"(13, 9)",9029.2,9040.2,11.0,
장시간정체,AMR1,"(15, 0)",9162.9,9169.9,7.0,
장시간정체,AMR1,"(15, 11)",9297.0,9298.0,1.0,
병목,AMR1,출고진입부,9332.0,9352.0,20.0,O0183
장시간정체,AMR1,"(13, 11)",9337.0,9352.0,15.0,O0183
장시간정체,AMR1,"(15, 0)",9384.0,9387.0,3.0,
장시간정체,AMR3,"(13, 11)",9385.4,9411.4,26.0,
장시간정체,AMR1,"(9, 9)",9455.8,9463.9,8.1,
장시간정체,AMR1,"(8, 9)",9470.6,9480.6,10.0,
병목,AMR3,출고진입부,9520.1,9521.7,1.6,O0186
장시간정체,AMR3,"(15, 0)",9539.5,9542.5,3.0,
장시간정체,AMR1,"(9, 9)",9545.1,9567.1,22.0,
장시간정체,AMR3,"(25, 9)",9613.8,9618.8,5.0,
장시간정체,AMR1,"(27, 9)",9628.3,9637.3,9.0,
병목,AMR3,출고진입부,9664.9,9670.9,6.0,O0189
장시간정체,AMR3,"(25, 9)",9669.9,9670.9,1.0,O0189
장시간정체,AMR1,"(1, 9)",9709.8,9731.8,22.0,
장시간정체,AMR2,"(15, 0)",9776.4,9784.4,8.0,
장시간정체,AMR1,"(20, 9)",9798.8,9808.8,10.0,
병목,AMR3,중앙교차로,9863.5,9864.5,1.0,O0193
장시간정체,AMR2,"(15, 0)",9867.4,9880.4,13.0,
장시간정체,AMR1,"(15, 9)",9924.6,9936.6,12.0,
장시간정체,AMR2,"(7, 9)",9949.9,9951.9,2.0,
장시간정체,AMR2,"(13, 9)",10015.4,10037.4,22.0,
장시간정체,AMR1,"(21, 9)",10083.5,10092.5,9.0,
장시간정체,AMR2,"(28, 9)",10102.8,10108.8,6.0,
장시간정체,AMR3,"(3, 11)",10397.7,10400.7,3.0,
장시간정체,AMR2,"(15, 0)",10404.5,10419.5,15.0,
병목,AMR3,중앙교차로,10465.9,10471.9,6.0,O0205
장시간정체,AMR1,"(15, 0)",10469.3,10472.3,3.0,
장시간정체,AMR3,"(15, 19)",10470.9,10471.9,1.0,O0205
장시간정체,AMR3,"(16, 11)",10489.2,10497.8,8.6,O0205
장시간정체,AMR2,"(15, 11)",10490.1,10496.1,6.0,
병목,AMR1,출고진입부,10521.2,10527.2,6.0,O0206
병목,AMR2,중앙교차로,10525.7,10527.7,2.0,O0207
장시간정체,AMR1,"(14, 11)",10526.2,10527.2,1.0,O0206
장시간정체,AMR2,"(14, 11)",10556.2,10587.2,31.0,
장시간정체,AMR1,"(15, 0)",10557.9,10562.9,5.0,
장시간정체,AMR1,"(15, 9)",10629.9,10635.9,6.0,
장시간정체,AMR2,"(25, 9)",10647.8,10650.8,3.0,
장시간정체,AMR2,"(27, 11)",10714.6,10737.6,23.0,
장시간정체,AMR1,"(8, 9)",10783.3,10800.3,17.0,
장시간정체,AMR2,"(20, 11)",10798.8,10817.8,19.0,
병목,AMR1,출고진입부,10838.4,10846.4,8.0,O0212
장시간정체,AMR1,"(19, 11)",10843.4,10846.4,3.0,O0212
장시간정체,AMR2,"(9, 11)",10872.0,10906.0,34.0,
장시간정체,AMR1,"(15, 0)",10880.9,10881.9,1.0,
장시간정체,AMR3,"(15, 0)",10945.9,10952.9,7.0,
장시간정체,AMR2,"(19, 9)",10967.7,10976.7,9.0,
장시간정체,AMR3,"(4, 9)",11104.5,11120.5,16.0,
장시간정체,AMR2,"(15, 0)",11192.1,11202.1,10.0,
장시간정체,AMR3,"(20, 9)",11248.9,11259.9,11.0,
장시간정체,AMR2,"(26, 11)",11272.8,11275.8,3.0,
장시간정체,AMR2,"(2, 11)",11340.6,11341.6,1.0,
장시간정체,AMR3,"(15, 0)",11350.3,11361.3,11.0,
장시간정체,AMR2,"(21, 9)",11407.1,11436.1,29.0,
장시간정체,AMR1,"(14, 19)",11429.4,11436.4,7.0,O0223
병목,AMR1,출고진입부,11466.8,11478.8,12.0,O0223
장시간정체,AMR1,"(21, 9)",11471.8,11478.8,7.0,O0223
장시간정체,AMR2,"(21, 11)",11497.7,11536.7,39.0,
장시간정체,AMR1,"(16, 9)",11576.7,11589.7,13.0,
장시간정체,AMR2,"(3, 11)",11602.4,11603.4,1.0,
장시간정체,AMR1,"(21, 11)",11740.8,11752.8,12.0,
장시간정체,AMR1,"(13, 9)",11810.2,11815.2,5.0,
장시간정체,AMR2,"(15, 0)",11815.7,11829.7,14.0,
장시간정체,AMR3,"(15, 0)",11869.3,11876.3,7.0,
장시간정체,AMR2,"(22, 11)",11897.6,11900.6,3.0,
장시간정체,AMR2,"(16, 19)",11971.8,11983.4,11.6,
장시간정체,AMR1,"(15, 0)",12058.5,12061.5,3.0,
장시간정체,AMR3,"(7, 11)",12107.0,12111.0,4.0,
장시간정체,AMR1,"(16, 9)",12125.2,12127.2,2.0,
장시간정체,AMR3,"(15, 0)",12184.7,12189.7,5.0,
장시간정체,AMR1,"(2, 9)",12192.2,12214.2,22.0,
장시간정체,AMR3,"(21, 9)",12258.3,12286.3,28.0,
장시간정체,AMR1,"(13, 11)",12273.2,12274.2,1.0,
병목,AMR1,출고진입부,12309.7,12318.7,9.0,O0241
장시간정체,AMR1,"(14, 11)",12314.7,12318.7,4.0,O0241
장시간정체,AMR3,"(13, 11)",12340.5,12351.5,11.0,
장시간정체,AMR1,"(15, 0)",12353.6,12364.6,11.0,
장시간정체,AMR2,"(15, 0)",12407.8,12414.8,7.0,
장시간정체,AMR1,"(13, 9)",12430.4,12438.5,8.1,
병목,AMR2,중앙교차로,12438.4,12439.4,1.0,O0244
병목,AMR3,출고진입부,12691.0,12703.0,12.0,O0249
장시간정체,AMR2,"(15, 0)",12694.1,12702.1,8.0,
장시간정체,AMR3,"(13, 11)",12696.0,12703.0,7.0,O0249
장시간정체,AMR2,"(3, 9)",12776.8,12779.8,3.0,
장시간정체,AMR3,"(13, 9)",12796.1,12800.1,4.0,
병목,AMR2,출고진입부,12825.5,12836.5,11.0,O0252
장시간정체,AMR2,"(15, 9)",12830.5,12836.5,6.0,O0252
장시간정체,AMR3,"(19, 11)",12855.9,12871.9,16.0,
장시간정체,AMR2,"(15, 0)",12868.0,12885.0,17.0,
장시간정체,AMR1,"(15, 0)",12934.8,12944.8,10.0,
장시간정체,AMR2,"(20, 11)",12950.4,12968.4,18.0,
병목,AMR1,출고진입부,12993.6,12998.6,5.0,O0255
장시간정체,AMR2,"(21, 11)",13028.0,13056.0,28.0,
장시간정체,AMR1,"(15, 0)",13030.8,13031.8,1.0,
장시간정체,AMR1,"(27, 11)",13100.1,13116.1,16.0,
장시간정체,AMR2,"(27, 9)",13122.9,13134.9,12.0,
장시간정체,AMR2,"(19, 9)",13200.1,13222.1,22.0,
장시간정체,AMR1,"(19, 9)",13264.2,13273.2,9.0,
장시간정체,AMR2,"(13, 11)",13279.1,13288.1,9.0,
병목,AMR1,출고진입부,13312.1,13316.1,4.0,O0261
병목,AMR1,출고진입부,13331.1,13332.7,1.6,O0261
장시간정체,AMR2,"(9, 9)",13350.0,13378.0,28.0,
장시간정체,AMR1,"(15, 0)",13351.5,13353.5,2.0,
장시간정체,AMR2,"(9, 11)",13433.1,13436.1,3.0,
장시간정체,AMR1,"(28, 9)",13436.3,13450.3,14.0,
병목,AMR2,출고진입부,13471.9,13490.9,19.0,O0264
장시간정체,AMR2,"(10, 11)",13476.9,13490.9,14.0,O0264
장시간정체,AMR1,"(14, 9)",13518.7,13524.7,6.0,
장시간정체,AMR2,"(15, 0)",13525.8,13540.8,15.0,
장시간정체,AMR1,"(20, 9)",13584.3,13597.3,13.0,
장시간정체,AMR2,"(15, 9)",13604.5,13613.5,9.0,
병목,AMR1,중앙교차로,13613.5,13614.5,1.0,O0267
병목,AMR1,출고진입부,13638.3,13639.3,1.0,O0267
장시간정체,AMR1,"(15, 0)",13667.8,13673.8,6.0,
장시간정체,AMR2,"(21, 9)",13671.0,13698.0,27.0,
장시간정체,AMR1,"(1, 9)",13747.5,13772.5,25.0,
장시간정체,AMR2,"(15, 9)",13755.1,13757.1,2.0,
병목,AMR2,출고진입부,13798.1,13812.1,14.0,O0270
장시간정체,AMR2,"(13, 9)",13803.1,13812.1,9.0,O0270
장시간정체,AMR1,"(8, 9)",13838.2,13846.2,8.0,
장시간정체,AMR2,"(15, 0)",13840.0,13863.0,23.0,
장시간정체,AMR1,"(21, 9)",13908.3,13923.3,15.0,
장시간정체,AMR2,"(22, 9)",13933.8,13939.8,6.0,
장시간정체,AMR1,"(15, 0)",13996.9,14013.9,17.0,
장시간정체,AMR3,"(15, 0)",14058.2,14066.2,8.0,
장시간정체,AMR1,"(10, 11)",14077.2,14090.2,13.0,
장시간정체,AMR3,"(15, 0)",14147.9,14156.9,9.0,
병목,AMR2,중앙교차로,14169.0,14170.5,1.5,O0277
장시간정체,AMR2,"(15, 0)",14200.8,14215.8,15.0,
장시간정체,AMR3,"(8, 11)",14224.3,14240.3,16.0,
병목,AMR2,출고진입부,14267.2,14273.2,6.0,O0279
장시간정체,AMR2,"(8, 11)",14272.2,14273.2,1.0,O0279
장시간정체,AMR3,"(15, 9)",14300.1,14330.1,30.0,
병목,AMR1,중앙교차로,14306.3,14330.3,24.0,O0280
장시간정체,AMR1,"(14, 19)",14311.3,14330.3,19.0,O0280
장시간정체,AMR3,"(22, 11)",14387.9,14406.9,19.0,
병목,AMR2,출고진입부,14526.5,14540.5,14.0,O0284
장시간정체,AMR2,"(13, 11)",14531.5,14540.5,9.0,O0284
장시간정체,AMR1,"(19, 9)",14618.3,14629.3,11.0,
장시간정체,AMR2,"(25, 9)",14863.5,14865.5,2.0,
장시간정체,AMR3,"(15, 9)",14882.0,14884.0,2.0,
병목,AMR2,출고진입부,14912.4,14917.4,5.0,O0292
장시간정체,AMR3,"(19, 9)",14937.9,14950.9,13.0,
장시간정체,AMR2,"(15, 0)",14947.0,14966.0,19.0,
장시간정체,AMR1,"(15, 0)",15012.4,15013.4,1.0,
장시간정체,AMR2,"(25, 11)",15036.9,15037.9,1.0,
장시간정체,AMR1,"(15, 0)",15105.1,15115.1,10.0,
장시간정체,AMR3,"(14, 9)",15130.0,15139.0,9.0,
병목,AMR1,출고진입부,15166.5,15169.5,3.0,O0297
장시간정체,AMR3,"(9, 9)",15201.6,15229.6,28.0,
장시간정체,AMR1,"(15, 0)",15203.1,15205.1,2.0,
장시간정체,AMR2,"(15, 18)",15211.7,15229.7,18.0,O0298
장시간정체,AMR3,"(16, 11)",15286.9,15309.9,23.0,
장시간정체,AMR3,"(21, 11)",15363.4,15385.4,22.0,
장시간정체,AMR2,"(16, 9)",15425.8,15435.8,10.0,
장시간정체,AMR3,"(19, 11)",15448.3,15449.3,1.0,
장시간정체,AMR3,"(19, 11)",15503.4,15534.4,31.0,
장시간정체,AMR2,"(15, 0)",15509.0,15510.0,1.0,
장시간정체,AMR1,"(14, 19)",15515.7,15534.7,19.0,O0304
장시간정체,AMR3,"(19, 11)",15586.3,15593.3,7.0,
장시간정체,AMR1,"(15, 0)",15587.6,15605.6,18.0,
병목,AMR3,출고진입부,15627.3,15647.3,20.0,O0306
장시간정체,AMR3,"(20, 11)",15632.3,15647.3,15.0,O0306
장시간정체,AMR1,"(13, 9)",15676.2,15705.2,29.0,
장시간정체,AMR3,"(15, 0)",15678.9,15680.9,2.0,
장시간정체,AMR3,"(27, 11)",15750.7,15756.7,6.0,
장시간정체,AMR1,"(15, 9)",15763.3,15775.3,12.0,
병목,AMR3,출고진입부,15802.4,15807.4,5.0,O0309
장시간정체,AMR1,"(25, 9)",15840.7,15841.7,1.0,
장시간정체,AMR3,"(15, 0)",15840.7,15860.7,20.0,
장시간정체,AMR2,"(15, 0)",15909.4,15912.4,3.0,
장시간정체,AMR3,"(13, 9)",15932.4,15936.4,4.0,
병목,AMR1,출고진입부,16078.1,16079.7,1.6,O0314
장시간정체,AMR1,"(15, 0)",16098.2,16102.2,4.0,
장시간정체,AMR3,"(20, 11)",16142.5,16161.5,19.0,
병목,AMR3,출고진입부,16203.1,16207.1,4.0,O0317
병목,AMR3,출고진입부,16342.3,16356.3,14.0,O0320
장시간정체,AMR3,"(16, 9)",16347.3,16356.3,9.0,O0320
장시간정체,AMR3,"(15, 0)",16385.2,16389.2,4.0,
장시간정체,AMR1,"(21, 11)",16388.8,16413.8,25.0,
장시간정체,AMR3,"(16, 9)",16456.4,16464.4,8.0,
장시간정체,AMR1,"(14, 11)",16540.5,16541.5,1.0,
장시간정체,AMR3,"(15, 0)",16546.5,16555.5,9.0,
장시간정체,AMR2,"(15, 0)",16599.2,16602.2,3.0,
장시간정체,AMR3,"(9, 9)",16623.2,16626.2,3.0,
장시간정체,AMR2,"(27, 11)",16755.9,16769.9,14.0,
장시간정체,AMR2,"(13, 9)",16837.1,16852.1,15.0,
장시간정체,AMR1,"(21, 9)",16859.1,16867.1,8.0,
장시간정체,AMR1,"(15, 0)",16994.2,17003.2,9.0,
장시간정체,AMR1,"(27, 9)",17077.9,17082.9,5.0,
장시간정체,AMR3,"(22, 11)",17098.6,17103.6,5.0,
병목,AMR1,출고진입부,17127.9,17140.9,13.0,O0336
장시간정체,AMR1,"(19, 11)",17132.9,17140.9,8.0,O0336
장시간정체,AMR3,"(7, 9)",17165.8,17174.8,9.0,
장시간정체,AMR1,"(15, 0)",17172.4,17192.4,20.0,
장시간정체,AMR3,"(15, 9)",17234.2,17252.2,18.0,
장시간정체,AMR1,"(27, 11)",17261.9,17267.9,6.0,
장시간정체,AMR3,"(15, 0)",17334.8,17343.8,9.0,
장시간정체,AMR1,"(13, 11)",17385.2,17418.2,33.0,
병목,AMR3,출고진입부,17440.6,17441.6,1.0,O0342
장시간정체,AMR1,"(19, 11)",17468.3,17476.3,8.0,
장시간정체,AMR3,"(15, 0)",17474.4,17489.4,15.0,
장시간정체,AMR1,"(10, 9)",17535.7,17569.7,34.0,
병목,AMR3,출고진입부,17597.3,17602.3,5.0,O0345
장시간정체,AMR1,"(7, 9)",17634.7,17664.7,30.0,
장시간정체,AMR3,"(15, 0)",17639.2,17640.2,1.0,
장시간정체,AMR2,"(15, 18)",17646.6,17665.6,19.0,O0346
장시간정체,AMR2,"(15, 0)",17728.1,17733.1,5.0,
병목,AMR1,출고진입부,17754.3,17763.3,9.0,O0348
장시간정체,AMR1,"(14, 11)",17759.3,17763.3,4.0,O0348
장시간정체,AMR1,"(15, 0)",17796.2,17797.2,1.0,
장시간정체,AMR2,"(7, 11)",17799.2,17821.2,22.0,
장시간정체,AMR1,"(14, 11)",17863.5,17874.5,11.0,
장시간정체,AMR2,"(15, 11)",17879.6,17887.6,8.0,
병목,AMR1,출고진입부,17909.7,17918.7,9.0,O0351
장시간정체,AMR1,"(16, 11)",17914.7,17918.7,4.0,O0351
장시간정체,AMR2,"(15, 11)",17939.2,17977.2,38.0,
장시간정체,AMR1,"(15, 0)",17952.2,17953.2,1.0,
장시간정체,AMR2,"(15, 17)",18007.7,18009.7,2.0,O0354
장시간정체,AMR1,"(3, 11)",18026.7,18027.8,1.1,
장시간정체,AMR2,"(3, 11)",18046.7,18048.7,2.0,
장시간정체,AMR2,"(16, 11)",18109.2,18135.2,26.0,
장시간정체,AMR1,"(13, 11)",18180.0,18187.0,7.0,
장시간정체,AMR2,"(13, 9)",18195.1,18199.1,4.0,
병목,AMR1,출고진입부,18221.8,18227.8,6.0,O0357
장시간정체,AMR1,"(15, 9)",18226.8,18227.8,1.0,O0357
병목,AMR1,출고진입부,18242.0,18243.5,1.5,O0357
장시간정체,AMR2,"(15, 9)",18258.4,18289.4,31.0,
장시간정체,AMR1,"(15, 0)",18262.2,18265.2,3.0,
병목,AMR3,중앙교차로,18265.4,18289.4,24.0,O0358
장시간정체,AMR3,"(14, 19)",18270.4,18289.4,19.0,O0358
장시간정체,AMR2,"(13, 11)",18341.8,18343.8,2.0,
장시간정체,AMR3,"(15, 0)",18347.3,18356.3,9.0,
병목,AMR1,중앙교차로,18367.0,18369.5,2.5,O0359
병목,AMR2,출고진입부,18381.3,18384.3,3.0,O0360
장시간정체,AMR3,"(14, 11)",18486.5,18490.5,4.0,
병목,AMR3,출고진입부,18528.5,18541.5,13.0,O0363
장시간정체,AMR3,"(13, 11)",18533.5,18541.5,8.0,O0363
장시간정체,AMR3,"(15, 0)",18572.1,18595.1,23.0,
장시간정체,AMR2,"(25, 11)",18574.4,18578.4,4.0,
장시간정체,AMR3,"(15, 9)",18659.0,18671.0,12.0,
장시간정체,AMR3,"(15, 0)",18793.2,18801.2,8.0,
병목,AMR2,출고진입부,18793.8,18801.8,8.0,O0368
장시간정체,AMR2,"(19, 9)",18798.8,18801.8,3.0,O0368
장시간정체,AMR3,"(20, 11)",18866.2,18874.2,8.0,
장시간정체,AMR3,"(7, 9)",18936.5,18948.5,12.0,
장시간정체,AMR3,"(8, 9)",19016.2,19030.2,14.0,
장시간정체,AMR2,"(14, 9)",19039.4,19047.4,8.0,
장시간정체,AMR2,"(25, 11)",19104.5,19109.5,5.0,
장시간정체,AMR3,"(15, 0)",19105.7,19126.7,21.0,
장시간정체,AMR3,"(13, 11)",19190.2,19200.2,10.0,
장시간정체,AMR1,"(15, 0)",19255.5,19266.5,11.0,
병목,AMR2,중앙교차로,19279.3,19280.8,1.5,O0378
장시간정체,AMR2,"(15, 0)",19311.4,19322.4,11.0,
장시간정체,AMR1,"(9, 11)",19330.3,19346.3,16.0,
장시간정체,AMR2,"(4, 11)",19472.2,19488.2,16.0,
장시간정체,AMR1,"(15, 0)",19553.5,19561.5,8.0,
장시간정체,AMR3,"(21, 9)",19576.1,19585.1,9.0,
장시간정체,AMR2,"(21, 10)",19581.3,19586.9,5.6,O0384
병목,AMR1,출고진입부,19615.2,19616.2,1.0,O0385
장시간정체,AMR3,"(20, 11)",19641.7,19673.7,32.0,
장시간정체,AMR1,"(15, 0)",19648.3,19649.3,1.0,
장시간정체,AMR2,"(15, 0)",19716.3,19724.3,8.0,
장시간정체,AMR3,"(21, 11)",19730.5,19748.5,18.0,
장시간정체,AMR3,"(15, 0)",19874.0,19883.0,9.0,
병목,AMR2,출고진입부,19905.6,19916.6,11.0,O0391
장시간정체,AMR2,"(13, 9)",19910.6,19916.6,6.0,O0391
장시간정체,AMR2,"(15, 0)",19946.7,19967.7,21.0,
장시간정체,AMR3,"(21, 9)",19950.3,19951.3,1.0,
장시간정체,AMR3,"(13, 9)",20013.5,20027.5,14.0,
장시간정체,AMR2,"(25, 9)",20038.7,20041.7,3.0,
장시간정체,AMR3,"(15, 0)",20104.2,20113.2,9.0,
장시간정체,AMR2,"(22, 9)",20161.3,20172.3,11.0,
장시간정체,AMR3,"(22, 11)",20177.7,20189.7,12.0,
장시간정체,AMR3,"(21, 11)",20248.6,20269.6,21.0,
장시간정체,AMR1,"(14, 19)",20251.6,20270.6,19.0,O0398
장시간정체,AMR3,"(21, 11)",20327.1,20334.1,7.0,
장시간정체,AMR1,"(15, 0)",20334.6,20348.6,14.0,
병목,AMR3,출고진입부,20372.8,20386.8,14.0,O0400
장시간정체,AMR3,"(19, 11)",20377.8,20386.8,9.0,O0400
장시간정체,AMR1,"(10, 11)",20411.7,20418.7,7.0,
장시간정체,AMR3,"(15, 0)",20419.2,20432.2,13.0,
장시간정체,AMR2,"(15, 0)",20481.6,20483.6,2.0,
장시간정체,AMR3,"(25, 9)",20501.9,20507.9,6.0,
장시간정체,AMR3,"(27, 9)",20577.7,20595.7,18.0,
장시간정체,AMR1,"(15, 17)",20579.9,20595.9,16.0,O0405
장시간정체,AMR2,"(15, 0)",20671.4,20682.4,11.0,
장시간정체,AMR3,"(15, 0)",20754.4,20756.4,2.0,
장시간정체,AMR3,"(15, 0)",20850.9,20855.9,5.0,
장시간정체,AMR2,"(13, 9)",20872.1,20880.1,8.0,
장시간정체,AMR2,"(15, 0)",21022.7,21023.7,1.0,
장시간정체,AMR2,"(1, 11)",21092.4,21106.4,14.0,
장시간정체,AMR1,"(25, 9)",21116.7,21126.7,10.0,
병목,AMR2,출고진입부,21156.5,21162.5,6.0,O0415
장시간정체,AMR2,"(25, 9)",21161.5,21162.5,1.0,O0415
장시간정체,AMR1,"(28, 9)",21194.4,21220.4,26.0,
장시간정체,AMR2,"(15, 0)",21195.3,21196.3,1.0,
장시간정체,AMR2,"(1, 11)",21270.0,21283.0,13.0,
장시간정체,AMR1,"(1, 9)",21300.5,21303.5,3.0,
병목,AMR2,출고진입부,21332.3,21336.3,4.0,O0418
장시간정체,AMR1,"(13, 11)",21368.3,21371.3,3.0,
장시간정체,AMR2,"(15, 0)",21375.2,21384.2,9.0,
장시간정체,AMR3,"(15, 0)",21428.9,21435.9,7.0,
장시간정체,AMR2,"(25, 9)",21459.3,21460.3,1.0,
장시간정체,AMR3,"(15, 0)",21530.5,21542.5,12.0,
장시간정체,AMR1,"(2, 9)",21558.7,21566.7,8.0,
병목,AMR2,출고진입부,21704.5,21707.5,3.0,O0425
장시간정체,AMR2,"(15, 0)",21739.6,21742.6,3.0,
장시간정체,AMR3,"(27, 9)",21795.1,21828.1,33.0,
병목,AMR2,출고진입부,21857.2,21859.2,2.0,O0428
장시간정체,AMR2,"(15, 0)",21892.3,21893.3,1.0,
병목,AMR3,출고진입부,22095.7,22104.7,9.0,O0433
장시간정체,AMR3,"(21, 9)",22100.7,22104.7,4.0,O0433
장시간정체,AMR1,"(10, 9)",22126.9,22139.9,13.0,
장시간정체,AMR3,"(15, 0)",22135.3,22155.3,20.0,
장시간정체,AMR1,"(1, 9)",22211.1,22222.1,11.0,
장시간정체,AMR3,"(21, 11)",22225.4,22244.4,19.0,
병목,AMR1,출고진입부,22266.6,22277.6,11.0,O0436
장시간정체,AMR1,"(19, 11)",22271.6,22277.6,6.0,O0436
장시간정체,AMR3,"(15, 9)",22301.8,22334.8,33.0,
장시간정체,AMR1,"(15, 0)",22307.3,22310.3,3.0,
병목,AMR2,중앙교차로,22310.7,22335.7,25.0,O0437
장시간정체,AMR2,"(14, 19)",22315.7,22335.7,20.0,O0437
장시간정체,AMR3,"(8, 11)",22394.7,22410.7,16.0,
장시간정체,AMR3,"(15, 0)",22539.2,22540.2,1.0,
병목,AMR2,출고진입부,22560.3,22576.3,16.0,O0442
장시간정체,AMR2,"(15, 11)",22565.3,22576.3,11.0,O0442
장시간정체,AMR2,"(15, 0)",22608.7,22610.7,2.0,
장시간정체,AMR3,"(25, 9)",22609.7,22634.7,25.0,
장시간정체,AMR2,"(3, 11)",22682.7,22712.7,30.0,
장시간정체,AMR3,"(19, 11)",22688.6,22699.6,11.0,
병목,AMR3,출고진입부,22733.6,22752.6,19.0,O0445
장시간정체,AMR3,"(19, 11)",22738.6,22752.6,14.0,O0445
장시간정체,AMR2,"(15, 9)",22770.0,22786.0,16.0,
장시간정체,AMR3,"(15, 0)",22786.3,22801.3,15.0,
장시간정체,AMR2,"(26, 11)",22843.3,22861.3,18.0,
장시간정체,AMR3,"(19, 11)",22867.6,22879.6,12.0,
병목,AMR2,출고진입부,22908.7,22916.7,8.0,O0448
장시간정체,AMR2,"(20, 11)",22913.7,22916.7,3.0,O0448
장시간정체,AMR3,"(27, 9)",22937.2,22973.2,36.0,
장시간정체,AMR2,"(26, 11)",23018.9,23034.9,16.0,
장시간정체,AMR3,"(7, 9)",23040.0,23053.0,13.0,
병목,AMR2,출고진입부,23082.3,23089.3,7.0,O0451
장시간정체,AMR2,"(8, 9)",23087.3,23089.3,2.0,O0451
장시간정체,AMR3,"(25, 9)",23120.9,23148.9,28.0,
장시간정체,AMR2,"(15, 0)",23123.5,23124.5,1.0,
장시간정체,AMR2,"(4, 11)",23198.1,23210.1,12.0,
장시간정체,AMR3,"(19, 9)",23207.2,23227.2,20.0,
병목,AMR2,출고진입부,23255.8,23267.8,12.0,O0454
장시간정체,AMR2,"(20, 9)",23260.8,23267.8,7.0,O0454
장시간정체,AMR3,"(21, 9)",23284.3,23324.3,40.0,
장시간정체,AMR2,"(15, 0)",23299.3,23300.3,1.0,
장시간정체,AMR1,"(14, 19)",23305.6,23324.6,19.0,O0455
장시간정체,AMR1,"(15, 0)",23389.0,23398.0,9.0,
병목,AMR2,출고진입부,23392.2,23398.2,6.0,O0456
장시간정체,AMR2,"(15, 11)",23397.2,23398.2,1.0,O0456
장시간정체,AMR1,"(9, 11)",23461.6,23480.6,19.0,
장시간정체,AMR2,"(2, 9)",23493.9,23494.9,1.0,
장시간정체,AMR2,"(8, 9)",23556.4,23584.4,28.0,
장시간정체,AMR1,"(7, 9)",23631.4,23639.4,8.0,
장시간정체,AMR2,"(1, 11)",23652.5,23657.5,5.0,
병목,AMR1,출고진입부,23810.6,23820.6,10.0,O0465
장시간정체,AMR1,"(14, 11)",23815.6,23820.6,5.0,O0465
장시간정체,AMR1,"(15, 0)",23854.0,23855.0,1.0,
장시간정체,AMR2,"(26, 9)",23877.5,23879.5,2.0,
병목,AMR2,출고진입부,23927.4,23932.4,5.0,O0467
장시간정체,AMR3,"(14, 11)",23962.9,23965.9,3.0,
장시간정체,AMR2,"(15, 0)",23971.7,23978.7,7.0,
장시간정체,AMR3,"(27, 9)",24027.2,24036.2,9.0,
장시간정체,AMR2,"(25, 11)",24045.5,24057.5,12.0,
장시간정체,AMR2,"(2, 11)",24125.0,24146.0,21.0,
장시간정체,AMR1,"(15, 0)",24196.0,24210.0,14.0,
장시간정체,AMR2,"(13, 9)",24211.3,24234.3,23.0,
병목,AMR1,출고진입부,24257.0,24264.0,7.0,O0473
장시간정체,AMR1,"(15, 9)",24262.0,24264.0,2.0,O0473
장시간정체,AMR2,"(21, 9)",24292.7,24299.7,7.0,
장시간정체,AMR1,"(15, 0)",24296.1,24316.1,20.0,
장시간정체,AMR3,"(15, 0)",24358.8,24363.8,5.0,
장시간정체,AMR3,"(15, 0)",24459.4,24466.4,7.0,
장시간정체,AMR2,"(7, 11)",24487.1,24490.1,3.0,
장시간정체,AMR2,"(9, 11)",24547.0,24571.0,24.0,
장시간정체,AMR3,"(21, 9)",24615.0,24623.0,8.0,
장시간정체,AMR2,"(15, 9)",24632.8,24639.8,7.0,
장시간정체,AMR3,"(15, 0)",24694.1,24699.1,5.0,
경로충돌,AMR2+AMR3,"(15, 19)",24722.0,24722.1,0.1,
장시간정체,AMR2,"(14, 19)",24727.0,24731.6,4.6,
장시간정체,AMR3,"(15, 19)",24727.7,24729.7,2.0,O0482
병목,AMR2,출고진입부,24808.0,24816.0,8.0,O0484
장시간정체,AMR2,"(8, 11)",24813.0,24816.0,3.0,O0484
장시간정체,AMR3,"(3, 9)",24873.4,24874.4,1.0,
장시간정체,AMR1,"(22, 9)",24894.2,24895.2,1.0,
병목,AMR3,출고진입부,24918.1,24923.1,5.0,O0486
장시간정체,AMR1,"(15, 11)",24951.8,24982.8,31.0,
장시간정체,AMR3,"(15, 0)",24956.6,24958.6,2.0,
병목,AMR3,RFID,24994.1,24996.6,2.5,O0488
병목,AMR3,RFID,24996.7,24999.2,2.5,O0488
장시간정체,AMR3,"(15, 19)",24999.1,25001.9,2.8,O0488
병목,AMR3,RFID,24999.3,25001.8,2.5,O0488
장시간정체,AMR1,"(15, 18)",25000.7,25001.0,0.3,
병목,AMR3,RFID,25003.6,25005.1,1.5,O0488
병목,AMR1,출고진입부,25079.0,25093.0,14.0,O0489
장시간정체,AMR1,"(13, 11)",25084.0,25093.0,9.0,O0489
장시간정체,AMR1,"(15, 0)",25124.4,25129.4,5.0,
병목,AMR2,출고진입부,25125.7,25131.3,5.6,O0490
장시간정체,AMR2,"(15, 1)",25130.7,25131.3,0.6,O0490
장시간정체,AMR2,"(15, 0)",25146.8,25153.8,7.0,
장시간정체,AMR3,"(1, 11)",25174.8,25177.8,3.0,
장시간정체,AMR1,"(19, 9)",25260.6,25264.6,4.0,
장시간정체,AMR3,"(15, 0)",25275.3,25279.3,4.0,
병목,AMR2,중앙교차로,25291.5,25293.0,1.5,O0493
장시간정체,AMR1,"(19, 11)",25324.0,25340.0,16.0,
장시간정체,AMR3,"(2, 11)",25350.5,25352.5,2.0,
병목,AMR1,출고진입부,25380.0,25385.0,5.0,O0495
장시간정체,AMR2,"(15, 0)",25526.4,25530.4,4.0,
장시간정체,AMR1,"(15, 0)",25552.9,25554.9,2.0,
장시간정체,AMR2,"(8, 11)",25595.8,25600.8,5.0,
병목,AMR3,출고진입부,25630.3,25634.3,4.0,O0500
장시간정체,AMR2,"(8, 9)",25660.9,25693.9,33.0,
장시간정체,AMR3,"(15, 0)",25668.3,25669.3,1.0,
장시간정체,AMR3,"(13, 11)",25733.4,25751.4,18.0,
장시간정체,AMR2,"(7, 11)",25757.0,25764.0,7.0,
병목,AMR3,출고진입부,25786.5,25793.5,7.0,O0503
장시간정체,AMR3,"(8, 11)",25791.5,25793.5,2.0,O0503
장시간정체,AMR2,"(27, 11)",25829.3,25849.3,20.0,
장시간정체,AMR1,"(14, 19)",25830.3,25850.3,20.0,O0504
장시간정체,AMR1,"(15, 0)",25919.5,25934.5,15.0,
병목,AMR3,출고진입부,25932.3,25935.3,3.0,O0505
장시간정체,AMR1,"(2, 9)",26012.2,26026.2,14.0,
장시간정체,AMR3,"(27, 11)",26031.7,26047.7,16.0,
병목,AMR1,출고진입부,26071.4,26082.4,11.0,O0508
장시간정체,AMR1,"(25, 11)",26076.4,26082.4,6.0,O0508
장시간정체,AMR3,"(3, 11)",26112.6,26142.6,30.0,
장시간정체,AMR2,"(15, 0)",26193.0,26196.0,3.0,
장시간정체,AMR3,"(14, 11)",26203.2,26220.2,17.0,
병목,AMR2,출고진입부,26240.9,26242.9,2.0,O0511
장시간정체,AMR2,"(15, 0)",26274.3,26275.3,1.0,
병목,AMR1,출고진입부,26368.2,26374.2,6.0,O0513
장시간정체,AMR2,"(15, 0)",26369.1,26374.1,5.0,
장시간정체,AMR1,"(2, 11)",26373.2,26374.2,1.0,O0513
장시간정체,AMR1,"(15, 0)",26545.5,26548.5,3.0,
장시간정체,AMR2,"(15, 0)",26569.3,26572.3,3.0,
병목,AMR3,출고진입부,26647.2,26649.2,2.0,O0519
장시간정체,AMR1,"(2, 11)",26680.1,26708.1,28.0,
장시간정체,AMR2,"(15, 0)",26754.3,26760.3,6.0,
장시간정체,AMR1,"(27, 11)",26776.9,26784.0,7.1,
병목,AMR1,출고진입부,26956.5,26960.5,4.0,O0525
장시간정체,AMR3,"(15, 0)",26959.2,26960.2,1.0,
장시간정체,AMR2,"(16, 9)",27006.7,27016.7,10.0,
장시간정체,AMR2,"(15, 0)",27103.4,27107.4,4.0,
장시간정체,AMR1,"(15, 0)",27161.4,27168.4,7.0,
장시간정체,AMR2,"(15, 11)",27177.1,27192.1,15.0,
병목,AMR1,출고진입부,27217.4,27219.4,2.0,O0530
장시간정체,AMR2,"(7, 11)",27250.6,27253.6,3.0,
장시간정체,AMR1,"(15, 0)",27252.2,27269.2,17.0,
장시간정체,AMR2,"(20, 11)",27312.7,27328.7,16.0,
장시간정체,AMR1,"(19, 9)",27334.3,27342.3,8.0,
장시간정체,AMR1,"(20, 9)",27401.5,27427.5,26.0,
병목,AMR3,중앙교차로,27427.9,27429.9,2.0,O0534
장시간정체,AMR2,"(9, 11)",27470.2,27497.2,27.0,
장시간정체,AMR3,"(16, 19)",27487.9,27499.4,11.5,O0535
병목,AMR3,출고진입부,27525.1,27540.1,15.0,O0535
장시간정체,AMR3,"(9, 11)",27530.1,27540.1,10.0,O0535
장시간정체,AMR2,"(7, 9)",27561.1,27571.1,10.0,
장시간정체,AMR3,"(15, 0)",27577.2,27589.2,12.0,
장시간정체,AMR2,"(3, 9)",27639.3,27647.3,8.0,
장시간정체,AMR3,"(13, 9)",27655.3,27668.3,13.0,
병목,AMR2,출고진입부,27693.5,27698.5,5.0,O0539
병목,AMR2,출고진입부,27711.4,27714.5,3.1,O0539
장시간정체,AMR3,"(13, 11)",27726.9,27735.9,9.0,
장시간정체,AMR2,"(15, 0)",27734.2,27748.2,14.0,
장시간정체,AMR1,"(15, 0)",27789.9,27797.9,8.0,
장시간정체,AMR1,"(15, 0)",27897.0,27903.0,6.0,
장시간정체,AMR3,"(21, 11)",27914.3,27927.3,13.0,
병목,AMR1,출고진입부,27952.9,27953.9,1.0,O0544
장시간정체,AMR3,"(21, 9)",27985.2,27989.2,4.0,
장시간정체,AMR1,"(15, 0)",27990.5,28005.5,15.0,
장시간정체,AMR3,"(28, 11)",28050.0,28069.0,19.0,
장시간정체,AMR1,"(21, 9)",28075.1,28088.1,13.0,
장시간정체,AMR1,"(25, 11)",28146.9,28174.9,28.0,
장시간정체,AMR2,"(14, 19)",28156.0,28175.0,19.0,O0548
장시간정체,AMR2,"(15, 0)",28242.4,28253.4,11.0,
장시간정체,AMR2,"(28, 9)",28327.1,28345.1,18.0,
장시간정체,AMR3,"(4, 9)",28354.6,28366.6,12.0,
장시간정체,AMR3,"(15, 0)",28520.3,28525.3,5.0,
병목,AMR1,출고진입부,28524.4,28525.4,1.0,O0554
장시간정체,AMR1,"(15, 0)",28696.6,28699.6,3.0,
장시간정체,AMR3,"(10, 9)",28745.5,28755.5,10.0,
병목,AMR3,출고진입부,28801.2,28804.2,3.0,O0560
장시간정체,AMR1,"(16, 9)",28830.1,28840.1,10.0,
장시간정체,AMR3,"(15, 0)",28842.3,28854.3,12.0,
장시간정체,AMR1,"(27, 9)",28905.1,28915.1,10.0,
장시간정체,AMR3,"(1, 9)",28926.7,28935.7,9.0,
장시간정체,AMR1,"(15, 19)",29028.8,29032.8,4.0,O0564
장시간정체,AMR3,"(14, 19)",29029.1,29034.7,5.6,
장시간정체,AMR1,"(26, 11)",29174.8,29187.8,13.0,
장시간정체,AMR2,"(9, 11)",29198.7,29205.7,7.0,
병목,AMR1,출고진입부,29226.6,29245.6,19.0,O0568
장시간정체,AMR1,"(10, 11)",29231.6,29247.1,15.5,O0568
병목,AMR1,중앙교차로,29245.6,29247.1,1.5,O0568
장시간정체,AMR2,"(7, 9)",29265.6,29281.6,16.0,
장시간정체,AMR1,"(15, 0)",29279.8,29299.8,20.0,
장시간정체,AMR3,"(15, 0)",29342.2,29345.2,3.0,
장시간정체,AMR3,"(15, 0)",29439.3,29444.3,5.0,
장시간정체,AMR2,"(28, 11)",29465.3,29468.3,3.0,
장시간정체,AMR2,"(7, 9)",29535.3,29551.3,16.0,
장시간정체,AMR1,"(21, 11)",29560.4,29569.4,9.0,
병목,AMR2,출고진입부,29594.4,29596.4,2.0,O0575
장시간정체,AMR2,"(15, 0)",29631.0,29652.0,21.0,
장시간정체,AMR3,"(15, 0)",29702.0,29717.0,15.0,
장시간정체,AMR2,"(25, 11)",29721.4,29741.4,20.0,
장시간정체,AMR2,"(10, 11)",29798.1,29826.1,28.0,
장시간정체,AMR3,"(26, 11)",29876.0,29887.0,11.0,
장시간정체,AMR2,"(8, 9)",29884.3,29905.3,21.0,
병목,AMR3,출고진입부,29931.2,29939.2,8.0,O0581
장시간정체,AMR3,"(9, 9)",29936.2,29939.2,3.0,O0581
장시간정체,AMR3,"(15, 0)",29971.8,29974.8,3.0,
장시간정체,AMR2,"(1, 11)",29975.2,29999.2,24.0,
장시간정체,AMR3,"(26, 11)",30042.2,30056.2,14.0,
장시간정체,AMR2,"(13, 9)",30064.6,30074.6,10.0,
병목,AMR3,출고진입부,30102.9,30109.9,7.0,O0584
장시간정체,AMR3,"(13, 9)",30107.9,30109.9,2.0,O0584
장시간정체,AMR3,"(15, 0)",30138.0,30163.0,25.0,
장시간정체,AMR2,"(28, 9)",30141.0,30142.0,1.0,
장시간정체,AMR1,"(15, 0)",30209.3,30215.3,6.0,
장시간정체,AMR3,"(3, 9)",30234.3,30239.3,5.0,
장시간정체,AMR1,"(15, 0)",30305.6,30306.6,1.0,
장시간정체,AMR2,"(15, 0)",30351.0,30357.0,6.0,
장시간정체,AMR1,"(15, 0)",30514.9,30528.9,14.0,
병목,AMR3,출고진입부,30528.6,30529.6,1.0,O0592
장시간정체,AMR2,"(15, 0)",30598.5,30611.5,13.0,
장시간정체,AMR3,"(26, 9)",30629.5,30635.5,6.0,
장시간정체,AMR2,"(4, 11)",30765.4,30785.4,20.0,
장시간정체,AMR3,"(15, 0)",30854.5,30863.5,9.0,
장시간정체,AMR1,"(15, 0)",30913.5,30942.5,29.0,
병목,AMR3,출고진입부,30971.7,30979.7,8.0,O0601
장시간정체,AMR3,"(10, 9)",30976.7,30979.7,3.0,O0601
장시간정체,AMR3,"(15, 0)",31008.3,31012.3,4.0,
장시간정체,AMR1,"(19, 9)",31013.6,31036.6,23.0,
병목,AMR2,중앙교차로,31036.7,31038.7,2.0,O0602
장시간정체,AMR3,"(4, 9)",31084.1,31101.1,17.0,
장시간정체,AMR1,"(13, 11)",31086.9,31088.9,2.0,
병목,AMR1,출고진입부,31126.0,31146.0,20.0,O0604
장시간정체,AMR1,"(14, 11)",31131.0,31146.0,15.0,O0604
장시간정체,AMR3,"(22, 11)",31160.8,31178.8,18.0,
장시간정체,AMR1,"(15, 0)",31179.1,31194.1,15.0,
장시간정체,AMR3,"(20, 9)",31235.7,31251.7,16.0,
장시간정체,AMR1,"(10, 9)",31266.2,31267.2,1.0,
병목,AMR3,출고진입부,31293.1,31295.1,2.0,O0607
장시간정체,AMR3,"(15, 0)",31326.3,31354.3,28.0,
장시간정체,AMR2,"(15, 0)",31405.4,31420.4,15.0,
장시간정체,AMR3,"(15, 9)",31421.5,31444.5,23.0,
병목,AMR2,출고진입부,31472.3,31473.3,1.0,O0610
장시간정체,AMR3,"(27, 11)",31503.2,31532.2,29.0,
장시간정체,AMR2,"(15, 0)",31505.2,31508.2,3.0,
장시간정체,AMR1,"(15, 0)",31576.8,31585.8,9.0,
장시간정체,AMR3,"(3, 9)",31603.0,31610.0,7.0,
장시간정체,AMR1,"(15, 0)",31677.1,31686.1,9.0,
장시간정체,AMR3,"(1, 9)",31740.8,31744.8,4.0,
장시간정체,AMR1,"(7, 11)",31750.5,31767.5,17.0,
병목,AMR3,출고진입부,31793.3,31805.3,12.0,O0616
장시간정체,AMR3,"(8, 11)",31798.3,31805.3,7.0,O0616
장시간정체,AMR1,"(1, 11)",31831.2,31861.2,30.0,
장시간정체,AMR2,"(15, 0)",31907.4,31920.4,13.0,
장시간정체,AMR1,"(27, 11)",31926.2,31944.2,18.0,
장시간정체,AMR1,"(19, 11)",32002.8,32004.8,2.0,
장시간정체,AMR2,"(15, 0)",32011.9,32017.9,6.0,
장시간정체,AMR3,"(15, 0)",32066.8,32069.8,3.0,
장시간정체,AMR2,"(13, 9)",32084.6,32093.6,9.0,
장시간정체,AMR3,"(15, 0)",32151.3,32160.3,9.0,
장시간정체,AMR1,"(15, 0)",32207.7,32216.7,9.0,
장시간정체,AMR3,"(1, 9)",32232.1,32241.1,9.0,
장시간정체,AMR1,"(15, 0)",32314.3,32324.3,10.0,
장시간정체,AMR2,"(14, 11)",32332.0,32348.0,16.0,
장시간정체,AMR2,"(15, 11)",32399.2,32429.2,30.0,
장시간정체,AMR1,"(2, 11)",32476.3,32479.3,3.0,
장시간정체,AMR2,"(15, 9)",32486.8,32498.8,12.0,
병목,AMR1,출고진입부,32526.6,32533.6,7.0,O0630
장시간정체,AMR1,"(15, 9)",32531.6,32533.6,2.0,O0630
장시간정체,AMR2,"(14, 11)",32556.6,32568.6,12.0,
장시간정체,AMR1,"(15, 0)",32563.8,32581.8,18.0,
장시간정체,AMR2,"(7, 9)",32628.0,32646.0,18.0,
장시간정체,AMR1,"(9, 9)",32651.1,32664.1,13.0,
병목,AMR2,출고진입부,32691.2,32693.2,2.0,O0633
장시간정체,AMR1,"(25, 11)",32723.4,32752.4,29.0,
장시간정체,AMR2,"(15, 0)",32727.0,32728.0,1.0,
장시간정체,AMR3,"(15, 0)",32798.5,32824.5,26.0,
병목,AMR1,출고진입부,32850.4,32862.4,12.0,O0636
장시간정체,AMR1,"(15, 9)",32855.4,32862.4,7.0,O0636
장시간정체,AMR3,"(19, 9)",32893.1,32918.1,25.0,
장시간정체,AMR1,"(15, 11)",32958.8,32985.8,27.0,
병목,AMR2,중앙교차로,32972.9,32985.9,13.0,O0638
장시간정체,AMR2,"(14, 19)",32977.9,32985.9,8.0,O0638
병목,AMR2,출고진입부,33012.3,33024.3,12.0,O0638
장시간정체,AMR2,"(15, 11)",33017.3,33024.3,7.0,O0638
장시간정체,AMR1,"(15, 9)",33042.4,33058.4,16.0,
장시간정체,AMR2,"(15, 0)",33055.7,33073.7,18.0,
장시간정체,AMR1,"(1, 11)",33127.2,33133.2,6.0,
장시간정체,AMR2,"(3, 11)",33145.6,33153.6,8.0,
병목,AMR1,출고진입부,33186.2,33187.2,1.0,O0642
장시간정체,AMR2,"(14, 9)",33214.5,33245.5,31.0,
병목,AMR3,중앙교차로,33221.6,33245.6,24.0,O0643
장시간정체,AMR3,"(14, 19)",33226.6,33245.6,19.0,O0643
장시간정체,AMR2,"(19, 11)",33300.5,33332.5,32.0,
장시간정체,AMR3,"(15, 0)",33306.4,33308.4,2.0,
장시간정체,AMR3,"(15, 0)",33393.9,33396.9,3.0,
장시간정체,AMR2,"(8, 9)",33394.0,33421.0,27.0,
장시간정체,AMR3,"(21, 9)",33466.1,33470.1,4.0,
장시간정체,AMR2,"(9, 11)",33478.5,33486.5,8.0,
병목,AMR3,출고진입부,33507.8,33510.8,3.0,O0648
장시간정체,AMR3,"(15, 0)",33543.1,33567.1,24.0,
장시간정체,AMR3,"(10, 11)",33630.7,33638.7,8.0,
장시간정체,AMR1,"(15, 0)",33698.7,33707.7,9.0,
장시간정체,AMR3,"(15, 11)",33826.0,33829.0,3.0,
병목,AMR3,출고진입부,33988.0,33997.0,9.0,O0658
장시간정체,AMR3,"(13, 9)",33993.0,33997.0,4.0,O0658
장시간정체,AMR3,"(15, 0)",34029.1,34049.1,20.0,
장시간정체,AMR2,"(15, 0)",34195.2,34201.2,6.0,
장시간정체,AMR1,"(9, 9)",34224.5,34225.5,1.0,
장시간정체,AMR2,"(15, 0)",34286.1,34294.1,8.0,
장시간정체,AMR3,"(15, 0)",34436.7,34441.7,5.0,
장시간정체,AMR1,"(13, 9)",34460.4,34465.4,5.0,
장시간정체,AMR1,"(1, 11)",34527.1,34547.1,20.0,
장시간정체,AMR2,"(15, 0)",34588.6,34594.6,6.0,
장시간정체,AMR1,"(13, 11)",34609.9,34618.9,9.0,
병목,AMR3,출고진입부,34744.4,34746.4,2.0,O0673
장시간정체,AMR1,"(16, 9)",34823.3,34839.3,16.0,
장시간정체,AMR3,"(27, 11)",34852.2,34853.2,1.0,
병목,AMR1,출고진입부,34878.3,34881.3,3.0,O0676
장시간정체,AMR3,"(21, 11)",34915.8,34917.8,2.0,
장시간정체,AMR1,"(15, 0)",34917.9,34932.9,15.0,
장시간정체,AMR1,"(14, 11)",34999.3,35004.3,5.0,
장시간정체,AMR1,"(4, 9)",35206.9,35207.9,1.0,
장시간정체,AMR2,"(15, 0)",35274.9,35276.9,2.0,
장시간정체,AMR2,"(25, 11)",35349.6,35355.6,6.0,
병목,AMR2,출고진입부,35398.8,35413.8,15.0,O0687
장시간정체,AMR2,"(4, 11)",35403.8,35413.8,10.0,O0687
장시간정체,AMR3,"(15, 17)",35406.1,35414.1,8.0,O0688
장시간정체,AMR2,"(15, 0)",35449.2,35462.2,13.0,
장시간정체,AMR1,"(15, 0)",35517.7,35520.7,3.0,
장시간정체,AMR2,"(13, 9)",35531.6,35544.6,13.0,
병목,AMR1,출고진입부,35571.7,35574.7,3.0,O0690
병목,AMR1,출고진입부,35587.6,35589.1,1.5,O0690
장시간정체,AMR2,"(19, 11)",35596.0,35611.0,15.0,
장시간정체,AMR1,"(15, 0)",35606.5,35624.5,18.0,
장시간정체,AMR2,"(1, 9)",35677.4,35688.4,11.0,
장시간정체,AMR1,"(2, 9)",35701.1,35711.1,10.0,
장시간정체,AMR3,"(2, 10)",35712.8,35713.4,0.6,O0692
병목,AMR2,출고진입부,35739.6,35749.6,10.0,O0693
장시간정체,AMR2,"(3, 9)",35744.6,35749.6,5.0,O0693
장시간정체,AMR1,"(8, 11)",35931.5,35936.5,5.0,
병목,AMR1,출고진입부,35977.4,35985.4,8.0,O0698
장시간정체,AMR1,"(21, 11)",35982.4,35985.4,3.0,O0698
병목,AMR1,중앙교차로,35987.0,35989.5,2.5,O0698
장시간정체,AMR3,"(22, 9)",36012.7,36043.7,31.0,
장시간정체,AMR1,"(19, 9)",36082.5,36098.5,16.0,
장시간정체,AMR3,"(13, 9)",36104.3,36113.3,9.0,
장시간정체,AMR3,"(19, 9)",36173.0,36174.0,1.0,
장시간정체,AMR1,"(15, 0)",36176.4,36188.4,12.0,
장시간정체,AMR2,"(15, 0)",36232.2,36239.2,7.0,
장시간정체,AMR1,"(15, 11)",36255.5,36263.5,8.0,
장시간정체,AMR2,"(15, 0)",36316.8,36319.8,3.0,
장시간정체,AMR2,"(8, 9)",36474.8,36480.8,6.0,
장시간정체,AMR2,"(15, 0)",36554.6,36559.6,5.0,
장시간정체,AMR3,"(9, 9)",36555.6,36583.6,28.0,
장시간정체,AMR2,"(25, 9)",36633.1,36641.1,8.0,
장시간정체,AMR3,"(1, 11)",36649.0,36660.0,11.0,
장시간정체,AMR3,"(13, 9)",36719.4,36725.4,6.0,
장시간정체,AMR2,"(15, 0)",36736.4,36740.4,4.0,
장시간정체,AMR3,"(13, 9)",36783.7,36816.7,33.0,
병목,AMR2,출고진입부,36842.7,36844.7,2.0,O0715
장시간정체,AMR3,"(27, 9)",36880.5,36900.5,20.0,
장시간정체,AMR1,"(14, 19)",36882.0,36901.0,19.0,O0716
장시간정체,AMR1,"(15, 0)",36971.2,36974.2,3.0,
병목,AMR3,출고진입부,36997.9,37007.9,10.0,O0718
장시간정체,AMR3,"(13, 11)",37002.9,37007.9,5.0,O0718
장시간정체,AMR3,"(15, 0)",37040.3,37043.3,3.0,
장시간정체,AMR1,"(22, 9)",37042.3,37067.3,25.0,
장시간정체,AMR3,"(16, 11)",37109.2,37118.7,9.5,
장시간정체,AMR3,"(15, 0)",37185.9,37189.9,4.0,
장시간정체,AMR1,"(15, 9)",37187.0,37214.0,27.0,
병목,AMR2,중앙교차로,37189.7,37214.7,25.0,O0722
장시간정체,AMR2,"(14, 19)",37194.7,37214.7,20.0,O0722
병목,AMR3,중앙교차로,37229.0,37230.0,1.0,O0723
장시간정체,AMR2,"(15, 0)",37270.9,37285.9,15.0,
장시간정체,AMR1,"(15, 0)",37342.6,37348.6,6.0,
장시간정체,AMR2,"(15, 0)",37420.0,37427.0,7.0,
병목,AMR3,출고진입부,37422.6,37427.6,5.0,O0726
장시간정체,AMR2,"(15, 0)",37551.4,37562.4,11.0,
장시간정체,AMR2,"(20, 9)",37633.1,37639.1,6.0,
장시간정체,AMR3,"(22, 11)",37711.0,37712.0,1.0,
장시간정체,AMR2,"(15, 0)",37717.9,37726.9,9.0,
장시간정체,AMR3,"(19, 9)",37772.4,37806.4,34.0,
병목,AMR2,출고진입부,37830.6,37834.6,4.0,O0735
장시간정체,AMR2,"(15, 0)",37866.8,37882.8,16.0,
장시간정체,AMR1,"(15, 0)",37926.4,37930.4,4.0,
장시간정체,AMR1,"(15, 0)",38010.2,38019.2,9.0,
장시간정체,AMR3,"(15, 0)",38063.4,38074.4,11.0,
장시간정체,AMR1,"(13, 11)",38088.4,38098.4,10.0,
병목,AMR3,출고진입부,38121.2,38122.2,1.0,O0741
장시간정체,AMR1,"(8, 11)",38150.5,38178.5,28.0,
장시간정체,AMR3,"(9, 11)",38218.2,38229.2,11.0,
장시간정체,AMR1,"(19, 11)",38235.1,38244.1,9.0,
병목,AMR3,출고진입부,38268.9,38275.9,7.0,O0744
장시간정체,AMR3,"(20, 11)",38273.9,38275.9,2.0,O0744
장시간정체,AMR1,"(15, 9)",38297.6,38334.6,37.0,
장시간정체,AMR3,"(20, 11)",38373.3,38390.3,17.0,
장시간정체,AMR1,"(19, 11)",38389.4,38406.4,17.0,
병목,AMR3,출고진입부,38431.5,38434.5,3.0,O0747
장시간정체,AMR3,"(15, 0)",38465.8,38484.8,19.0,
장시간정체,AMR1,"(21, 9)",38467.4,38468.4,1.0,
병목,AMR2,중앙교차로,38497.2,38498.7,1.5,O0748
장시간정체,AMR1,"(14, 9)",38530.7,38548.7,18.0,
병목,AMR2,중앙교차로,38548.4,38549.4,1.0,O0749
장시간정체,AMR3,"(27, 9)",38556.6,38564.6,8.0,
장시간정체,AMR1,"(15, 0)",38631.4,38642.4,11.0,
장시간정체,AMR2,"(15, 0)",38694.0,38705.0,11.0,
장시간정체,AMR1,"(9, 9)",38710.7,38728.7,18.0,
장시간정체,AMR1,"(22, 9)",38787.1,38811.1,24.0,
장시간정체,AMR2,"(22, 11)",38855.2,38879.2,24.0,
병목,AMR1,출고진입부,38907.7,38910.7,3.0,O0756
장시간정체,AMR1,"(15, 0)",38940.3,38946.3,6.0,
장시간정체,AMR2,"(26, 9)",38942.0,38970.0,28.0,
장시간정체,AMR1,"(3, 9)",39016.3,39035.3,19.0,
장시간정체,AMR2,"(7, 11)",39034.3,39056.3,22.0,
병목,AMR1,출고진입부,39080.5,39090.5,10.0,O0759
장시간정체,AMR1,"(7, 11)",39085.5,39090.5,5.0,O0759
장시간정체,AMR2,"(3, 9)",39119.7,39125.7,6.0,
장시간정체,AMR1,"(15, 0)",39125.5,39146.5,21.0,
장시간정체,AMR3,"(15, 0)",39195.3,39198.3,3.0,
장시간정체,AMR1,"(28, 9)",39221.3,39222.3,1.0,
병목,AMR2,출고진입부,39368.6,39379.2,10.6,O0764
장시간정체,AMR1,"(15, 0)",39369.0,39377.0,8.0,
장시간정체,AMR2,"(15, 1)",39373.6,39379.2,5.6,O0764
장시간정체,AMR2,"(15, 0)",39393.4,39401.4,8.0,
장시간정체,AMR1,"(20, 9)",39444.9,39462.9,18.0,
장시간정체,AMR2,"(14, 11)",39474.8,39478.8,4.0,
병목,AMR1,출고진입부,39503.2,39509.2,6.0,O0767
장시간정체,AMR1,"(15, 11)",39508.2,39509.2,1.0,O0767
장시간정체,AMR2,"(20, 11)",39537.8,39542.8,5.0,
장시간정체,AMR1,"(15, 0)",39541.9,39556.9,15.0,
장시간정체,AMR3,"(15, 0)",39605.4,39606.4,1.0,
장시간정체,AMR1,"(14, 9)",39625.4,39630.4,5.0,
장시간정체,AMR3,"(15, 0)",39687.6,39698.6,11.0,
장시간정체,AMR2,"(15, 0)",39745.0,39750.0,5.0,
장시간정체,AMR3,"(21, 9)",39768.1,39774.1,6.0,
장시간정체,AMR2,"(27, 9)",39906.6,39912.6,6.0,
장시간정체,AMR1,"(15, 0)",39931.2,39933.2,2.0,
장시간정체,AMR2,"(16, 9)",39979.0,40014.0,35.0,
장시간정체,AMR1,"(15, 0)",40069.5,40071.5,2.0,
장시간정체,AMR2,"(15, 0)",40200.1,40206.1,6.0,
장시간정체,AMR1,"(1, 11)",40227.8,40229.8,2.0,
장시간정체,AMR3,"(13, 9)",40247.9,40249.9,2.0,
병목,AMR1,출고진입부,40274.9,40281.9,7.0,O0783
장시간정체,AMR1,"(16, 9)",40279.9,40281.9,2.0,O0783
장시간정체,AMR3,"(19, 9)",40311.0,40341.0,30.0,
장시간정체,AMR1,"(15, 0)",40312.9,40316.9,4.0,
장시간정체,AMR2,"(14, 19)",40322.0,40342.0,20.0,O0784
장시간정체,AMR3,"(16, 9)",40393.7,40399.7,6.0,
장시간정체,AMR2,"(15, 0)",40399.8,40415.8,16.0,
병목,AMR1,중앙교차로,40425.8,40428.8,3.0,O0785
병목,AMR3,출고진입부,40439.1,40444.1,5.0,O0786
장시간정체,AMR3,"(15, 0)",40474.4,40478.4,4.0,
경로충돌,AMR2+AMR3,"(15, 19)",40501.6,40501.7,0.1,
병목,AMR1,출고진입부,40549.5,40554.5,5.0,O0788
장시간정체,AMR1,"(15, 0)",40587.3,40590.3,3.0,
장시간정체,AMR1,"(20, 11)",40652.6,40653.6,1.0,
병목,AMR3,출고진입부,40678.0,40684.0,6.0,O0791
장시간정체,AMR3,"(21, 11)",40683.0,40684.0,1.0,O0791
장시간정체,AMR1,"(25, 9)",40712.6,40719.6,7.0,
장시간정체,AMR3,"(15, 0)",40717.7,40738.7,21.0,
장시간정체,AMR2,"(15, 0)",40788.9,40792.9,4.0,
장시간정체,AMR3,"(15, 11)",40798.4,40817.4,19.0,
병목,AMR2,중앙교차로,40817.3,40818.3,1.0,O0794
장시간정체,AMR2,"(15, 0)",40871.8,40873.8,2.0,
장시간정체,AMR3,"(21, 11)",40875.2,40898.2,23.0,
장시간정체,AMR2,"(19, 9)",40939.2,40951.2,12.0,
장시간정체,AMR3,"(20, 9)",40960.6,40965.6,5.0,
병목,AMR2,출고진입부,40994.1,41000.1,6.0,O0797
장시간정체,AMR2,"(19, 9)",40999.1,41000.1,1.0,O0797
장시간정체,AMR3,"(22, 11)",41022.9,41055.9,33.0,
장시간정체,AMR2,"(15, 0)",41029.7,41031.7,2.0,
장시간정체,AMR2,"(13, 9)",41094.2,41121.2,27.0,
병목,AMR1,중앙교차로,41107.0,41122.0,15.0,O0799
장시간정체,AMR1,"(16, 19)",41112.0,41122.0,10.0,O0799
병목,AMR1,출고진입부,41152.2,41164.2,12.0,O0799
장시간정체,AMR1,"(13, 9)",41157.2,41164.2,7.0,O0799
병목,AMR1,출고진입부,41177.9,41181.0,3.1,O0799
장시간정체,AMR2,"(26, 9)",41184.5,41225.5,41.0,
장시간정체,AMR1,"(15, 0)",41200.7,41201.7,1.0,
장시간정체,AMR3,"(15, 0)",41273.5,41280.5,7.0,
장시간정체,AMR2,"(3, 11)",41288.7,41304.7,16.0,
장시간정체,AMR3,"(15, 0)",41371.1,41377.1,6.0,
장시간정체,AMR1,"(19, 11)",41394.3,41401.3,7.0,
장시간정체,AMR1,"(4, 11)",41459.6,41485.6,26.0,
장시간정체,AMR3,"(15, 0)",41460.6,41461.6,1.0,
장시간정체,AMR2,"(15, 0)",41531.1,41532.1,1.0,
장시간정체,AMR1,"(9, 11)",41547.9,41555.9,8.0,
장시간정체,AMR3,"(10, 11)",41549.9,41558.0,8.1,O0807
병목,AMR2,출고진입부,41582.3,41591.3,9.0,O0808
장시간정체,AMR2,"(10, 11)",41587.3,41591.3,4.0,O0808
장시간정체,AMR2,"(15, 0)",41621.8,41646.8,25.0,
장시간정체,AMR1,"(27, 9)",41624.0,41626.0,2.0,
장시간정체,AMR3,"(15, 0)",41693.7,41708.7,15.0,
장시간정체,AMR2,"(27, 9)",41716.0,41733.0,17.0,
장시간정체,AMR2,"(20, 11)",41791.2,41794.2,3.0,
장시간정체,AMR3,"(15, 0)",41801.9,41807.9,6.0,
장시간정체,AMR1,"(15, 0)",41853.7,41862.7,9.0,
장시간정체,AMR3,"(15, 11)",41875.1,41887.1,12.0,
장시간정체,AMR1,"(15, 0)",41943.3,41957.3,14.0,
장시간정체,AMR2,"(15, 0)",42012.9,42024.9,12.0,
병목,AMR1,출고진입부,42049.2,42058.2,9.0,O0817
장시간정체,AMR1,"(15, 11)",42054.2,42058.2,4.0,O0817
장시간정체,AMR1,"(15, 0)",42089.5,42111.5,22.0,
장시간정체,AMR2,"(28, 11)",42091.2,42092.2,1.0,
장시간정체,AMR3,"(15, 0)",42155.9,42157.9,2.0,
장시간정체,AMR3,"(15, 0)",42250.6,42259.6,9.0,
장시간정체,AMR2,"(25, 11)",42272.7,42283.7,11.0,
장시간정체,AMR2,"(13, 9)",42340.8,42343.8,3.0,
장시간정체,AMR3,"(15, 0)",42357.4,42358.4,1.0,
장시간정체,AMR1,"(15, 0)",42403.1,42408.1,5.0,
장시간정체,AMR3,"(26, 11)",42427.2,42432.2,5.0,
장시간정체,AMR1,"(15, 0)",42503.3,42514.3,11.0,
장시간정체,AMR3,"(1, 9)",42564.0,42594.0,30.0,
장시간정체,AMR1,"(10, 11)",42576.8,42580.8,4.0,
병목,AMR1,출고진입부,42618.0,42634.0,16.0,O0828
장시간정체,AMR1,"(7, 11)",42623.0,42634.0,11.0,O0828
장시간정체,AMR1,"(15, 0)",42670.4,42688.4,18.0,
장시간정체,AMR2,"(15, 0)",42738.8,42744.8,6.0,
장시간정체,AMR1,"(19, 11)",42756.5,42768.5,12.0,
경로충돌,AMR1+AMR2,"(15, 19)",42849.7,42849.8,0.1,
장시간정체,AMR2,"(15, 0)",42918.4,42925.4,7.0,
병목,AMR3,출고진입부,42918.5,42927.1,8.6,O0833
장시간정체,AMR3,"(15, 1)",42923.5,42927.1,3.6,O0833
장시간정체,AMR3,"(15, 0)",42942.9,42949.9,7.0,
장시간정체,AMR1,"(15, 0)",42999.0,43013.0,14.0,
장시간정체,AMR3,"(13, 9)",43019.0,43037.0,18.0,
병목,AMR1,출고진입부,43061.3,43066.3,5.0,O0836
장시간정체,AMR3,"(13, 11)",43091.4,43100.4,9.0,
장시간정체,AMR1,"(15, 0)",43098.9,43112.9,14.0,
장시간정체,AMR3,"(8, 9)",43160.8,43190.8,30.0,
병목,AMR1,출고진입부,43213.3,43220.3,7.0,O0839
장시간정체,AMR1,"(13, 11)",43218.3,43220.3,2.0,O0839
장시간정체,AMR1,"(15, 0)",43255.5,43270.5,15.0,
장시간정체,AMR3,"(25, 11)",43320.4,43344.4,24.0,
병목,AMR1,출고진입부,43369.3,43387.3,18.0,O0842
장시간정체,AMR1,"(15, 11)",43374.3,43387.3,13.0,O0842
장시간정체,AMR3,"(26, 11)",43410.5,43420.5,10.0,
장시간정체,AMR1,"(15, 0)",43422.1,43439.1,17.0,
장시간정체,AMR1,"(7, 11)",43507.8,43511.8,4.0,
병목,AMR2,출고진입부,43533.5,43534.5,1.0,O0845
장시간정체,AMR2,"(15, 0)",43570.0,43583.0,13.0,
장시간정체,AMR1,"(21, 9)",43629.5,43645.5,16.0,
장시간정체,AMR2,"(1, 11)",43654.0,43662.0,8.0,
병목,AMR1,출고진입부,43690.6,43693.6,3.0,O0848
장시간정체,AMR2,"(9, 9)",43722.0,43725.0,3.0,
장시간정체,AMR1,"(15, 0)",43732.0,43742.0,10.0,
장시간정체,AMR3,"(15, 0)",43785.0,43793.0,8.0,
장시간정체,AMR1,"(9, 11)",43807.8,43816.8,9.0,
병목,AMR2,중앙교차로,43919.3,43924.3,5.0,O0853
장시간정체,AMR3,"(15, 0)",44000.4,44004.4,4.0,
장시간정체,AMR2,"(22, 11)",44047.2,44048.2,1.0,
병목,AMR1,출고진입부,44070.9,44082.9,12.0,O0856
장시간정체,AMR1,"(20, 11)",44075.9,44082.9,7.0,O0856
장시간정체,AMR2,"(10, 9)",44105.6,44117.6,12.0,
장시간정체,AMR1,"(15, 0)",44115.1,44133.1,18.0,
장시간정체,AMR3,"(15, 0)",44178.6,44182.6,4.0,
장시간정체,AMR1,"(15, 11)",44195.6,44206.6,11.0,
병목,AMR3,출고진입부,44360.6,44379.6,19.0,O0862
장시간정체,AMR3,"(10, 11)",44365.6,44379.6,14.0,O0862
장시간정체,AMR1,"(25, 9)",44410.6,44413.6,3.0,
장시간정체,AMR3,"(15, 0)",44412.2,44432.2,20.0,
장시간정체,AMR2,"(15, 0)",44478.9,44492.9,14.0,
장시간정체,AMR3,"(25, 9)",44505.6,44516.6,11.0,
장시간정체,AMR3,"(9, 9)",44579.0,44580.0,1.0,
장시간정체,AMR2,"(15, 0)",44587.1,44597.1,10.0,
장시간정체,AMR1,"(15, 0)",44641.6,44647.6,6.0,
장시간정체,AMR2,"(21, 11)",44661.5,44671.5,10.0,
장시간정체,AMR3,"(20, 11)",44665.2,44694.8,29.6,O0867
병목,AMR3,출고진입부,44720.6,44723.6,3.0,O0867
장시간정체,AMR3,"(15, 0)",44755.4,44759.4,4.0,
장시간정체,AMR1,"(3, 11)",44806.0,44816.0,10.0,
장시간정체,AMR3,"(16, 11)",44822.3,44834.3,12.0,
병목,AMR1,출고진입부,44858.2,44869.2,11.0,O0871
장시간정체,AMR1,"(13, 11)",44863.2,44869.2,6.0,O0871
장시간정체,AMR3,"(25, 9)",44890.2,44928.2,38.0,
장시간정체,AMR2,"(15, 0)",44976.6,44980.6,4.0,
장시간정체,AMR3,"(8, 11)",44992.8,45004.8,12.0,
장시간정체,AMR3,"(15, 19)",45083.5,45091.5,8.0,O0875
장시간정체,AMR2,"(16, 19)",45091.4,45094.0,2.6,
병목,AMR2,출고진입부,45179.6,45183.6,4.0,O0877
장시간정체,AMR2,"(15, 0)",45211.6,45215.6,4.0,
병목,AMR1,출고진입부,45294.9,45296.9,2.0,O0879
경로충돌,AMR2+AMR3,"(15, 19)",45373.6,45373.7,0.1,
장시간정체,AMR2,"(15, 0)",45429.9,45431.9,2.0,
장시간정체,AMR2,"(15, 0)",45570.5,45580.5,10.0,
병목,AMR1,출고진입부,45574.5,45581.5,7.0,O0885
장시간정체,AMR1,"(7, 9)",45579.5,45581.5,2.0,O0885
장시간정체,AMR3,"(15, 0)",45648.7,45650.7,2.0,
장시간정체,AMR1,"(13, 11)",45672.1,45675.1,3.0,
장시간정체,AMR3,"(15, 0)",45731.6,45744.6,13.0,
장시간정체,AMR1,"(25, 11)",45789.1,45803.1,14.0,
장시간정체,AMR3,"(27, 11)",45816.7,45819.7,3.0,
병목,AMR1,출고진입부,45851.6,45859.6,8.0,O0891
장시간정체,AMR1,"(27, 11)",45856.6,45859.6,3.0,O0891
장시간정체,AMR3,"(3, 11)",45880.8,45895.8,15.0,
장시간정체,AMR1,"(15, 0)",45897.7,45914.7,17.0,
장시간정체,AMR2,"(15, 0)",45969.6,45974.6,5.0,
장시간정체,AMR1,"(25, 9)",45985.2,45999.2,14.0,
장시간정체,AMR2,"(15, 0)",46070.6,46075.6,5.0,
장시간정체,AMR1,"(15, 9)",46120.8,46131.8,11.0,
장시간정체,AMR2,"(14, 11)",46139.1,46147.1,8.0,
장시간정체,AMR1,"(15, 0)",46203.0,46225.0,22.0,
장시간정체,AMR3,"(15, 0)",46272.1,46274.1,2.0,
장시간정체,AMR1,"(3, 11)",46297.7,46298.7,1.0,
장시간정체,AMR3,"(15, 0)",46366.8,46368.8,2.0,
장시간정체,AMR2,"(15, 11)",46385.9,46392.9,7.0,
경로충돌,AMR2+AMR3,"(15, 19)",46470.1,46470.2,0.1,
병목,AMR1,출고진입부,46522.5,46526.5,4.0,O0904
장시간정체,AMR3,"(15, 0)",46540.7,46541.7,1.0,
장시간정체,AMR1,"(15, 0)",46559.1,46566.1,7.0,
장시간정체,AMR2,"(15, 0)",46615.6,46630.6,15.0,
장시간정체,AMR1,"(2, 11)",46639.5,46654.5,15.0,
병목,AMR2,출고진입부,46683.2,46685.2,2.0,O0907
장시간정체,AMR1,"(19, 9)",46715.8,46720.8,5.0,
장시간정체,AMR2,"(15, 0)",46722.0,46735.0,13.0,
장시간정체,AMR3,"(15, 0)",46781.2,46785.2,4.0,
장시간정체,AMR2,"(27, 11)",46805.2,46809.2,4.0,
병목,AMR1,중앙교차로,46868.5,46869.5,1.0,O0911
장시간정체,AMR3,"(15, 0)",46878.9,46883.9,5.0,
장시간정체,AMR2,"(28, 11)",46933.1,46945.1,12.0,
장시간정체,AMR3,"(26, 9)",46957.6,46964.6,7.0,
장시간정체,AMR1,"(15, 19)",47076.8,47080.8,4.0,O0915
병목,AMR1,출고진입부,47105.5,47106.5,1.0,O0915
장시간정체,AMR3,"(15, 0)",47166.3,47167.3,1.0,
장시간정체,AMR2,"(7, 9)",47186.5,47191.5,5.0,
장시간정체,AMR2,"(4, 11)",47253.9,47268.9,15.0,
장시간정체,AMR2,"(15, 0)",47403.0,47405.0,2.0,
장시간정체,AMR2,"(1, 11)",47480.4,47486.5,6.1,
장시간정체,AMR1,"(7, 11)",47501.1,47507.1,6.0,
병목,AMR2,출고진입부,47529.5,47542.5,13.0,O0924
장시간정체,AMR2,"(9, 11)",47534.5,47542.5,8.0,O0924
장시간정체,AMR1,"(20, 9)",47564.8,47577.8,13.0,
장시간정체,AMR2,"(15, 0)",47579.0,47594.0,15.0,
장시간정체,AMR1,"(3, 9)",47645.5,47658.5,13.0,
장시간정체,AMR2,"(9, 11)",47659.7,47679.7,20.0,
병목,AMR1,출고진입부,47703.9,47705.9,2.0,O0927
장시간정체,AMR2,"(15, 11)",47739.7,47763.7,24.0,
장시간정체,AMR1,"(9, 11)",47803.6,47811.6,8.0,
장시간정체,AMR2,"(9, 9)",47821.1,47826.1,5.0,
장시간정체,AMR2,"(21, 11)",47885.0,47913.0,28.0,
장시간정체,AMR1,"(4, 9)",47958.9,47964.9,6.0,
장시간정체,AMR2,"(3, 9)",47975.8,47984.8,9.0,
병목,AMR1,출고진입부,48018.7,48022.7,4.0,O0933
장시간정체,AMR2,"(19, 11)",48046.8,48083.8,37.0,
장시간정체,AMR3,"(15, 0)",48124.7,48130.7,6.0,
장시간정체,AMR2,"(9, 11)",48138.1,48155.1,17.0,
장시간정체,AMR3,"(15, 19)",48236.2,48241.2,5.0,O0937
장시간정체,AMR2,"(14, 19)",48241.5,48243.1,1.6,
병목,AMR2,출고진입부,48321.9,48326.9,5.0,O0939
장시간정체,AMR2,"(15, 0)",48361.0,48362.0,1.0,
장시간정체,AMR3,"(10, 11)",48366.1,48386.1,20.0,
장시간정체,AMR2,"(25, 11)",48432.3,48439.3,7.0,
장시간정체,AMR3,"(1, 11)",48447.2,48456.2,9.0,
병목,AMR2,출고진입부,48483.9,48494.9,11.0,O0942
장시간정체,AMR2,"(3, 11)",48488.9,48494.9,6.0,O0942
장시간정체,AMR3,"(2, 9)",48527.4,48553.4,26.0,
장시간정체,AMR2,"(20, 11)",48598.3,48616.3,18.0,
장시간정체,AMR3,"(3, 11)",48623.5,48630.5,7.0,
병목,AMR2,출고진입부,48656.8,48659.8,3.0,O0945
장시간정체,AMR3,"(14, 11)",48687.9,48694.9,7.0,
장시간정체,AMR2,"(15, 0)",48695.1,48709.1,14.0,
장시간정체,AMR3,"(14, 9)",48755.8,48763.8,8.0,
병목,AMR1,중앙교차로,48763.7,48764.7,1.0,O0947
장시간정체,AMR2,"(22, 11)",48776.3,48779.3,3.0,
병목,AMR3,출고진입부,48803.0,48807.0,4.0,O0948
장시간정체,AMR2,"(13, 11)",48835.0,48866.0,31.0,
병목,AMR1,중앙교차로,48843.0,48867.0,24.0,O0949
장시간정체,AMR1,"(15, 18)",48848.0,48867.0,19.0,O0949
장시간정체,AMR2,"(7, 9)",48923.4,48941.4,18.0,
장시간정체,AMR2,"(15, 0)",49193.5,49201.5,8.0,
병목,AMR1,출고진입부,49223.6,49237.6,14.0,O0957
장시간정체,AMR1,"(13, 9)",49228.6,49237.6,9.0,O0957
장시간정체,AMR1,"(15, 0)",49266.4,49293.4,27.0,
장시간정체,AMR2,"(9, 9)",49339.6,49358.6,19.0,
장시간정체,AMR1,"(9, 10)",49350.4,49361.0,10.6,O0960
장시간정체,AMR1,"(14, 11)",49436.1,49460.1,24.0,
장시간정체,AMR2,"(13, 11)",49498.1,49511.1,13.0,
장시간정체,AMR1,"(25, 9)",49522.8,49523.8,1.0,
장시간정체,AMR1,"(13, 9)",49581.2,49583.2,2.0,
장시간정체,AMR2,"(15, 0)",49594.0,49598.0,4.0,
장시간정체,AMR1,"(15, 9)",49643.8,49655.8,12.0,
장시간정체,AMR2,"(10, 9)",49665.6,49672.6,7.0,
장시간정체,AMR2,"(15, 19)",49751.6,49757.6,6.0,O0967
장시간정체,AMR1,"(16, 19)",49755.7,49759.3,3.6,
병목,AMR3,출고진입부,49821.5,49824.6,3.1,O0968
장시간정체,AMR2,"(15, 0)",49821.6,49822.6,1.0,
장시간정체,AMR3,"(15, 0)",49842.9,49846.9,4.0,
장시간정체,AMR2,"(16, 9)",49893.2,49911.2,18.0,
장시간정체,AMR3,"(19, 9)",49918.1,49925.1,7.0,
장시간정체,AMR3,"(15, 11)",49976.7,49989.7,13.0,
장시간정체,AMR2,"(15, 0)",49989.2,50003.2,14.0,
장시간정체,AMR1,"(15, 0)",50046.3,50054.3,8.0,
장시간정체,AMR2,"(25, 11)",50072.9,50078.9,6.0,
장시간정체,AMR2,"(15, 0)",50202.0,50209.0,7.0,
병목,AMR1,출고진입부,50234.9,50242.9,8.0,O0977
장시간정체,AMR1,"(9, 11)",50239.9,50242.9,3.0,O0977
장시간정체,AMR1,"(15, 0)",50275.6,50292.6,17.0,
장시간정체,AMR3,"(15, 0)",50343.8,50355.8,12.0,
장시간정체,AMR1,"(7, 9)",50365.9,50379.9,14.0,
병목,AMR3,출고진입부,50408.1,50413.1,5.0,O0980
장시간정체,AMR1,"(15, 11)",50437.0,50447.0,10.0,
장시간정체,AMR3,"(15, 0)",50445.6,50460.6,15.0,
장시간정체,AMR1,"(4, 9)",50510.2,50526.2,16.0,
장시간정체,AMR3,"(26, 9)",50532.5,50545.5,13.0,
병목,AMR1,출고진입부,50576.5,50578.5,2.0,O0983
장시간정체,AMR3,"(1, 9)",50618.6,50639.6,21.0,
장시간정체,AMR2,"(15, 18)",50621.5,50640.5,19.0,O0984
장시간정체,AMR3,"(16, 9)",50703.2,50706.2,3.0,
장시간정체,AMR2,"(15, 0)",50710.0,50720.0,10.0,
병목,AMR3,출고진입부,50746.9,50759.9,13.0,O0986
장시간정체,AMR3,"(13, 9)",50751.9,50759.9,8.0,O0986
병목,AMR2,중앙교차로,50759.4,50760.4,1.0,O0987
장시간정체,AMR2,"(13, 9)",50792.5,50817.5,25.0,
병목,AMR1,중앙교차로,50794.4,50818.4,24.0,O0987
장시간정체,AMR1,"(15, 18)",50799.4,50818.4,19.0,O0987
장시간정체,AMR2,"(21, 9)",50876.8,50894.8,18.0,
장시간정체,AMR1,"(7, 9)",51258.6,51262.6,4.0,
장시간정체,AMR1,"(15, 11)",51319.2,51337.2,18.0,
