JOB_ID,종류,토트ID,품목,분류(랙),슬롯,출발지,목적지,발생시각,구간,작업시간1,작업시간2,태그부착,RFID실패
1,OUTBOUND,T-0029,베어링 6204,B,B-03-05,B-03-05,출고STATION,0.00,일반,7.2,11.2,0.0,0
2,OUTBOUND,T-0055,터미널 블록,D,D-05-03,D-05-03,출고STATION,22.65,일반,9.8,11.0,0.0,0
3,OUTBOUND,T-0051,터미널 블록,D,D-01-03,D-01-03,출고STATION,39.81,일반,9.7,10.0,0.0,0
4,OUTBOUND,T-0136,케이블타이,J,J-04-01,J-04-01,출고STATION,62.55,일반,9.6,9.2,0.0,0
5,INBOUND,T-0151,전선 2.5sq,C,C-03-04,입고STATION,C-03-04,80.33,일반,10.3,11.5,4.8,0
6,INBOUND,T-0152,전선 2.5sq,C,C-05-05,입고STATION,C-05-05,100.73,일반,12.1,11.9,4.6,0
7,INBOUND,T-0153,너트 M8,A,A-06-02,입고STATION,A-06-02,122.34,일반,10.1,10.0,5.8,0
8,OUTBOUND,T-0057,터미널 블록,D,D-05-04,D-05-04,출고STATION,137.49,일반,10.0,10.5,0.0,0
9,INBOUND,T-0154,제어 케이블,C,C-06-05,입고STATION,C-06-05,155.73,일반,7.3,7.4,6.3,0
10,OUTBOUND,T-0099,릴레이 24V,G,G-06-03,G-06-03,출고STATION,171.25,일반,8.8,12.3,0.0,0
11,INBOUND,T-0155,부싱 20mm,B,B-02-04,입고STATION,B-02-04,187.39,일반,7.6,12.1,5.3,0
12,OUTBOUND,T-0084,리미트스위치,F,F-02-04,F-02-04,출고STATION,206.87,일반,11.1,7.6,0.0,0
13,INBOUND,T-0156,퓨즈 5A,H,H-05-05,입고STATION,H-05-05,227.81,일반,11.7,12.4,4.5,0
14,OUTBOUND,T-0137,클립,J,J-05-01,J-05-01,출고STATION,245.02,일반,11.2,8.0,0.0,0
15,OUTBOUND,T-0125,원터치 피팅,I,I-06-02,I-06-02,출고STATION,267.29,일반,11.7,7.3,0.0,0
16,OUTBOUND,T-0002,볼트 M8,A,A-03-01,A-03-01,출고STATION,286.87,일반,9.2,8.1,0.0,0
17,OUTBOUND,T-0097,PCB 보드,G,G-06-02,G-06-02,출고STATION,311.86,일반,12.8,10.3,0.0,0
18,INBOUND,T-0157,퓨즈 5A,H,H-04-03,입고STATION,H-04-03,333.72,일반,10.0,11.7,6.4,0
19,OUTBOUND,T-0030,베어링 6204,B,B-06-05,B-06-05,출고STATION,357.82,일반,7.2,12.8,0.0,0
20,INBOUND,T-0158,케이블타이,J,J-05-03,입고STATION,J-05-03,373.63,일반,7.5,7.8,3.8,0
21,INBOUND,T-0159,광 센서,E,E-01-01,입고STATION,E-01-01,389.28,일반,7.9,11.8,3.8,0
22,OUTBOUND,T-0133,튜브 연결구,I,I-03-05,I-03-05,출고STATION,410.61,일반,9.7,7.2,0.0,1
23,INBOUND,T-0160,클립,J,J-06-05,입고STATION,J-06-05,428.87,일반,12.4,12.9,3.9,0
24,INBOUND,T-0161,튜브 연결구,I,I-04-04,입고STATION,I-04-04,446.81,일반,12.9,12.4,6.2,0
25,OUTBOUND,T-0028,소형 롤러,B,B-02-05,B-02-05,출고STATION,466.12,일반,11.3,10.0,0.0,0
26,INBOUND,T-0162,튜브 연결구,I,I-02-03,입고STATION,I-02-03,487.66,일반,11.2,12.1,6.1,0
27,OUTBOUND,T-0100,PCB 보드,G,G-03-04,G-03-04,출고STATION,511.32,일반,11.3,7.6,0.0,0
28,OUTBOUND,T-0096,PCB 보드,G,G-04-02,G-04-02,출고STATION,535.20,일반,12.6,9.4,0.0,0
29,INBOUND,T-0163,PCB 보드,G,G-05-01,입고STATION,G-05-01,558.47,일반,10.5,8.6,5.3,0
30,OUTBOUND,T-0082,푸시버튼,F,F-03-03,F-03-03,출고STATION,580.77,일반,9.0,9.1,0.0,0
31,OUTBOUND,T-0071,근접 센서,E,E-05-04,E-05-04,출고STATION,598.90,일반,8.1,12.0,0.0,0
32,OUTBOUND,T-0108,퓨즈 5A,H,H-05-01,H-05-01,출고STATION,623.43,일반,12.8,11.0,0.0,0
33,OUTBOUND,T-0017,베어링 6204,B,B-02-01,B-02-01,출고STATION,639.34,일반,8.3,8.1,0.0,0
34,INBOUND,T-0164,푸시버튼,F,F-01-03,입고STATION,F-01-03,658.66,일반,9.3,12.9,4.2,0
35,OUTBOUND,T-0145,클립,J,J-01-04,J-01-04,출고STATION,679.23,일반,7.4,7.2,0.0,0
36,INBOUND,T-0165,부싱 20mm,B,B-05-05,입고STATION,B-05-05,699.84,일반,10.7,10.1,6.2,0
37,OUTBOUND,T-0105,컨트롤 모듈,G,G-05-05,G-05-05,출고STATION,718.38,일반,12.7,10.5,0.0,0
38,OUTBOUND,T-0069,광 센서,E,E-01-04,E-01-04,출고STATION,733.89,일반,7.8,11.6,0.0,0
39,INBOUND,T-0166,소형 롤러,B,B-05-01,입고STATION,B-05-01,752.02,일반,7.0,11.2,3.9,0
40,INBOUND,T-0167,통신 케이블,C,C-03-02,입고STATION,C-03-02,772.09,일반,8.2,9.6,3.5,0
41,INBOUND,T-0168,부싱 20mm,B,B-03-04,입고STATION,B-03-04,791.91,일반,9.0,8.6,3.9,0
42,INBOUND,T-0169,푸시버튼,F,F-01-01,입고STATION,F-01-01,815.37,일반,11.2,8.2,3.6,0
43,OUTBOUND,T-0141,절연테이프,J,J-02-03,J-02-03,출고STATION,837.99,일반,11.2,8.6,0.0,0
44,INBOUND,T-0170,튜브 연결구,I,I-06-04,입고STATION,I-06-04,861.07,일반,7.4,11.2,3.9,0
45,INBOUND,T-0171,원터치 피팅,I,I-03-04,입고STATION,I-03-04,882.20,일반,11.4,9.9,5.4,0
46,OUTBOUND,T-0159,광 센서,E,E-01-01,E-01-01,출고STATION,903.29,일반,11.0,8.8,0.0,0
47,INBOUND,T-0172,온도 센서,E,E-03-04,입고STATION,E-03-04,920.10,일반,9.7,12.5,5.8,0
48,INBOUND,T-0173,전선 2.5sq,C,C-05-02,입고STATION,C-05-02,938.61,일반,12.1,10.7,5.7,0
49,OUTBOUND,T-0092,PCB 보드,G,G-03-01,G-03-01,출고STATION,959.27,일반,10.5,8.3,0.0,0
50,INBOUND,T-0174,볼트 M8,A,A-03-04,입고STATION,A-03-04,975.69,일반,10.8,11.9,5.3,0
51,INBOUND,T-0175,터미널 블록,D,D-01-01,입고STATION,D-01-01,998.15,일반,7.6,12.3,5.6,0
52,OUTBOUND,T-0077,토글스위치,F,F-03-01,F-03-01,출고STATION,1017.35,일반,12.4,8.4,0.0,0
53,INBOUND,T-0176,토글스위치,F,F-06-05,입고STATION,F-06-05,1036.05,일반,10.7,11.4,5.0,0
54,INBOUND,T-0177,너트 M8,A,A-03-05,입고STATION,A-03-05,1057.01,일반,9.9,9.8,4.4,0
55,INBOUND,T-0178,케이블타이,J,J-02-02,입고STATION,J-02-02,1073.58,일반,9.7,8.6,3.9,0
56,OUTBOUND,T-0068,근접 센서,E,E-04-03,E-04-03,출고STATION,1095.32,일반,9.1,9.2,0.0,0
57,OUTBOUND,T-0156,퓨즈 5A,H,H-05-05,H-05-05,출고STATION,1116.94,일반,11.2,9.7,0.0,0
58,OUTBOUND,T-0060,소켓 16P,D,D-06-05,D-06-05,출고STATION,1136.09,일반,11.8,8.4,0.0,0
59,INBOUND,T-0179,리미트스위치,F,F-01-02,입고STATION,F-01-02,1156.21,일반,9.2,13.0,4.2,0
60,OUTBOUND,T-0144,케이블타이,J,J-06-03,J-06-03,출고STATION,1172.32,일반,10.2,7.3,0.0,0
61,OUTBOUND,T-0061,근접 센서,E,E-02-01,E-02-01,출고STATION,1192.59,일반,12.3,11.7,0.0,0
62,INBOUND,T-0180,케이블타이,J,J-05-05,입고STATION,J-05-05,1209.79,일반,8.1,12.6,5.3,0
63,OUTBOUND,T-0065,온도 센서,E,E-05-02,E-05-02,출고STATION,1224.87,일반,12.4,8.6,0.0,0
64,INBOUND,T-0181,온도 센서,E,E-06-04,입고STATION,E-06-04,1247.54,일반,12.5,8.1,4.3,0
65,INBOUND,T-0182,나사 M4,A,A-05-01,입고STATION,A-05-01,1265.82,일반,12.0,10.1,3.9,0
66,OUTBOUND,T-0173,전선 2.5sq,C,C-05-02,C-05-02,출고STATION,1288.29,일반,8.9,11.5,0.0,0
67,INBOUND,T-0183,소켓 16P,D,D-06-02,입고STATION,D-06-02,1307.10,일반,7.9,11.2,4.7,0
68,INBOUND,T-0184,푸시버튼,F,F-04-03,입고STATION,F-04-03,1327.68,일반,9.6,9.8,4.9,0
69,INBOUND,T-0185,나사 M4,A,A-06-01,입고STATION,A-06-01,1346.65,일반,7.6,11.1,5.0,0
70,INBOUND,T-0186,부싱 20mm,B,B-01-02,입고STATION,B-01-02,1361.84,일반,8.7,11.0,4.1,0
71,INBOUND,T-0187,절연테이프,J,J-03-04,입고STATION,J-03-04,1382.60,일반,11.1,10.3,4.9,0
72,INBOUND,T-0188,PCB 보드,G,G-06-05,입고STATION,G-06-05,1404.69,일반,9.2,7.5,4.5,0
73,INBOUND,T-0189,와셔 8mm,A,A-01-01,입고STATION,A-01-01,1420.85,일반,12.3,12.0,4.1,0
74,INBOUND,T-0190,절연테이프,J,J-03-01,입고STATION,J-03-01,1437.56,일반,8.2,12.1,4.7,0
75,OUTBOUND,T-0078,리미트스위치,F,F-04-01,F-04-01,출고STATION,1460.88,일반,10.8,7.5,0.0,0
76,OUTBOUND,T-0022,베어링 6204,B,B-03-03,B-03-03,출고STATION,1480.25,일반,12.6,10.7,0.0,0
77,OUTBOUND,T-0103,릴레이 24V,G,G-02-05,G-02-05,출고STATION,1499.61,일반,11.6,7.2,0.0,0
78,OUTBOUND,T-0075,광 센서,E,E-04-05,E-04-05,출고STATION,1515.39,일반,8.8,7.4,0.0,0
79,INBOUND,T-0191,푸시버튼,F,F-05-02,입고STATION,F-05-02,1533.79,일반,11.0,11.8,5.5,0
80,OUTBOUND,T-0024,부싱 20mm,B,B-05-03,B-05-03,출고STATION,1549.55,일반,8.7,10.6,0.0,0
81,OUTBOUND,T-0086,리미트스위치,F,F-04-04,F-04-04,출고STATION,1569.65,일반,10.8,8.9,0.0,0
82,OUTBOUND,T-0037,제어 케이블,C,C-03-03,C-03-03,출고STATION,1591.93,일반,9.5,10.8,0.0,0
83,INBOUND,T-0192,근접 센서,E,E-06-01,입고STATION,E-06-01,1607.96,일반,11.0,9.8,5.3,0
84,OUTBOUND,T-0033,제어 케이블,C,C-01-02,C-01-02,출고STATION,1624.69,일반,9.6,12.0,0.0,0
85,INBOUND,T-0193,전원공급장치 150W,H,H-03-05,입고STATION,H-03-05,1641.46,일반,7.1,11.9,4.0,0
86,OUTBOUND,T-0180,케이블타이,J,J-05-05,J-05-05,출고STATION,1664.01,일반,10.5,11.6,0.0,0
87,OUTBOUND,T-0147,클립,J,J-04-04,J-04-04,출고STATION,1685.82,일반,9.7,9.8,0.0,0
88,INBOUND,T-0194,절연테이프,J,J-02-05,입고STATION,J-02-05,1707.17,일반,10.8,8.5,5.6,0
89,OUTBOUND,T-0080,푸시버튼,F,F-04-02,F-04-02,출고STATION,1730.81,일반,10.1,8.4,0.0,0
90,INBOUND,T-0195,전원공급장치 150W,H,H-05-04,입고STATION,H-05-04,1750.21,일반,7.1,8.9,3.8,0
91,OUTBOUND,T-0072,광 센서,E,E-01-05,E-01-05,출고STATION,1771.52,일반,7.1,10.1,0.0,0
92,INBOUND,T-0196,원터치 피팅,I,I-04-02,입고STATION,I-04-02,1787.09,일반,7.7,9.6,5.5,0
93,INBOUND,T-0197,어댑터 24V,H,H-06-04,입고STATION,H-06-04,1805.19,일반,10.9,10.3,6.3,0
94,OUTBOUND,T-0192,근접 센서,E,E-06-01,E-06-01,출고STATION,1820.76,일반,12.9,9.1,0.0,0
95,INBOUND,T-0198,소형 롤러,B,B-06-04,입고STATION,B-06-04,1842.21,일반,8.9,8.7,4.8,0
96,OUTBOUND,T-0102,릴레이 24V,G,G-06-04,G-06-04,출고STATION,1863.15,일반,11.3,7.5,0.0,0
97,INBOUND,T-0199,나사 M4,A,A-02-05,입고STATION,A-02-05,1883.95,일반,7.4,9.6,4.3,0
98,OUTBOUND,T-0148,클립,J,J-05-04,J-05-04,출고STATION,1908.04,일반,8.8,9.1,0.0,0
99,INBOUND,T-0200,절연테이프,J,J-01-01,입고STATION,J-01-01,1924.92,일반,7.7,10.9,4.4,0
100,OUTBOUND,T-0011,와셔 8mm,A,A-04-04,A-04-04,출고STATION,1944.94,일반,8.9,9.1,0.0,0
101,OUTBOUND,T-0088,푸시버튼,F,F-02-05,F-02-05,출고STATION,1960.97,일반,8.3,7.7,0.0,0
102,INBOUND,T-0201,전선 2.5sq,C,C-06-04,입고STATION,C-06-04,1976.81,일반,10.4,8.7,3.8,0
103,OUTBOUND,T-0197,어댑터 24V,H,H-06-04,H-06-04,출고STATION,1994.29,일반,12.8,12.4,0.0,0
104,OUTBOUND,T-0178,케이블타이,J,J-02-02,J-02-02,출고STATION,2014.53,일반,9.6,8.0,0.0,0
105,OUTBOUND,T-0172,온도 센서,E,E-03-04,E-03-04,출고STATION,2033.17,일반,11.3,8.6,0.0,0
106,OUTBOUND,T-0087,푸시버튼,F,F-01-05,F-01-05,출고STATION,2052.26,일반,7.6,8.9,0.0,0
107,OUTBOUND,T-0076,푸시버튼,F,F-02-01,F-02-01,출고STATION,2073.24,일반,11.8,10.7,0.0,0
108,OUTBOUND,T-0130,원터치 피팅,I,I-05-04,I-05-04,출고STATION,2091.54,일반,9.6,10.3,0.0,0
109,INBOUND,T-0202,케이블타이,J,J-04-05,입고STATION,J-04-05,2109.38,일반,8.5,12.0,5.9,0
110,OUTBOUND,T-0149,절연테이프,J,J-06-04,J-06-04,출고STATION,2127.71,일반,9.4,12.6,0.0,0
111,OUTBOUND,T-0164,푸시버튼,F,F-01-03,F-01-03,출고STATION,2144.12,일반,11.6,8.0,0.0,0
112,INBOUND,T-0203,릴레이 24V,G,G-04-01,입고STATION,G-04-01,2168.80,일반,9.1,10.7,4.5,0
113,INBOUND,T-0204,부싱 20mm,B,B-04-02,입고STATION,B-04-02,2189.75,일반,10.1,12.5,5.2,0
114,INBOUND,T-0205,푸시버튼,F,F-03-02,입고STATION,F-03-02,2210.34,일반,10.8,10.3,4.4,0
115,INBOUND,T-0206,원터치 피팅,I,I-04-03,입고STATION,I-04-03,2232.04,일반,7.1,12.9,6.1,0
116,OUTBOUND,T-0104,PCB 보드,G,G-03-05,G-03-05,출고STATION,2253.50,일반,11.3,7.8,0.0,0
117,INBOUND,T-0207,리미트스위치,F,F-06-02,입고STATION,F-06-02,2272.12,일반,9.7,11.5,4.3,0
118,OUTBOUND,T-0050,커넥터 8P,D,D-04-02,D-04-02,출고STATION,2288.92,일반,7.2,11.8,0.0,0
119,INBOUND,T-0208,어댑터 24V,H,H-01-01,입고STATION,H-01-01,2313.40,일반,8.0,9.6,5.0,0
120,INBOUND,T-0209,전선 2.5sq,C,C-02-04,입고STATION,C-02-04,2330.67,일반,8.0,9.3,5.1,0
121,OUTBOUND,T-0018,소형 롤러,B,B-03-01,B-03-01,출고STATION,2346.44,일반,7.8,11.9,0.0,0
122,INBOUND,T-0210,케이블타이,J,J-03-05,입고STATION,J-03-05,2368.06,일반,12.9,9.2,4.8,0
123,OUTBOUND,T-0036,제어 케이블,C,C-02-03,C-02-03,출고STATION,2389.03,일반,7.5,12.6,0.0,0
124,INBOUND,T-0211,케이블타이,J,J-05-02,입고STATION,J-05-02,2405.84,일반,11.5,7.9,5.0,0
125,OUTBOUND,T-0174,볼트 M8,A,A-03-04,A-03-04,출고STATION,2428.05,일반,8.6,9.4,0.0,0
126,INBOUND,T-0212,터미널 블록,D,D-02-01,입고STATION,D-02-01,2446.69,일반,9.7,11.2,6.5,0
127,OUTBOUND,T-0113,퓨즈 5A,H,H-06-02,H-06-02,출고STATION,2467.80,일반,11.8,12.7,0.0,0
128,OUTBOUND,T-0073,근접 센서,E,E-02-05,E-02-05,출고STATION,2488.14,일반,9.1,12.0,0.0,0
129,OUTBOUND,T-0049,커넥터 8P,D,D-03-02,D-03-02,출고STATION,2512.18,일반,7.1,11.9,0.0,0
130,OUTBOUND,T-0202,케이블타이,J,J-04-05,J-04-05,출고STATION,2533.96,일반,12.4,9.0,0.0,0
131,OUTBOUND,T-0181,온도 센서,E,E-06-04,E-06-04,출고STATION,2553.58,일반,12.0,9.7,0.0,0
132,OUTBOUND,T-0163,PCB 보드,G,G-05-01,G-05-01,출고STATION,2573.61,일반,9.3,12.5,0.0,0
133,OUTBOUND,T-0138,절연테이프,J,J-03-02,J-03-02,출고STATION,2596.78,일반,8.5,9.6,0.0,0
134,INBOUND,T-0213,나사 M4,A,A-04-01,입고STATION,A-04-01,2620.51,일반,9.3,9.0,5.4,0
135,OUTBOUND,T-0124,솔레노이드 밸브,I,I-03-02,I-03-02,출고STATION,2644.25,일반,9.9,7.5,0.0,0
136,OUTBOUND,T-0196,원터치 피팅,I,I-04-02,I-04-02,출고STATION,2666.36,일반,7.7,9.9,0.0,0
137,INBOUND,T-0214,제어 케이블,C,C-06-01,입고STATION,C-06-01,2684.21,일반,9.3,7.2,6.5,0
138,INBOUND,T-0215,원터치 피팅,I,I-01-02,입고STATION,I-01-02,2703.71,일반,7.1,10.5,3.6,0
139,INBOUND,T-0216,베어링 6204,B,B-04-01,입고STATION,B-04-01,2727.02,일반,12.5,7.3,4.9,0
140,OUTBOUND,T-0169,푸시버튼,F,F-01-01,F-01-01,출고STATION,2750.18,일반,8.4,7.8,0.0,0
141,OUTBOUND,T-0098,PCB 보드,G,G-03-03,G-03-03,출고STATION,2769.33,일반,11.2,11.6,0.0,0
142,OUTBOUND,T-0168,부싱 20mm,B,B-03-04,B-03-04,출고STATION,2786.69,일반,9.1,12.9,0.0,0
143,OUTBOUND,T-0079,푸시버튼,F,F-02-02,F-02-02,출고STATION,2803.93,일반,11.8,11.8,0.0,0
144,INBOUND,T-0217,푸시버튼,F,F-05-01,입고STATION,F-05-01,2827.33,일반,11.7,9.0,6.2,0
145,OUTBOUND,T-0074,온도 센서,E,E-03-05,E-03-05,출고STATION,2843.70,일반,10.7,12.0,0.0,0
146,INBOUND,T-0218,통신 케이블,C,C-04-01,입고STATION,C-04-01,2863.43,일반,12.2,9.1,4.6,0
147,INBOUND,T-0219,케이블타이,J,J-02-01,입고STATION,J-02-01,2883.12,일반,9.6,8.9,5.9,0
148,INBOUND,T-0220,와셔 8mm,A,A-01-04,입고STATION,A-01-04,2907.18,일반,9.5,10.4,3.8,0
149,INBOUND,T-0221,통신 케이블,C,C-04-02,입고STATION,C-04-02,2924.33,일반,10.7,7.3,3.8,0
150,OUTBOUND,T-0158,케이블타이,J,J-05-03,J-05-03,출고STATION,2948.74,일반,9.6,11.8,0.0,0
151,OUTBOUND,T-0063,광 센서,E,E-01-02,E-01-02,출고STATION,2967.97,일반,11.4,11.4,0.0,0
152,OUTBOUND,T-0005,와셔 8mm,A,A-03-02,A-03-02,출고STATION,2985.98,일반,7.5,9.1,0.0,0
153,INBOUND,T-0222,절연테이프,J,J-06-01,입고STATION,J-06-01,3005.18,일반,7.2,8.4,3.5,0
154,OUTBOUND,T-0208,어댑터 24V,H,H-01-01,H-01-01,출고STATION,3020.81,일반,8.9,9.9,0.0,0
155,OUTBOUND,T-0222,절연테이프,J,J-06-01,J-06-01,출고STATION,3042.13,일반,10.3,7.7,0.0,0
156,INBOUND,T-0223,온도 센서,E,E-04-04,입고STATION,E-04-04,3064.31,일반,12.0,9.5,6.2,0
157,INBOUND,T-0224,푸시버튼,F,F-03-05,입고STATION,F-03-05,3079.33,일반,10.4,10.8,4.8,0
158,INBOUND,T-0225,통신 케이블,C,C-02-05,입고STATION,C-02-05,3100.03,일반,12.4,8.4,6.1,0
159,OUTBOUND,T-0161,튜브 연결구,I,I-04-04,I-04-04,출고STATION,3121.72,일반,10.3,10.7,0.0,0
160,OUTBOUND,T-0121,원터치 피팅,I,I-01-01,I-01-01,출고STATION,3137.39,일반,12.9,12.1,0.0,0
161,OUTBOUND,T-0107,전원공급장치 150W,H,H-04-01,H-04-01,출고STATION,3156.30,일반,9.0,12.3,0.0,0
162,INBOUND,T-0226,리미트스위치,F,F-05-04,입고STATION,F-05-04,3177.65,일반,9.2,7.8,5.1,0
163,OUTBOUND,T-0090,리미트스위치,F,F-05-05,F-05-05,출고STATION,3200.13,일반,9.7,10.6,0.0,0
164,INBOUND,T-0227,소켓 16P,D,D-04-01,입고STATION,D-04-01,3215.80,일반,10.4,11.1,5.2,1
165,OUTBOUND,T-0198,소형 롤러,B,B-06-04,B-06-04,출고STATION,3237.37,일반,10.4,12.5,0.0,0
166,OUTBOUND,T-0205,푸시버튼,F,F-03-02,F-03-02,출고STATION,3258.19,일반,10.1,9.3,0.0,0
167,INBOUND,T-0228,솔레노이드 밸브,I,I-05-05,입고STATION,I-05-05,3273.64,일반,9.7,12.8,4.0,0
168,OUTBOUND,T-0154,제어 케이블,C,C-06-05,C-06-05,출고STATION,3296.77,일반,10.1,7.5,0.0,0
169,INBOUND,T-0229,퓨즈 5A,H,H-05-02,입고STATION,H-05-02,3316.42,일반,8.6,7.5,3.8,0
170,INBOUND,T-0230,전선 2.5sq,C,C-03-01,입고STATION,C-03-01,3333.24,일반,8.9,11.0,5.0,0
171,OUTBOUND,T-0109,어댑터 24V,H,H-01-02,H-01-02,출고STATION,3355.40,일반,9.7,7.2,0.0,0
172,INBOUND,T-0231,너트 M8,A,A-05-03,입고STATION,A-05-03,3373.33,일반,7.7,11.9,5.6,0
173,INBOUND,T-0232,리미트스위치,F,F-06-01,입고STATION,F-06-01,3397.19,일반,11.1,8.4,5.2,0
174,INBOUND,T-0233,솔레노이드 밸브,I,I-05-03,입고STATION,I-05-03,3417.35,일반,8.7,9.5,5.9,0
175,OUTBOUND,T-0047,소켓 16P,D,D-01-02,D-01-02,출고STATION,3434.88,일반,7.2,12.4,0.0,0
176,OUTBOUND,T-0015,와셔 8mm,A,A-05-05,A-05-05,출고STATION,3453.45,일반,10.6,12.8,0.0,0
177,OUTBOUND,T-0027,부싱 20mm,B,B-01-05,B-01-05,출고STATION,3471.77,일반,8.6,9.0,0.0,0
178,INBOUND,T-0234,컨트롤 모듈,G,G-01-02,입고STATION,G-01-02,3490.45,일반,10.0,7.1,5.9,0
179,OUTBOUND,T-0095,컨트롤 모듈,G,G-03-02,G-03-02,출고STATION,3509.85,일반,8.3,9.4,0.0,0
180,OUTBOUND,T-0195,전원공급장치 150W,H,H-05-04,H-05-04,출고STATION,3534.58,일반,11.2,9.5,0.0,0
181,INBOUND,T-0235,솔레노이드 밸브,I,I-02-01,입고STATION,I-02-01,3554.56,일반,12.7,8.6,3.9,0
182,INBOUND,T-0236,릴레이 24V,G,G-05-03,입고STATION,G-05-03,3577.57,일반,7.4,9.5,4.1,0
183,INBOUND,T-0237,통신 케이블,C,C-01-04,입고STATION,C-01-04,3596.88,일반,9.4,12.0,5.3,0
184,INBOUND,T-0238,베어링 6204,B,B-06-03,입고STATION,B-06-03,3614.81,일반,11.0,11.7,5.7,0
185,INBOUND,T-0239,온도 센서,E,E-06-05,입고STATION,E-06-05,3633.09,일반,9.3,8.1,4.2,0
186,INBOUND,T-0240,릴레이 24V,G,G-04-03,입고STATION,G-04-03,3652.55,일반,7.7,11.6,3.6,0
187,OUTBOUND,T-0083,리미트스위치,F,F-06-03,F-06-03,출고STATION,3674.45,일반,11.4,11.4,0.0,0
188,OUTBOUND,T-0224,푸시버튼,F,F-03-05,F-03-05,출고STATION,3689.87,일반,9.2,11.1,0.0,0
189,OUTBOUND,T-0223,온도 센서,E,E-04-04,E-04-04,출고STATION,3714.85,일반,8.4,7.7,0.0,0
190,INBOUND,T-0241,볼트 M8,A,A-06-05,입고STATION,A-06-05,3739.65,일반,8.8,11.7,4.2,0
191,INBOUND,T-0242,PCB 보드,G,G-04-05,입고STATION,G-04-05,3761.37,일반,10.9,12.7,4.3,0
192,INBOUND,T-0243,전선 2.5sq,C,C-02-02,입고STATION,C-02-02,3781.50,일반,11.7,7.3,4.3,0
193,INBOUND,T-0244,클립,J,J-01-02,입고STATION,J-01-02,3797.93,일반,9.0,10.5,6.4,0
194,INBOUND,T-0245,너트 M8,A,A-06-03,입고STATION,A-06-03,3820.74,일반,8.9,10.5,5.0,0
195,INBOUND,T-0246,리미트스위치,F,F-06-04,입고STATION,F-06-04,3836.41,일반,8.7,10.0,5.0,0
196,OUTBOUND,T-0200,절연테이프,J,J-01-01,J-01-01,출고STATION,3855.24,일반,8.8,12.9,0.0,0
197,OUTBOUND,T-0114,전원공급장치 150W,H,H-03-03,H-03-03,출고STATION,3876.29,일반,8.8,7.8,0.0,0
198,INBOUND,T-0247,소형 롤러,B,B-04-05,입고STATION,B-04-05,3895.01,일반,9.1,9.9,4.8,0
199,INBOUND,T-0248,리미트스위치,F,F-01-04,입고STATION,F-01-04,3911.39,일반,11.3,7.1,3.9,0
200,INBOUND,T-0249,근접 센서,E,E-05-03,입고STATION,E-05-03,3929.53,일반,10.0,11.5,5.8,0
201,OUTBOUND,T-0053,터미널 블록,D,D-03-03,D-03-03,출고STATION,3936.37,PEAK,10.8,8.8,0.0,0
202,INBOUND,T-0250,와셔 8mm,A,A-05-02,입고STATION,A-05-02,3941.44,PEAK,12.0,11.4,3.6,0
203,INBOUND,T-0251,소형 롤러,B,B-05-02,입고STATION,B-05-02,3947.54,PEAK,10.5,12.4,3.7,1
204,INBOUND,T-0252,푸시버튼,F,F-05-03,입고STATION,F-05-03,3951.69,PEAK,8.8,12.9,4.5,0
205,OUTBOUND,T-0179,리미트스위치,F,F-01-02,F-01-02,출고STATION,3955.18,PEAK,8.3,10.0,0.0,0
206,INBOUND,T-0253,통신 케이블,C,C-05-01,입고STATION,C-05-01,3961.77,PEAK,8.9,7.5,5.3,0
207,OUTBOUND,T-0140,절연테이프,J,J-01-03,J-01-03,출고STATION,3968.64,PEAK,7.2,7.9,0.0,0
208,INBOUND,T-0254,전원공급장치 150W,H,H-03-01,입고STATION,H-03-01,3974.48,PEAK,8.0,12.8,5.6,0
209,OUTBOUND,T-0194,절연테이프,J,J-02-05,J-02-05,출고STATION,3980.89,PEAK,11.1,8.9,0.0,0
210,INBOUND,T-0255,커넥터 8P,D,D-04-05,입고STATION,D-04-05,3984.58,PEAK,7.1,7.9,4.6,0
211,OUTBOUND,T-0165,부싱 20mm,B,B-05-05,B-05-05,출고STATION,3991.52,PEAK,11.5,12.6,0.0,0
212,OUTBOUND,T-0115,어댑터 24V,H,H-01-04,H-01-04,출고STATION,3994.63,PEAK,10.6,11.3,0.0,0
213,OUTBOUND,T-0230,전선 2.5sq,C,C-03-01,C-03-01,출고STATION,4000.84,PEAK,12.6,10.8,0.0,0
214,INBOUND,T-0256,절연테이프,J,J-04-02,입고STATION,J-04-02,4005.08,PEAK,12.0,12.2,5.1,0
215,OUTBOUND,T-0203,릴레이 24V,G,G-04-01,G-04-01,출고STATION,4010.18,PEAK,12.8,8.7,0.0,0
216,OUTBOUND,T-0209,전선 2.5sq,C,C-02-04,C-02-04,출고STATION,4013.68,PEAK,13.0,10.1,0.0,0
217,OUTBOUND,T-0056,커넥터 8P,D,D-06-03,D-06-03,출고STATION,4018.55,PEAK,9.3,7.0,0.0,0
218,OUTBOUND,T-0052,터미널 블록,D,D-02-03,D-02-03,출고STATION,4024.11,PEAK,11.8,9.6,0.0,0
219,OUTBOUND,T-0010,와셔 8mm,A,A-02-04,A-02-04,출고STATION,4029.12,PEAK,7.5,7.3,0.0,0
220,INBOUND,T-0257,퓨즈 5A,H,H-02-03,입고STATION,H-02-03,4032.73,PEAK,10.7,11.8,6.0,0
221,INBOUND,T-0258,PCB 보드,G,G-02-04,입고STATION,G-02-04,4036.63,PEAK,10.3,8.0,4.4,0
222,INBOUND,T-0259,어댑터 24V,H,H-01-05,입고STATION,H-01-05,4043.02,PEAK,10.1,8.9,3.8,0
223,INBOUND,T-0260,너트 M8,A,A-01-03,입고STATION,A-01-03,4048.52,PEAK,12.1,10.3,6.2,0
224,INBOUND,T-0261,소켓 16P,D,D-06-01,입고STATION,D-06-01,4053.88,PEAK,8.0,11.8,5.1,0
225,OUTBOUND,T-0239,온도 센서,E,E-06-05,E-06-05,출고STATION,4059.38,PEAK,7.6,12.0,0.0,0
226,INBOUND,T-0262,전선 2.5sq,C,C-05-02,입고STATION,C-05-02,4066.08,PEAK,12.9,8.4,4.3,0
227,OUTBOUND,T-0240,릴레이 24V,G,G-04-03,G-04-03,출고STATION,4069.26,PEAK,11.2,12.6,0.0,0
228,INBOUND,T-0263,토글스위치,F,F-02-04,입고STATION,F-02-04,4074.86,PEAK,7.6,11.9,4.6,0
229,OUTBOUND,T-0118,퓨즈 5A,H,H-04-04,H-04-04,출고STATION,4080.42,PEAK,8.8,9.1,0.0,0
230,OUTBOUND,T-0128,솔레노이드 밸브,I,I-06-03,I-06-03,출고STATION,4087.25,PEAK,12.9,12.1,0.0,0
231,INBOUND,T-0264,부싱 20mm,B,B-02-03,입고STATION,B-02-03,4092.06,PEAK,9.7,7.2,5.1,0
232,OUTBOUND,T-0117,어댑터 24V,H,H-03-04,H-03-04,출고STATION,4096.72,PEAK,11.9,7.9,0.0,0
233,OUTBOUND,T-0070,온도 센서,E,E-02-04,E-02-04,출고STATION,4100.30,PEAK,11.5,12.9,0.0,0
234,INBOUND,T-0265,원터치 피팅,I,I-06-01,입고STATION,I-06-01,4107.25,PEAK,9.0,11.1,6.4,0
235,OUTBOUND,T-0035,전선 2.5sq,C,C-01-03,C-01-03,출고STATION,4113.29,PEAK,8.2,7.8,0.0,0
236,INBOUND,T-0266,원터치 피팅,I,I-05-01,입고STATION,I-05-01,4117.26,PEAK,12.0,9.0,6.0,0
237,OUTBOUND,T-0170,튜브 연결구,I,I-06-04,I-06-04,출고STATION,4120.82,PEAK,7.5,8.3,0.0,0
238,OUTBOUND,T-0023,부싱 20mm,B,B-04-03,B-04-03,출고STATION,4124.81,PEAK,10.6,7.4,0.0,0
239,OUTBOUND,T-0155,부싱 20mm,B,B-02-04,B-02-04,출고STATION,4131.55,PEAK,12.3,9.7,0.0,0
240,INBOUND,T-0267,리미트스위치,F,F-03-03,입고STATION,F-03-03,4135.19,PEAK,12.3,8.2,4.3,0
241,OUTBOUND,T-0040,전선 2.5sq,C,C-06-03,C-06-03,출고STATION,4141.70,PEAK,8.5,11.6,0.0,0
242,OUTBOUND,T-0264,부싱 20mm,B,B-02-03,B-02-03,출고STATION,4146.73,PEAK,8.2,9.6,0.0,0
243,OUTBOUND,T-0134,솔레노이드 밸브,I,I-04-05,I-04-05,출고STATION,4151.14,PEAK,8.7,7.5,0.0,0
244,OUTBOUND,T-0151,전선 2.5sq,C,C-03-04,C-03-04,출고STATION,4155.28,PEAK,12.0,8.8,0.0,0
245,INBOUND,T-0268,전원공급장치 150W,H,H-05-03,입고STATION,H-05-03,4158.82,PEAK,11.6,11.1,4.8,0
246,INBOUND,T-0269,터미널 블록,D,D-06-04,입고STATION,D-06-04,4163.28,PEAK,9.8,12.1,5.3,0
247,INBOUND,T-0270,튜브 연결구,I,I-05-02,입고STATION,I-05-02,4168.49,PEAK,9.0,11.4,6.2,0
248,INBOUND,T-0271,클립,J,J-04-01,입고STATION,J-04-01,4172.61,PEAK,9.6,8.4,5.2,0
249,INBOUND,T-0272,리미트스위치,F,F-03-01,입고STATION,F-03-01,4176.09,PEAK,11.6,12.3,6.0,0
250,INBOUND,T-0273,어댑터 24V,H,H-04-05,입고STATION,H-04-05,4182.27,PEAK,10.1,7.6,5.9,0
251,INBOUND,T-0274,전선 2.5sq,C,C-03-03,입고STATION,C-03-03,4186.06,PEAK,7.6,11.0,5.6,0
252,INBOUND,T-0275,토글스위치,F,F-04-01,입고STATION,F-04-01,4189.22,PEAK,8.6,11.4,4.8,0
253,INBOUND,T-0276,릴레이 24V,G,G-02-03,입고STATION,G-02-03,4194.05,PEAK,11.4,11.0,4.6,0
254,INBOUND,T-0277,부싱 20mm,B,B-05-04,입고STATION,B-05-04,4198.36,PEAK,7.8,11.8,4.2,0
255,INBOUND,T-0278,광 센서,E,E-05-05,입고STATION,E-05-05,4205.32,PEAK,11.7,9.3,5.4,0
256,OUTBOUND,T-0101,PCB 보드,G,G-04-04,G-04-04,출고STATION,4209.67,PEAK,10.0,10.7,0.0,0
257,INBOUND,T-0279,제어 케이블,C,C-01-02,입고STATION,C-01-02,4215.50,PEAK,7.5,10.0,5.1,0
258,OUTBOUND,T-0127,튜브 연결구,I,I-03-03,I-03-03,출고STATION,4219.83,PEAK,7.0,12.9,0.0,0
259,OUTBOUND,T-0187,절연테이프,J,J-03-04,J-03-04,출고STATION,4226.01,PEAK,7.7,7.6,0.0,0
260,INBOUND,T-0280,소켓 16P,D,D-05-02,입고STATION,D-05-02,4229.12,PEAK,12.3,12.0,5.0,0
261,OUTBOUND,T-0265,원터치 피팅,I,I-06-01,I-06-01,출고STATION,4232.32,PEAK,11.1,11.4,0.0,0
262,OUTBOUND,T-0243,전선 2.5sq,C,C-02-02,C-02-02,출고STATION,4238.61,PEAK,9.2,10.0,0.0,0
263,OUTBOUND,T-0280,소켓 16P,D,D-05-02,D-05-02,출고STATION,4241.69,PEAK,11.5,12.0,0.0,0
264,INBOUND,T-0281,튜브 연결구,I,I-02-04,입고STATION,I-02-04,4247.45,PEAK,11.1,11.6,5.4,0
265,INBOUND,T-0282,릴레이 24V,G,G-02-01,입고STATION,G-02-01,4253.36,PEAK,8.8,9.1,4.2,1
266,OUTBOUND,T-0176,토글스위치,F,F-06-05,F-06-05,출고STATION,4258.60,PEAK,7.4,7.4,0.0,0
267,INBOUND,T-0283,토글스위치,F,F-04-04,입고STATION,F-04-04,4263.11,PEAK,10.2,12.6,4.9,0
268,OUTBOUND,T-0116,어댑터 24V,H,H-02-04,H-02-04,출고STATION,4267.48,PEAK,11.4,7.3,0.0,0
269,OUTBOUND,T-0249,근접 센서,E,E-05-03,E-05-03,출고STATION,4272.42,PEAK,7.5,7.5,0.0,0
270,OUTBOUND,T-0066,근접 센서,E,E-01-03,E-01-03,출고STATION,4276.61,PEAK,12.3,11.6,0.0,0
271,INBOUND,T-0284,리미트스위치,F,F-04-02,입고STATION,F-04-02,4282.43,PEAK,8.7,9.2,4.2,0
272,INBOUND,T-0285,전원공급장치 150W,H,H-06-01,입고STATION,H-06-01,4287.35,PEAK,9.3,11.7,6.4,0
273,INBOUND,T-0286,리미트스위치,F,F-02-05,입고STATION,F-02-05,4290.84,PEAK,11.1,8.2,6.4,0
274,INBOUND,T-0287,부싱 20mm,B,B-01-03,입고STATION,B-01-03,4297.11,PEAK,11.0,11.5,4.5,0
275,INBOUND,T-0288,와셔 8mm,A,A-06-04,입고STATION,A-06-04,4300.28,PEAK,10.9,7.1,6.2,0
276,INBOUND,T-0289,절연테이프,J,J-05-01,입고STATION,J-05-01,4306.97,PEAK,11.8,8.2,3.8,0
277,OUTBOUND,T-0067,온도 센서,E,E-02-03,E-02-03,출고STATION,4310.83,PEAK,12.4,11.2,0.0,0
278,INBOUND,T-0290,릴레이 24V,G,G-01-05,입고STATION,G-01-05,4314.38,PEAK,8.9,10.7,4.6,0
279,INBOUND,T-0291,릴레이 24V,G,G-05-04,입고STATION,G-05-04,4318.35,PEAK,9.8,10.4,5.5,0
280,INBOUND,T-0292,솔레노이드 밸브,I,I-02-02,입고STATION,I-02-02,4323.90,PEAK,8.9,9.9,5.7,0
281,INBOUND,T-0293,커넥터 8P,D,D-03-05,입고STATION,D-03-05,4329.77,PEAK,11.3,10.0,3.6,0
282,OUTBOUND,T-0021,부싱 20mm,B,B-03-02,B-03-02,출고STATION,4336.63,PEAK,10.0,10.3,0.0,0
283,INBOUND,T-0294,리미트스위치,F,F-01-05,입고STATION,F-01-05,4342.24,PEAK,9.8,9.5,5.1,0
284,INBOUND,T-0295,온도 센서,E,E-06-02,입고STATION,E-06-02,4347.84,PEAK,11.8,9.1,6.2,0
285,INBOUND,T-0296,통신 케이블,C,C-02-03,입고STATION,C-02-03,4351.98,PEAK,11.3,7.6,5.9,0
286,OUTBOUND,T-0279,제어 케이블,C,C-01-02,C-01-02,출고STATION,4357.28,PEAK,7.3,11.4,0.0,0
287,INBOUND,T-0297,나사 M4,A,A-03-01,입고STATION,A-03-01,4361.95,PEAK,9.1,8.7,3.5,0
288,INBOUND,T-0298,어댑터 24V,H,H-01-03,입고STATION,H-01-03,4368.10,PEAK,9.2,11.6,4.0,0
289,OUTBOUND,T-0274,전선 2.5sq,C,C-03-03,C-03-03,출고STATION,4371.14,PEAK,8.7,10.4,0.0,0
290,OUTBOUND,T-0291,릴레이 24V,G,G-05-04,G-05-04,출고STATION,4375.28,PEAK,9.3,10.8,0.0,0
291,OUTBOUND,T-0258,PCB 보드,G,G-02-04,G-02-04,출고STATION,4380.25,PEAK,8.8,9.3,0.0,0
292,INBOUND,T-0299,근접 센서,E,E-06-03,입고STATION,E-06-03,4384.35,PEAK,9.3,8.5,3.9,0
293,OUTBOUND,T-0271,클립,J,J-04-01,J-04-01,출고STATION,4390.27,PEAK,10.0,11.9,0.0,0
294,OUTBOUND,T-0229,퓨즈 5A,H,H-05-02,H-05-02,출고STATION,4393.33,PEAK,13.0,7.5,0.0,0
295,INBOUND,T-0300,리미트스위치,F,F-02-01,입고STATION,F-02-01,4397.03,PEAK,12.8,9.0,5.0,0
296,OUTBOUND,T-0167,통신 케이블,C,C-03-02,C-03-02,출고STATION,4402.09,PEAK,8.3,12.6,0.0,0
297,INBOUND,T-0301,커넥터 8P,D,D-02-04,입고STATION,D-02-04,4409.02,PEAK,10.0,10.3,4.7,0
298,INBOUND,T-0302,전원공급장치 150W,H,H-06-03,입고STATION,H-06-03,4413.06,PEAK,10.6,9.8,3.8,0
299,INBOUND,T-0303,와셔 8mm,A,A-04-04,입고STATION,A-04-04,4417.27,PEAK,11.0,8.9,5.7,0
300,OUTBOUND,T-0013,볼트 M8,A,A-01-05,A-01-05,출고STATION,4422.88,PEAK,7.5,7.8,0.0,0
301,INBOUND,T-0304,튜브 연결구,I,I-06-02,입고STATION,I-06-02,4426.35,PEAK,11.0,8.6,5.9,0
302,OUTBOUND,T-0160,클립,J,J-06-05,J-06-05,출고STATION,4431.36,PEAK,10.1,9.2,0.0,0
303,INBOUND,T-0305,전원공급장치 150W,H,H-05-01,입고STATION,H-05-01,4435.61,PEAK,9.3,10.5,4.5,0
304,INBOUND,T-0306,터미널 블록,D,D-01-05,입고STATION,D-01-05,4441.07,PEAK,9.6,8.2,5.4,0
305,INBOUND,T-0307,PCB 보드,G,G-05-02,입고STATION,G-05-02,4444.68,PEAK,7.5,11.0,5.7,0
306,OUTBOUND,T-0228,솔레노이드 밸브,I,I-05-05,I-05-05,출고STATION,4449.34,PEAK,10.7,11.1,0.0,0
307,INBOUND,T-0308,소형 롤러,B,B-06-02,입고STATION,B-06-02,4455.55,PEAK,11.5,7.3,4.1,0
308,OUTBOUND,T-0245,너트 M8,A,A-06-03,A-06-03,출고STATION,4461.57,PEAK,8.8,12.2,0.0,0
309,INBOUND,T-0309,볼트 M8,A,A-03-04,입고STATION,A-03-04,4466.36,PEAK,10.5,8.1,5.8,0
310,INBOUND,T-0310,소켓 16P,D,D-03-01,입고STATION,D-03-01,4469.60,PEAK,10.0,10.5,4.9,0
311,OUTBOUND,T-0266,원터치 피팅,I,I-05-01,I-05-01,출고STATION,4474.75,PEAK,7.8,11.1,0.0,0
312,OUTBOUND,T-0275,토글스위치,F,F-04-01,F-04-01,출고STATION,4480.47,PEAK,8.5,9.5,0.0,0
313,OUTBOUND,T-0201,전선 2.5sq,C,C-06-04,C-06-04,출고STATION,4487.07,PEAK,8.7,9.4,0.0,0
314,OUTBOUND,T-0045,통신 케이블,C,C-04-05,C-04-05,출고STATION,4490.60,PEAK,9.3,11.9,0.0,0
315,INBOUND,T-0311,케이블타이,J,J-01-04,입고STATION,J-01-04,4495.44,PEAK,11.5,10.1,4.6,0
316,OUTBOUND,T-0244,클립,J,J-01-02,J-01-02,출고STATION,4500.03,PEAK,12.3,8.1,0.0,0
317,OUTBOUND,T-0305,전원공급장치 150W,H,H-05-01,H-05-01,출고STATION,4505.34,PEAK,12.6,10.0,0.0,0
318,OUTBOUND,T-0225,통신 케이블,C,C-02-05,C-02-05,출고STATION,4510.51,PEAK,9.7,9.6,0.0,0
319,INBOUND,T-0312,소켓 16P,D,D-01-04,입고STATION,D-01-04,4513.63,PEAK,11.0,10.9,5.5,0
320,INBOUND,T-0313,리미트스위치,F,F-01-03,입고STATION,F-01-03,4520.55,PEAK,10.2,12.2,3.9,0
321,INBOUND,T-0314,솔레노이드 밸브,I,I-03-05,입고STATION,I-03-05,4527.52,PEAK,7.3,10.4,4.6,0
322,OUTBOUND,T-0093,컨트롤 모듈,G,G-06-01,G-06-01,출고STATION,4530.84,PEAK,12.9,11.3,0.0,0
323,OUTBOUND,T-0306,터미널 블록,D,D-01-05,D-01-05,출고STATION,4536.45,PEAK,8.0,7.1,0.0,0
324,INBOUND,T-0315,베어링 6204,B,B-03-05,입고STATION,B-03-05,4541.57,PEAK,11.7,8.1,4.2,0
325,OUTBOUND,T-0246,리미트스위치,F,F-06-04,F-06-04,출고STATION,4547.59,PEAK,9.6,9.1,0.0,0
326,INBOUND,T-0316,커넥터 8P,D,D-04-04,입고STATION,D-04-04,4552.29,PEAK,9.2,12.6,3.9,0
327,OUTBOUND,T-0227,소켓 16P,D,D-04-01,D-04-01,출고STATION,4557.13,PEAK,9.5,8.8,0.0,0
328,INBOUND,T-0317,릴레이 24V,G,G-01-04,입고STATION,G-01-04,4560.26,PEAK,8.3,9.7,5.6,0
329,OUTBOUND,T-0043,통신 케이블,C,C-01-05,C-01-05,출고STATION,4564.22,PEAK,9.4,10.2,0.0,0
330,INBOUND,T-0318,너트 M8,A,A-03-02,입고STATION,A-03-02,4569.62,PEAK,9.5,8.6,4.8,1
331,INBOUND,T-0319,소켓 16P,D,D-03-04,입고STATION,D-03-04,4575.58,PEAK,11.3,10.6,5.6,0
332,INBOUND,T-0320,너트 M8,A,A-05-05,입고STATION,A-05-05,4579.45,PEAK,11.0,12.4,5.4,0
333,OUTBOUND,T-0302,전원공급장치 150W,H,H-06-03,H-06-03,출고STATION,4584.46,PEAK,11.1,8.4,0.0,0
334,INBOUND,T-0321,클립,J,J-02-03,입고STATION,J-02-03,4588.41,PEAK,11.5,9.5,6.0,0
335,OUTBOUND,T-0221,통신 케이블,C,C-04-02,C-04-02,출고STATION,4592.29,PEAK,11.6,12.8,0.0,0
336,OUTBOUND,T-0122,튜브 연결구,I,I-03-01,I-03-01,출고STATION,4597.80,PEAK,7.4,9.4,0.0,0
337,INBOUND,T-0322,절연테이프,J,J-06-03,입고STATION,J-06-03,4604.69,PEAK,11.9,7.6,4.4,0
338,OUTBOUND,T-0131,튜브 연결구,I,I-01-05,I-01-05,출고STATION,4610.83,PEAK,9.6,10.6,0.0,0
339,INBOUND,T-0323,원터치 피팅,I,I-05-04,입고STATION,I-05-04,4614.43,PEAK,10.3,9.8,5.8,0
340,INBOUND,T-0324,터미널 블록,D,D-05-03,입고STATION,D-05-03,4620.82,PEAK,9.8,8.8,6.3,0
341,INBOUND,T-0325,튜브 연결구,I,I-03-02,입고STATION,I-03-02,4627.48,PEAK,9.0,12.3,4.1,0
342,INBOUND,T-0326,어댑터 24V,H,H-05-05,입고STATION,H-05-05,4632.60,PEAK,10.6,12.0,4.0,0
343,INBOUND,T-0327,솔레노이드 밸브,I,I-04-02,입고STATION,I-04-02,4636.92,PEAK,7.2,8.0,5.3,0
344,INBOUND,T-0328,베어링 6204,B,B-06-05,입고STATION,B-06-05,4640.29,PEAK,12.0,9.0,6.3,0
345,OUTBOUND,T-0091,컨트롤 모듈,G,G-01-01,G-01-01,출고STATION,4644.37,PEAK,9.5,11.7,0.0,0
346,OUTBOUND,T-0293,커넥터 8P,D,D-03-05,D-03-05,출고STATION,4650.86,PEAK,8.7,11.2,0.0,0
347,INBOUND,T-0329,근접 센서,E,E-04-02,입고STATION,E-04-02,4654.70,PEAK,8.8,10.4,5.8,0
348,INBOUND,T-0330,통신 케이블,C,C-06-05,입고STATION,C-06-05,4658.55,PEAK,8.6,9.7,4.2,0
349,OUTBOUND,T-0183,소켓 16P,D,D-06-02,D-06-02,출고STATION,4665.54,PEAK,8.6,11.8,0.0,0
350,OUTBOUND,T-0268,전원공급장치 150W,H,H-05-03,H-05-03,출고STATION,4670.13,PEAK,10.3,10.3,0.0,0
351,OUTBOUND,T-0111,전원공급장치 150W,H,H-03-02,H-03-02,출고STATION,4674.65,PEAK,12.9,9.9,0.0,0
352,OUTBOUND,T-0171,원터치 피팅,I,I-03-04,I-03-04,출고STATION,4678.70,PEAK,12.6,12.0,0.0,0
353,OUTBOUND,T-0184,푸시버튼,F,F-04-03,F-04-03,출고STATION,4682.09,PEAK,10.5,10.3,0.0,0
354,INBOUND,T-0331,원터치 피팅,I,I-04-04,입고STATION,I-04-04,4688.75,PEAK,10.5,9.4,4.7,0
355,INBOUND,T-0332,커넥터 8P,D,D-01-03,입고STATION,D-01-03,4694.00,PEAK,10.1,9.4,5.4,0
356,INBOUND,T-0333,컨트롤 모듈,G,G-01-03,입고STATION,G-01-03,4698.04,PEAK,11.8,12.2,4.3,0
357,OUTBOUND,T-0110,어댑터 24V,H,H-02-02,H-02-02,출고STATION,4702.71,PEAK,8.0,7.9,0.0,0
358,OUTBOUND,T-0286,리미트스위치,F,F-02-05,F-02-05,출고STATION,4707.23,PEAK,9.8,12.2,0.0,0
359,INBOUND,T-0334,온도 센서,E,E-03-02,입고STATION,E-03-02,4712.85,PEAK,9.3,11.8,4.6,0
360,OUTBOUND,T-0283,토글스위치,F,F-04-04,F-04-04,출고STATION,4719.72,PEAK,8.7,8.2,0.0,0
361,OUTBOUND,T-0186,부싱 20mm,B,B-01-02,B-01-02,출고STATION,4723.39,PEAK,10.4,10.3,0.0,0
362,INBOUND,T-0335,통신 케이블,C,C-03-01,입고STATION,C-03-01,4729.27,PEAK,12.2,7.7,5.9,0
363,INBOUND,T-0336,케이블타이,J,J-05-05,입고STATION,J-05-05,4732.41,PEAK,11.9,9.8,4.9,0
364,INBOUND,T-0337,커넥터 8P,D,D-05-04,입고STATION,D-05-04,4738.46,PEAK,10.8,12.8,4.9,0
365,INBOUND,T-0338,솔레노이드 밸브,I,I-01-01,입고STATION,I-01-01,4744.29,PEAK,11.6,7.5,5.5,0
366,OUTBOUND,T-0317,릴레이 24V,G,G-01-04,G-01-04,출고STATION,4747.54,PEAK,12.6,8.8,0.0,0
367,OUTBOUND,T-0338,솔레노이드 밸브,I,I-01-01,I-01-01,출고STATION,4753.17,PEAK,12.9,11.5,0.0,0
368,INBOUND,T-0339,PCB 보드,G,G-06-03,입고STATION,G-06-03,4756.24,PEAK,9.0,13.0,6.0,0
369,OUTBOUND,T-0321,클립,J,J-02-03,J-02-03,출고STATION,4759.31,PEAK,12.5,9.7,0.0,0
370,OUTBOUND,T-0213,나사 M4,A,A-04-01,A-04-01,출고STATION,4765.53,PEAK,12.1,11.8,0.0,0
371,INBOUND,T-0340,전원공급장치 150W,H,H-06-04,입고STATION,H-06-04,4770.63,PEAK,7.7,12.9,6.2,0
372,OUTBOUND,T-0157,퓨즈 5A,H,H-04-03,H-04-03,출고STATION,4774.70,PEAK,13.0,9.0,0.0,0
373,INBOUND,T-0341,터미널 블록,D,D-06-05,입고STATION,D-06-05,4779.54,PEAK,8.7,11.6,5.4,0
374,OUTBOUND,T-0336,케이블타이,J,J-05-05,J-05-05,출고STATION,4785.27,PEAK,10.3,13.0,0.0,0
375,INBOUND,T-0342,솔레노이드 밸브,I,I-06-03,입고STATION,I-06-03,4790.87,PEAK,9.8,8.0,4.9,0
376,OUTBOUND,T-0214,제어 케이블,C,C-06-01,C-06-01,출고STATION,4795.38,PEAK,10.4,10.2,0.0,0
377,OUTBOUND,T-0210,케이블타이,J,J-03-05,J-03-05,출고STATION,4798.71,PEAK,11.4,11.9,0.0,0
378,INBOUND,T-0343,볼트 M8,A,A-02-04,입고STATION,A-02-04,4803.04,PEAK,11.1,11.8,6.3,0
379,INBOUND,T-0344,클립,J,J-04-04,입고STATION,J-04-04,4806.95,PEAK,7.2,9.1,5.1,0
380,OUTBOUND,T-0038,통신 케이블,C,C-04-03,C-04-03,출고STATION,4811.86,PEAK,8.8,9.3,0.0,0
381,OUTBOUND,T-0335,통신 케이블,C,C-03-01,C-03-01,출고STATION,4818.45,PEAK,9.5,12.2,0.0,0
382,INBOUND,T-0345,소켓 16P,D,D-04-02,입고STATION,D-04-02,4825.17,PEAK,12.9,11.3,6.3,0
383,INBOUND,T-0346,푸시버튼,F,F-01-01,입고STATION,F-01-01,4828.75,PEAK,12.5,12.7,4.4,0
384,INBOUND,T-0347,튜브 연결구,I,I-06-04,입고STATION,I-06-04,4832.94,PEAK,12.3,12.0,5.6,0
385,OUTBOUND,T-0310,소켓 16P,D,D-03-01,D-03-01,출고STATION,4839.53,PEAK,9.7,12.8,0.0,0
386,INBOUND,T-0348,볼트 M8,A,A-01-05,입고STATION,A-01-05,4844.53,PEAK,11.2,7.2,3.5,0
387,INBOUND,T-0349,광 센서,E,E-03-03,입고STATION,E-03-03,4849.28,PEAK,10.2,11.7,6.1,0
388,INBOUND,T-0350,리미트스위치,F,F-02-02,입고STATION,F-02-02,4855.36,PEAK,9.2,12.5,5.0,0
389,INBOUND,T-0351,솔레노이드 밸브,I,I-04-05,입고STATION,I-04-05,4858.48,PEAK,12.8,8.5,4.6,0
390,INBOUND,T-0352,솔레노이드 밸브,I,I-03-03,입고STATION,I-03-03,4862.39,PEAK,10.5,12.4,3.6,0
391,INBOUND,T-0353,원터치 피팅,I,I-06-01,입고STATION,I-06-01,4866.13,PEAK,11.0,10.8,3.9,0
392,OUTBOUND,T-0046,소켓 16P,D,D-05-01,D-05-01,출고STATION,4872.22,PEAK,12.5,9.4,0.0,0
393,INBOUND,T-0354,소켓 16P,D,D-03-02,입고STATION,D-03-02,4875.55,PEAK,9.1,10.7,5.5,0
394,INBOUND,T-0355,전선 2.5sq,C,C-02-04,입고STATION,C-02-04,4880.11,PEAK,12.0,7.9,4.0,0
395,INBOUND,T-0356,어댑터 24V,H,H-06-02,입고STATION,H-06-02,4886.88,PEAK,9.3,7.1,3.5,0
396,OUTBOUND,T-0331,원터치 피팅,I,I-04-04,I-04-04,출고STATION,4890.41,PEAK,11.2,10.9,0.0,0
397,INBOUND,T-0357,전선 2.5sq,C,C-01-03,입고STATION,C-01-03,4895.63,PEAK,9.9,11.3,4.1,0
398,INBOUND,T-0358,전원공급장치 150W,H,H-01-01,입고STATION,H-01-01,4900.04,PEAK,8.1,7.3,6.0,0
399,OUTBOUND,T-0296,통신 케이블,C,C-02-03,C-02-03,출고STATION,4903.09,PEAK,8.4,9.6,0.0,0
400,OUTBOUND,T-0325,튜브 연결구,I,I-03-02,I-03-02,출고STATION,4908.38,PEAK,12.2,12.9,0.0,0
401,OUTBOUND,T-0295,온도 센서,E,E-06-02,E-06-02,출고STATION,4924.77,일반,8.1,8.4,0.0,0
402,INBOUND,T-0359,베어링 6204,B,B-02-05,입고STATION,B-02-05,4944.70,일반,12.3,8.0,5.3,0
403,INBOUND,T-0360,PCB 보드,G,G-06-02,입고STATION,G-06-02,4964.05,일반,8.4,12.7,4.3,0
404,INBOUND,T-0361,부싱 20mm,B,B-02-01,입고STATION,B-02-01,4983.89,일반,10.3,9.0,5.9,0
405,OUTBOUND,T-0058,소켓 16P,D,D-02-05,D-02-05,출고STATION,5001.41,일반,12.0,8.3,0.0,0
406,INBOUND,T-0362,터미널 블록,D,D-01-02,입고STATION,D-01-02,5022.34,일반,12.3,9.4,5.6,0
407,INBOUND,T-0363,근접 센서,E,E-03-01,입고STATION,E-03-01,5038.41,일반,10.4,10.8,4.5,0
408,OUTBOUND,T-0252,푸시버튼,F,F-05-03,F-05-03,출고STATION,5062.90,일반,11.4,8.3,0.0,0
409,OUTBOUND,T-0085,리미트스위치,F,F-03-04,F-03-04,출고STATION,5085.94,일반,12.4,8.5,0.0,0
410,INBOUND,T-0364,케이블타이,J,J-05-04,입고STATION,J-05-04,5104.29,일반,10.4,8.1,4.2,0
411,INBOUND,T-0365,클립,J,J-02-02,입고STATION,J-02-02,5122.29,일반,10.1,11.9,5.6,0
412,INBOUND,T-0366,푸시버튼,F,F-05-05,입고STATION,F-05-05,5139.30,일반,9.7,7.7,4.5,0
413,OUTBOUND,T-0313,리미트스위치,F,F-01-03,F-01-03,출고STATION,5163.95,일반,11.9,9.9,0.0,0
414,INBOUND,T-0367,퓨즈 5A,H,H-04-01,입고STATION,H-04-01,5186.30,일반,10.2,8.0,6.3,0
415,INBOUND,T-0368,리미트스위치,F,F-03-02,입고STATION,F-03-02,5209.12,일반,11.1,8.0,5.5,0
416,INBOUND,T-0369,PCB 보드,G,G-03-04,입고STATION,G-03-04,5226.92,일반,9.1,8.1,6.4,0
417,INBOUND,T-0370,케이블타이,J,J-06-04,입고STATION,J-06-04,5243.06,일반,8.3,10.1,4.7,0
418,INBOUND,T-0371,원터치 피팅,I,I-05-05,입고STATION,I-05-05,5263.98,일반,12.8,11.8,3.7,0
419,OUTBOUND,T-0235,솔레노이드 밸브,I,I-02-01,I-02-01,출고STATION,5285.80,일반,7.1,9.2,0.0,0
420,OUTBOUND,T-0356,어댑터 24V,H,H-06-02,H-06-02,출고STATION,5310.33,일반,8.0,8.1,0.0,0
421,OUTBOUND,T-0062,근접 센서,E,E-05-01,E-05-01,출고STATION,5329.71,일반,11.5,12.6,0.0,0
422,INBOUND,T-0372,컨트롤 모듈,G,G-04-02,입고STATION,G-04-02,5352.90,일반,9.3,8.0,5.0,0
423,OUTBOUND,T-0064,광 센서,E,E-02-02,E-02-02,출고STATION,5372.90,일반,8.0,10.5,0.0,0
424,OUTBOUND,T-0042,통신 케이블,C,C-05-04,C-05-04,출고STATION,5390.42,일반,9.0,10.1,0.0,0
425,OUTBOUND,T-0234,컨트롤 모듈,G,G-01-02,G-01-02,출고STATION,5409.65,일반,8.1,10.4,0.0,0
426,OUTBOUND,T-0150,케이블타이,J,J-01-05,J-01-05,출고STATION,5429.14,일반,12.0,11.3,0.0,0
427,OUTBOUND,T-0347,튜브 연결구,I,I-06-04,I-06-04,출고STATION,5449.97,일반,7.5,11.7,0.0,0
428,OUTBOUND,T-0339,PCB 보드,G,G-06-03,G-06-03,출고STATION,5474.20,일반,11.1,11.5,0.0,0
429,OUTBOUND,T-0366,푸시버튼,F,F-05-05,F-05-05,출고STATION,5489.57,일반,12.4,8.2,0.0,0
430,OUTBOUND,T-0166,소형 롤러,B,B-05-01,B-05-01,출고STATION,5510.51,일반,10.9,10.4,0.0,0
431,INBOUND,T-0373,푸시버튼,F,F-06-03,입고STATION,F-06-03,5533.20,일반,8.8,7.5,4.2,0
432,INBOUND,T-0374,나사 M4,A,A-06-03,입고STATION,A-06-03,5554.67,일반,10.8,11.4,5.5,0
433,OUTBOUND,T-0248,리미트스위치,F,F-01-04,F-01-04,출고STATION,5579.33,일반,7.5,10.5,0.0,0
434,OUTBOUND,T-0287,부싱 20mm,B,B-01-03,B-01-03,출고STATION,5595.39,일반,9.4,9.0,0.0,0
435,OUTBOUND,T-0314,솔레노이드 밸브,I,I-03-05,I-03-05,출고STATION,5612.61,일반,10.0,10.3,0.0,0
436,OUTBOUND,T-0365,클립,J,J-02-02,J-02-02,출고STATION,5633.42,일반,8.4,8.6,0.0,0
437,INBOUND,T-0375,PCB 보드,G,G-05-05,입고STATION,G-05-05,5652.88,일반,10.8,10.1,5.7,0
438,INBOUND,T-0376,클립,J,J-04-05,입고STATION,J-04-05,5675.60,일반,9.8,7.5,4.5,0
439,OUTBOUND,T-0346,푸시버튼,F,F-01-01,F-01-01,출고STATION,5695.61,일반,7.3,11.0,0.0,0
440,INBOUND,T-0377,온도 센서,E,E-04-01,입고STATION,E-04-01,5715.43,일반,12.6,10.4,6.4,0
441,INBOUND,T-0378,베어링 6204,B,B-03-03,입고STATION,B-03-03,5739.64,일반,9.8,10.7,3.7,0
442,INBOUND,T-0379,제어 케이블,C,C-06-03,입고STATION,C-06-03,5762.95,일반,11.6,8.4,4.0,0
443,OUTBOUND,T-0273,어댑터 24V,H,H-04-05,H-04-05,출고STATION,5781.07,일반,10.9,9.4,0.0,0
444,OUTBOUND,T-0112,전원공급장치 150W,H,H-04-02,H-04-02,출고STATION,5798.14,일반,9.3,12.8,0.0,0
445,INBOUND,T-0380,퓨즈 5A,H,H-01-02,입고STATION,H-01-02,5817.90,일반,7.2,8.6,6.5,0
446,OUTBOUND,T-0217,푸시버튼,F,F-05-01,F-05-01,출고STATION,5839.87,일반,12.0,9.7,0.0,0
447,OUTBOUND,T-0016,부싱 20mm,B,B-01-01,B-01-01,출고STATION,5857.87,일반,12.2,12.8,0.0,0
448,OUTBOUND,T-0251,소형 롤러,B,B-05-02,B-05-02,출고STATION,5881.36,일반,12.1,7.0,0.0,0
449,INBOUND,T-0381,소켓 16P,D,D-03-03,입고STATION,D-03-03,5905.66,일반,9.7,9.1,6.4,0
450,OUTBOUND,T-0034,통신 케이블,C,C-06-02,C-06-02,출고STATION,5922.41,일반,8.1,7.7,0.0,0
451,INBOUND,T-0382,어댑터 24V,H,H-05-04,입고STATION,H-05-04,5943.01,일반,7.9,7.4,5.8,0
452,INBOUND,T-0383,전선 2.5sq,C,C-03-04,입고STATION,C-03-04,5965.98,일반,8.7,11.0,6.2,1
453,OUTBOUND,T-0276,릴레이 24V,G,G-02-03,G-02-03,출고STATION,5987.39,일반,9.7,10.4,0.0,0
454,INBOUND,T-0384,케이블타이,J,J-03-02,입고STATION,J-03-02,6002.68,일반,10.0,10.2,3.8,0
455,OUTBOUND,T-0236,릴레이 24V,G,G-05-03,G-05-03,출고STATION,6022.18,일반,11.2,10.1,0.0,0
456,INBOUND,T-0385,커넥터 8P,D,D-06-03,입고STATION,D-06-03,6037.22,일반,7.4,8.1,3.7,0
457,OUTBOUND,T-0026,부싱 20mm,B,B-04-04,B-04-04,출고STATION,6055.00,일반,9.9,9.1,0.0,0
458,INBOUND,T-0386,원터치 피팅,I,I-05-01,입고STATION,I-05-01,6071.02,일반,10.4,12.7,5.8,0
459,OUTBOUND,T-0319,소켓 16P,D,D-03-04,D-03-04,출고STATION,6089.68,일반,11.0,7.9,0.0,0
460,OUTBOUND,T-0382,어댑터 24V,H,H-05-04,H-05-04,출고STATION,6105.82,일반,10.0,7.8,0.0,0
461,OUTBOUND,T-0267,리미트스위치,F,F-03-03,F-03-03,출고STATION,6130.48,일반,9.2,8.6,0.0,0
462,INBOUND,T-0387,컨트롤 모듈,G,G-03-01,입고STATION,G-03-01,6149.36,일반,7.4,11.1,3.7,0
463,OUTBOUND,T-0089,토글스위치,F,F-04-05,F-04-05,출고STATION,6165.51,일반,9.7,9.3,0.0,0
464,INBOUND,T-0388,통신 케이블,C,C-02-02,입고STATION,C-02-02,6185.08,일반,10.7,11.3,3.8,0
465,INBOUND,T-0389,광 센서,E,E-05-04,입고STATION,E-05-04,6207.14,일반,10.4,10.6,5.2,0
466,INBOUND,T-0390,제어 케이블,C,C-01-02,입고STATION,C-01-02,6228.05,일반,12.1,7.9,5.0,0
467,INBOUND,T-0391,근접 센서,E,E-01-04,입고STATION,E-01-04,6244.22,일반,11.0,9.1,6.0,0
468,OUTBOUND,T-0330,통신 케이블,C,C-06-05,C-06-05,출고STATION,6261.06,일반,12.1,9.9,0.0,0
469,INBOUND,T-0392,케이블타이,J,J-05-03,입고STATION,J-05-03,6279.94,일반,11.8,8.5,5.6,0
470,INBOUND,T-0393,릴레이 24V,G,G-02-05,입고STATION,G-02-05,6300.69,일반,8.8,8.9,5.3,0
471,OUTBOUND,T-0135,튜브 연결구,I,I-06-05,I-06-05,출고STATION,6320.55,일반,9.0,7.9,0.0,0
472,INBOUND,T-0394,통신 케이블,C,C-03-03,입고STATION,C-03-03,6344.86,일반,12.8,9.2,3.7,0
473,INBOUND,T-0395,근접 센서,E,E-01-01,입고STATION,E-01-01,6361.53,일반,8.3,10.2,4.1,0
474,OUTBOUND,T-0259,어댑터 24V,H,H-01-05,H-01-05,출고STATION,6378.40,일반,8.1,7.4,0.0,0
475,INBOUND,T-0396,푸시버튼,F,F-03-05,입고STATION,F-03-05,6393.94,일반,8.6,8.1,5.7,0
476,OUTBOUND,T-0312,소켓 16P,D,D-01-04,D-01-04,출고STATION,6413.78,일반,10.8,9.6,0.0,0
477,OUTBOUND,T-0281,튜브 연결구,I,I-02-04,I-02-04,출고STATION,6438.42,일반,9.4,11.6,0.0,0
478,OUTBOUND,T-0298,어댑터 24V,H,H-01-03,H-01-03,출고STATION,6457.51,일반,9.4,10.2,0.0,0
479,OUTBOUND,T-0340,전원공급장치 150W,H,H-06-04,H-06-04,출고STATION,6479.61,일반,8.8,9.6,0.0,0
480,OUTBOUND,T-0219,케이블타이,J,J-02-01,J-02-01,출고STATION,6496.29,일반,8.6,8.0,0.0,0
481,INBOUND,T-0397,터미널 블록,D,D-02-03,입고STATION,D-02-03,6519.25,일반,7.1,12.0,4.9,0
482,INBOUND,T-0398,소켓 16P,D,D-05-02,입고STATION,D-05-02,6534.57,일반,7.7,8.5,5.8,0
483,OUTBOUND,T-0326,어댑터 24V,H,H-05-05,H-05-05,출고STATION,6552.46,일반,10.5,9.6,0.0,0
484,INBOUND,T-0399,퓨즈 5A,H,H-03-03,입고STATION,H-03-03,6574.88,일반,7.7,8.7,4.9,0
485,OUTBOUND,T-0256,절연테이프,J,J-04-02,J-04-02,출고STATION,6594.99,일반,11.6,7.2,0.0,0
486,INBOUND,T-0400,솔레노이드 밸브,I,I-03-01,입고STATION,I-03-01,6612.67,일반,9.2,8.0,4.3,0
487,INBOUND,T-0401,나사 M4,A,A-04-01,입고STATION,A-04-01,6633.09,일반,12.7,12.1,4.4,0
488,OUTBOUND,T-0387,컨트롤 모듈,G,G-03-01,G-03-01,출고STATION,6653.56,일반,11.7,11.4,0.0,0
489,OUTBOUND,T-0397,터미널 블록,D,D-02-03,D-02-03,출고STATION,6675.92,일반,12.1,7.5,0.0,0
490,INBOUND,T-0402,부싱 20mm,B,B-05-03,입고STATION,B-05-03,6699.66,일반,12.5,7.3,5.3,0
491,OUTBOUND,T-0402,부싱 20mm,B,B-05-03,B-05-03,출고STATION,6717.29,일반,11.5,12.6,0.0,0
492,OUTBOUND,T-0247,소형 롤러,B,B-04-05,B-04-05,출고STATION,6740.94,일반,11.4,11.7,0.0,0
493,INBOUND,T-0403,광 센서,E,E-04-03,입고STATION,E-04-03,6764.06,일반,8.1,11.3,5.9,0
494,INBOUND,T-0404,컨트롤 모듈,G,G-06-04,입고STATION,G-06-04,6784.94,일반,11.2,8.4,3.8,0
495,INBOUND,T-0405,어댑터 24V,H,H-01-04,입고STATION,H-01-04,6806.05,일반,7.7,9.8,3.9,0
496,OUTBOUND,T-0345,소켓 16P,D,D-04-02,D-04-02,출고STATION,6827.21,일반,11.4,12.5,0.0,0
497,INBOUND,T-0406,컨트롤 모듈,G,G-03-05,입고STATION,G-03-05,6850.26,일반,9.7,11.5,4.2,0
498,INBOUND,T-0407,케이블타이,J,J-06-01,입고STATION,J-06-01,6868.07,일반,8.4,9.3,4.4,0
499,INBOUND,T-0408,리미트스위치,F,F-01-02,입고STATION,F-01-02,6886.31,일반,7.8,7.8,5.5,0
500,INBOUND,T-0409,클립,J,J-01-01,입고STATION,J-01-01,6907.04,일반,8.0,11.3,5.4,0
501,OUTBOUND,T-0383,전선 2.5sq,C,C-03-04,C-03-04,출고STATION,6930.19,일반,7.7,8.4,0.0,0
502,OUTBOUND,T-0278,광 센서,E,E-05-05,E-05-05,출고STATION,6954.38,일반,7.9,7.1,0.0,0
503,OUTBOUND,T-0357,전선 2.5sq,C,C-01-03,C-01-03,출고STATION,6970.64,일반,11.2,10.6,0.0,0
504,INBOUND,T-0410,릴레이 24V,G,G-05-01,입고STATION,G-05-01,6987.11,일반,10.1,7.4,6.3,0
505,INBOUND,T-0411,전원공급장치 150W,H,H-04-04,입고STATION,H-04-04,7009.72,일반,10.2,9.4,6.3,0
506,INBOUND,T-0412,토글스위치,F,F-06-05,입고STATION,F-06-05,7026.14,일반,12.0,8.2,4.3,0
507,OUTBOUND,T-0106,퓨즈 5A,H,H-02-01,H-02-01,출고STATION,7045.29,일반,12.0,11.8,0.0,0
508,INBOUND,T-0413,제어 케이블,C,C-03-02,입고STATION,C-03-02,7066.62,일반,9.6,11.0,5.7,0
509,INBOUND,T-0414,토글스위치,F,F-04-01,입고STATION,F-04-01,7086.78,일반,8.5,11.2,4.9,0
510,INBOUND,T-0415,PCB 보드,G,G-03-03,입고STATION,G-03-03,7111.14,일반,9.1,10.3,5.9,0
511,OUTBOUND,T-0300,리미트스위치,F,F-02-01,F-02-01,출고STATION,7135.64,일반,7.7,11.3,0.0,0
512,INBOUND,T-0416,통신 케이블,C,C-06-04,입고STATION,C-06-04,7159.33,일반,7.3,12.1,5.4,0
513,INBOUND,T-0417,릴레이 24V,G,G-03-02,입고STATION,G-03-02,7184.05,일반,11.8,8.0,5.9,0
514,INBOUND,T-0418,어댑터 24V,H,H-03-04,입고STATION,H-03-04,7207.01,일반,12.4,7.2,4.7,0
515,INBOUND,T-0419,온도 센서,E,E-02-01,입고STATION,E-02-01,7231.69,일반,7.5,12.5,4.3,0
516,INBOUND,T-0420,리미트스위치,F,F-06-04,입고STATION,F-06-04,7249.38,일반,12.6,12.2,4.9,0
517,INBOUND,T-0421,소켓 16P,D,D-01-05,입고STATION,D-01-05,7269.85,일반,9.3,10.9,4.6,0
518,INBOUND,T-0422,컨트롤 모듈,G,G-04-01,입고STATION,G-04-01,7293.38,일반,7.8,7.8,5.5,0
519,INBOUND,T-0423,베어링 6204,B,B-03-01,입고STATION,B-03-01,7316.00,일반,7.5,8.9,4.0,0
520,INBOUND,T-0424,원터치 피팅,I,I-01-05,입고STATION,I-01-05,7337.26,일반,8.7,11.1,5.6,0
521,OUTBOUND,T-0416,통신 케이블,C,C-06-04,C-06-04,출고STATION,7353.50,일반,7.6,7.7,0.0,0
522,OUTBOUND,T-0307,PCB 보드,G,G-05-02,G-05-02,출고STATION,7373.07,일반,7.8,11.5,0.0,0
523,OUTBOUND,T-0039,제어 케이블,C,C-05-03,C-05-03,출고STATION,7398.02,일반,8.0,11.9,0.0,0
524,INBOUND,T-0425,푸시버튼,F,F-04-03,입고STATION,F-04-03,7414.61,일반,9.2,10.6,4.2,0
525,INBOUND,T-0426,푸시버튼,F,F-02-05,입고STATION,F-02-05,7436.16,일반,9.1,7.1,5.5,0
526,INBOUND,T-0427,커넥터 8P,D,D-04-01,입고STATION,D-04-01,7454.88,일반,11.7,12.4,6.4,0
527,OUTBOUND,T-0377,온도 센서,E,E-04-01,E-04-01,출고STATION,7473.84,일반,8.3,10.5,0.0,0
528,INBOUND,T-0428,통신 케이블,C,C-04-05,입고STATION,C-04-05,7493.13,일반,9.9,9.7,6.3,0
529,INBOUND,T-0429,온도 센서,E,E-05-02,입고STATION,E-05-02,7509.09,일반,9.5,8.4,4.5,0
530,OUTBOUND,T-0142,케이블타이,J,J-03-03,J-03-03,출고STATION,7524.87,일반,7.3,8.1,0.0,0
531,OUTBOUND,T-0358,전원공급장치 150W,H,H-01-01,H-01-01,출고STATION,7545.06,일반,12.4,9.7,0.0,0
532,OUTBOUND,T-0408,리미트스위치,F,F-01-02,F-01-02,출고STATION,7560.14,일반,10.0,10.4,0.0,0
533,OUTBOUND,T-0417,릴레이 24V,G,G-03-02,G-03-02,출고STATION,7585.02,일반,7.6,7.3,0.0,0
534,OUTBOUND,T-0385,커넥터 8P,D,D-06-03,D-06-03,출고STATION,7604.80,일반,8.4,10.0,0.0,0
535,INBOUND,T-0430,전선 2.5sq,C,C-02-05,입고STATION,C-02-05,7620.69,일반,9.1,10.0,5.8,0
536,OUTBOUND,T-0363,근접 센서,E,E-03-01,E-03-01,출고STATION,7638.83,일반,12.0,12.6,0.0,0
537,OUTBOUND,T-0390,제어 케이블,C,C-01-02,C-01-02,출고STATION,7657.65,일반,8.0,8.8,0.0,0
538,INBOUND,T-0431,소형 롤러,B,B-03-04,입고STATION,B-03-04,7673.34,일반,13.0,10.3,4.7,0
539,OUTBOUND,T-0399,퓨즈 5A,H,H-03-03,H-03-03,출고STATION,7694.84,일반,8.9,12.2,0.0,0
540,OUTBOUND,T-0044,전선 2.5sq,C,C-03-05,C-03-05,출고STATION,7717.06,일반,8.1,12.3,0.0,0
541,INBOUND,T-0432,원터치 피팅,I,I-03-04,입고STATION,I-03-04,7738.22,일반,12.9,8.5,4.7,0
542,INBOUND,T-0433,전선 2.5sq,C,C-01-05,입고STATION,C-01-05,7754.09,일반,10.8,8.3,6.1,0
543,INBOUND,T-0434,전원공급장치 150W,H,H-02-04,입고STATION,H-02-04,7776.61,일반,10.5,12.0,4.6,0
544,INBOUND,T-0435,릴레이 24V,G,G-04-03,입고STATION,G-04-03,7801.25,일반,8.8,11.7,4.2,0
545,INBOUND,T-0436,전선 2.5sq,C,C-04-02,입고STATION,C-04-02,7818.72,일반,7.6,11.1,4.6,0
546,OUTBOUND,T-0322,절연테이프,J,J-06-03,J-06-03,출고STATION,7839.26,일반,12.1,8.8,0.0,0
547,INBOUND,T-0437,소형 롤러,B,B-06-04,입고STATION,B-06-04,7862.05,일반,9.4,10.8,4.8,0
548,INBOUND,T-0438,광 센서,E,E-04-05,입고STATION,E-04-05,7885.81,일반,9.6,11.6,6.0,0
549,OUTBOUND,T-0301,커넥터 8P,D,D-02-04,D-02-04,출고STATION,7906.88,일반,7.6,10.4,0.0,0
550,OUTBOUND,T-0199,나사 M4,A,A-02-05,A-02-05,출고STATION,7924.83,일반,10.6,8.9,0.0,0
551,OUTBOUND,T-0421,소켓 16P,D,D-01-05,D-01-05,출고STATION,7948.81,일반,10.8,11.3,0.0,0
552,INBOUND,T-0439,터미널 블록,D,D-03-05,입고STATION,D-03-05,7967.67,일반,8.5,12.5,5.3,0
553,INBOUND,T-0440,소형 롤러,B,B-01-05,입고STATION,B-01-05,7989.05,일반,10.9,8.2,5.4,0
554,OUTBOUND,T-0153,너트 M8,A,A-06-02,A-06-02,출고STATION,8012.94,일반,8.9,8.8,0.0,0
555,INBOUND,T-0441,제어 케이블,C,C-06-01,입고STATION,C-06-01,8037.28,일반,8.3,11.0,5.7,0
556,INBOUND,T-0442,절연테이프,J,J-01-03,입고STATION,J-01-03,8060.88,일반,12.0,9.6,5.6,0
557,INBOUND,T-0443,제어 케이블,C,C-04-03,입고STATION,C-04-03,8079.54,일반,8.7,8.7,4.6,0
558,OUTBOUND,T-0361,부싱 20mm,B,B-02-01,B-02-01,출고STATION,8104.08,일반,11.3,11.9,0.0,0
559,INBOUND,T-0444,와셔 8mm,A,A-02-05,입고STATION,A-02-05,8124.96,일반,8.1,12.1,4.5,0
560,INBOUND,T-0445,나사 M4,A,A-06-02,입고STATION,A-06-02,8142.11,일반,11.0,7.3,5.5,0
561,OUTBOUND,T-0233,솔레노이드 밸브,I,I-05-03,I-05-03,출고STATION,8162.18,일반,11.9,13.0,0.0,0
562,OUTBOUND,T-0410,릴레이 24V,G,G-05-01,G-05-01,출고STATION,8181.42,일반,7.9,7.8,0.0,0
563,INBOUND,T-0446,클립,J,J-02-05,입고STATION,J-02-05,8202.82,일반,9.9,9.9,5.8,0
564,OUTBOUND,T-0431,소형 롤러,B,B-03-04,B-03-04,출고STATION,8219.35,일반,11.6,10.4,0.0,0
565,OUTBOUND,T-0362,터미널 블록,D,D-01-02,D-01-02,출고STATION,8235.14,일반,10.2,12.7,0.0,0
566,OUTBOUND,T-0094,PCB 보드,G,G-02-02,G-02-02,출고STATION,8255.50,일반,7.0,7.3,0.0,0
567,OUTBOUND,T-0406,컨트롤 모듈,G,G-03-05,G-03-05,출고STATION,8273.60,일반,9.5,11.4,0.0,0
568,INBOUND,T-0447,근접 센서,E,E-01-05,입고STATION,E-01-05,8298.14,일반,9.5,10.3,6.4,0
569,INBOUND,T-0448,어댑터 24V,H,H-05-02,입고STATION,H-05-02,8315.58,일반,11.0,9.0,6.3,0
570,INBOUND,T-0449,부싱 20mm,B,B-05-05,입고STATION,B-05-05,8335.12,일반,11.6,12.4,4.6,0
571,INBOUND,T-0450,커넥터 8P,D,D-06-02,입고STATION,D-06-02,8356.78,일반,10.1,9.9,5.5,0
572,INBOUND,T-0451,소켓 16P,D,D-03-01,입고STATION,D-03-01,8371.90,일반,9.2,11.1,4.4,0
573,OUTBOUND,T-0257,퓨즈 5A,H,H-02-03,H-02-03,출고STATION,8387.02,일반,9.2,11.8,0.0,0
574,OUTBOUND,T-0334,온도 센서,E,E-03-02,E-03-02,출고STATION,8407.25,일반,9.2,12.2,0.0,0
575,INBOUND,T-0452,토글스위치,F,F-04-04,입고STATION,F-04-04,8425.97,일반,12.2,9.8,4.5,0
576,INBOUND,T-0453,부싱 20mm,B,B-04-03,입고STATION,B-04-03,8449.83,일반,8.7,11.1,5.2,0
577,OUTBOUND,T-0389,광 센서,E,E-05-04,E-05-04,출고STATION,8472.90,일반,9.5,10.4,0.0,0
578,INBOUND,T-0454,제어 케이블,C,C-03-01,입고STATION,C-03-01,8488.54,일반,7.9,8.4,5.4,0
579,INBOUND,T-0455,릴레이 24V,G,G-04-04,입고STATION,G-04-04,8508.09,일반,9.3,10.1,4.7,0
580,INBOUND,T-0456,터미널 블록,D,D-05-01,입고STATION,D-05-01,8528.09,일반,10.4,10.8,3.7,0
581,OUTBOUND,T-0020,소형 롤러,B,B-02-02,B-02-02,출고STATION,8544.66,일반,8.6,7.6,0.0,0
582,INBOUND,T-0457,케이블타이,J,J-03-04,입고STATION,J-03-04,8561.95,일반,11.0,9.4,4.9,0
583,OUTBOUND,T-0004,너트 M8,A,A-02-02,A-02-02,출고STATION,8577.39,일반,8.6,8.1,0.0,0
584,INBOUND,T-0458,리미트스위치,F,F-05-03,입고STATION,F-05-03,8592.85,일반,9.6,8.6,5.2,0
585,OUTBOUND,T-0032,전선 2.5sq,C,C-02-01,C-02-01,출고STATION,8617.05,일반,10.5,12.2,0.0,0
586,OUTBOUND,T-0360,PCB 보드,G,G-06-02,G-06-02,출고STATION,8637.58,일반,12.9,9.2,0.0,0
587,OUTBOUND,T-0242,PCB 보드,G,G-04-05,G-04-05,출고STATION,8655.79,일반,7.1,12.9,0.0,0
588,INBOUND,T-0459,소형 롤러,B,B-02-04,입고STATION,B-02-04,8673.99,일반,10.1,8.7,5.6,0
589,INBOUND,T-0460,튜브 연결구,I,I-01-01,입고STATION,I-01-01,8692.72,일반,12.4,8.1,6.3,0
590,OUTBOUND,T-0436,전선 2.5sq,C,C-04-02,C-04-02,출고STATION,8716.74,일반,7.8,9.2,0.0,0
591,OUTBOUND,T-0007,볼트 M8,A,A-02-03,A-02-03,출고STATION,8739.78,일반,8.7,9.4,0.0,0
592,INBOUND,T-0461,전원공급장치 150W,H,H-05-01,입고STATION,H-05-01,8755.47,일반,12.8,11.9,5.1,0
593,OUTBOUND,T-0403,광 센서,E,E-04-03,E-04-03,출고STATION,8778.21,일반,9.9,7.9,0.0,0
594,OUTBOUND,T-0254,전원공급장치 150W,H,H-03-01,H-03-01,출고STATION,8794.07,일반,9.0,9.6,0.0,0
595,OUTBOUND,T-0349,광 센서,E,E-03-03,E-03-03,출고STATION,8812.76,일반,7.9,7.3,0.0,0
596,OUTBOUND,T-0316,커넥터 8P,D,D-04-04,D-04-04,출고STATION,8835.16,일반,12.9,8.3,0.0,0
597,OUTBOUND,T-0380,퓨즈 5A,H,H-01-02,H-01-02,출고STATION,8853.84,일반,9.7,9.6,0.0,0
598,INBOUND,T-0462,원터치 피팅,I,I-04-04,입고STATION,I-04-04,8876.17,일반,12.0,9.8,3.7,0
599,INBOUND,T-0463,릴레이 24V,G,G-05-04,입고STATION,G-05-04,8892.67,일반,7.7,10.4,3.9,0
600,OUTBOUND,T-0272,리미트스위치,F,F-03-01,F-03-01,출고STATION,8910.00,일반,8.9,10.1,0.0,0
601,OUTBOUND,T-0304,튜브 연결구,I,I-06-02,I-06-02,출고STATION,8916.80,PEAK,11.1,11.4,0.0,0
602,INBOUND,T-0464,터미널 블록,D,D-02-05,입고STATION,D-02-05,8920.22,PEAK,9.1,9.6,4.6,0
603,INBOUND,T-0465,소켓 16P,D,D-03-04,입고STATION,D-03-04,8925.19,PEAK,7.2,10.3,6.2,0
604,OUTBOUND,T-0269,터미널 블록,D,D-06-04,D-06-04,출고STATION,8929.31,PEAK,9.2,11.8,0.0,0
605,INBOUND,T-0466,토글스위치,F,F-03-04,입고STATION,F-03-04,8933.96,PEAK,12.7,13.0,4.5,0
606,INBOUND,T-0467,소켓 16P,D,D-01-04,입고STATION,D-01-04,8937.30,PEAK,8.4,12.5,6.2,0
607,INBOUND,T-0468,제어 케이블,C,C-02-03,입고STATION,C-02-03,8943.58,PEAK,12.5,8.2,4.8,0
608,OUTBOUND,T-0405,어댑터 24V,H,H-01-04,H-01-04,출고STATION,8949.23,PEAK,10.7,7.7,0.0,0
609,OUTBOUND,T-0373,푸시버튼,F,F-06-03,F-06-03,출고STATION,8955.63,PEAK,8.5,8.2,0.0,0
610,INBOUND,T-0469,전선 2.5sq,C,C-05-04,입고STATION,C-05-04,8959.91,PEAK,10.6,10.5,5.3,0
611,OUTBOUND,T-0182,나사 M4,A,A-05-01,A-05-01,출고STATION,8963.45,PEAK,12.6,9.2,0.0,0
612,INBOUND,T-0470,전원공급장치 150W,H,H-06-03,입고STATION,H-06-03,8966.87,PEAK,7.4,8.7,5.1,0
613,INBOUND,T-0471,터미널 블록,D,D-02-03,입고STATION,D-02-03,8970.36,PEAK,7.6,9.4,6.4,0
614,OUTBOUND,T-0218,통신 케이블,C,C-04-01,C-04-01,출고STATION,8974.59,PEAK,10.9,12.6,0.0,0
615,OUTBOUND,T-0190,절연테이프,J,J-03-01,J-03-01,출고STATION,8978.22,PEAK,11.2,12.1,0.0,0
616,OUTBOUND,T-0019,부싱 20mm,B,B-06-01,B-06-01,출고STATION,8982.08,PEAK,7.4,7.1,0.0,0
617,OUTBOUND,T-0426,푸시버튼,F,F-02-05,F-02-05,출고STATION,8987.92,PEAK,12.4,7.5,0.0,0
618,OUTBOUND,T-0175,터미널 블록,D,D-01-01,D-01-01,출고STATION,8991.12,PEAK,10.9,7.8,0.0,0
619,INBOUND,T-0472,컨트롤 모듈,G,G-02-04,입고STATION,G-02-04,8997.93,PEAK,7.3,12.0,4.0,0
620,INBOUND,T-0473,전선 2.5sq,C,C-06-02,입고STATION,C-06-02,9003.13,PEAK,8.4,10.1,5.8,0
621,OUTBOUND,T-0261,소켓 16P,D,D-06-01,D-06-01,출고STATION,9006.61,PEAK,10.9,8.6,0.0,0
622,OUTBOUND,T-0428,통신 케이블,C,C-04-05,C-04-05,출고STATION,9010.41,PEAK,10.1,9.0,0.0,0
623,OUTBOUND,T-0189,와셔 8mm,A,A-01-01,A-01-01,출고STATION,9015.75,PEAK,9.1,7.4,0.0,0
624,OUTBOUND,T-0353,원터치 피팅,I,I-06-01,I-06-01,출고STATION,9022.74,PEAK,7.5,8.0,0.0,0
625,INBOUND,T-0474,근접 센서,E,E-06-01,입고STATION,E-06-01,9026.11,PEAK,9.8,7.4,4.8,0
626,INBOUND,T-0475,소켓 16P,D,D-04-02,입고STATION,D-04-02,9029.28,PEAK,7.9,12.7,3.7,0
627,INBOUND,T-0476,푸시버튼,F,F-01-03,입고STATION,F-01-03,9034.01,PEAK,10.7,9.2,4.6,0
628,OUTBOUND,T-0448,어댑터 24V,H,H-05-02,H-05-02,출고STATION,9038.54,PEAK,7.1,11.3,0.0,0
629,OUTBOUND,T-0215,원터치 피팅,I,I-01-02,I-01-02,출고STATION,9045.18,PEAK,8.1,11.5,0.0,0
630,OUTBOUND,T-0277,부싱 20mm,B,B-05-04,B-05-04,출고STATION,9048.31,PEAK,9.9,7.6,0.0,0
631,INBOUND,T-0477,푸시버튼,F,F-05-05,입고STATION,F-05-05,9053.31,PEAK,10.4,9.5,5.6,0
632,INBOUND,T-0478,원터치 피팅,I,I-03-02,입고STATION,I-03-02,9056.66,PEAK,7.8,9.0,4.2,0
633,OUTBOUND,T-0440,소형 롤러,B,B-01-05,B-01-05,출고STATION,9062.23,PEAK,12.8,10.3,0.0,0
634,OUTBOUND,T-0237,통신 케이블,C,C-01-04,C-01-04,출고STATION,9069.21,PEAK,10.7,10.8,0.0,0
635,OUTBOUND,T-0206,원터치 피팅,I,I-04-03,I-04-03,출고STATION,9075.34,PEAK,11.1,12.0,0.0,0
636,OUTBOUND,T-0126,튜브 연결구,I,I-01-03,I-01-03,출고STATION,9081.99,PEAK,8.8,11.9,0.0,0
637,OUTBOUND,T-0212,터미널 블록,D,D-02-01,D-02-01,출고STATION,9085.71,PEAK,11.1,10.6,0.0,0
638,INBOUND,T-0479,나사 M4,A,A-02-02,입고STATION,A-02-02,9092.29,PEAK,9.7,11.2,4.3,0
639,OUTBOUND,T-0204,부싱 20mm,B,B-04-02,B-04-02,출고STATION,9097.41,PEAK,10.6,12.7,0.0,0
640,OUTBOUND,T-0438,광 센서,E,E-04-05,E-04-05,출고STATION,9100.81,PEAK,8.3,7.9,0.0,0
641,INBOUND,T-0480,너트 M8,A,A-02-03,입고STATION,A-02-03,9107.07,PEAK,12.7,7.1,5.9,0
642,INBOUND,T-0481,리미트스위치,F,F-01-04,입고STATION,F-01-04,9112.37,PEAK,12.6,11.6,3.7,0
643,OUTBOUND,T-0308,소형 롤러,B,B-06-02,B-06-02,출고STATION,9119.12,PEAK,8.2,12.0,0.0,0
644,OUTBOUND,T-0120,퓨즈 5A,H,H-06-05,H-06-05,출고STATION,9123.06,PEAK,11.0,7.9,0.0,0
645,OUTBOUND,T-0463,릴레이 24V,G,G-05-04,G-05-04,출고STATION,9126.17,PEAK,10.7,8.8,0.0,0
646,OUTBOUND,T-0294,리미트스위치,F,F-01-05,F-01-05,출고STATION,9129.74,PEAK,9.4,10.5,0.0,0
647,INBOUND,T-0482,전선 2.5sq,C,C-06-05,입고STATION,C-06-05,9133.98,PEAK,8.3,10.5,5.8,0
648,INBOUND,T-0483,원터치 피팅,I,I-02-01,입고STATION,I-02-01,9137.91,PEAK,10.5,8.2,4.0,0
649,OUTBOUND,T-0025,부싱 20mm,B,B-01-04,B-01-04,출고STATION,9142.24,PEAK,10.4,7.4,0.0,0
650,INBOUND,T-0484,근접 센서,E,E-03-04,입고STATION,E-03-04,9148.10,PEAK,9.9,10.4,6.1,0
651,INBOUND,T-0485,커넥터 8P,D,D-06-03,입고STATION,D-06-03,9151.19,PEAK,11.6,10.9,4.0,0
652,OUTBOUND,T-0480,너트 M8,A,A-02-03,A-02-03,출고STATION,9157.58,PEAK,8.8,10.5,0.0,0
653,OUTBOUND,T-0422,컨트롤 모듈,G,G-04-01,G-04-01,출고STATION,9163.40,PEAK,9.0,11.9,0.0,0
654,INBOUND,T-0486,소켓 16P,D,D-02-04,입고STATION,D-02-04,9167.74,PEAK,8.5,12.3,3.7,0
655,INBOUND,T-0487,토글스위치,F,F-01-01,입고STATION,F-01-01,9174.54,PEAK,12.8,7.6,3.7,0
656,OUTBOUND,T-0375,PCB 보드,G,G-05-05,G-05-05,출고STATION,9178.81,PEAK,10.4,9.0,0.0,0
657,INBOUND,T-0488,근접 센서,E,E-02-05,입고STATION,E-02-05,9185.36,PEAK,11.5,11.9,5.0,0
658,INBOUND,T-0489,리미트스위치,F,F-05-01,입고STATION,F-05-01,9191.03,PEAK,8.7,9.2,4.6,0
659,OUTBOUND,T-0451,소켓 16P,D,D-03-01,D-03-01,출고STATION,9196.96,PEAK,10.9,12.6,0.0,0
660,INBOUND,T-0490,토글스위치,F,F-03-03,입고STATION,F-03-03,9203.76,PEAK,7.5,8.0,6.4,0
661,OUTBOUND,T-0415,PCB 보드,G,G-03-03,G-03-03,출고STATION,9206.89,PEAK,12.1,11.2,0.0,0
662,OUTBOUND,T-0386,원터치 피팅,I,I-05-01,I-05-01,출고STATION,9212.45,PEAK,7.5,10.8,0.0,0
663,INBOUND,T-0491,전원공급장치 150W,H,H-05-03,입고STATION,H-05-03,9216.77,PEAK,8.7,10.6,4.5,0
664,INBOUND,T-0492,와셔 8mm,A,A-05-01,입고STATION,A-05-01,9220.44,PEAK,12.5,9.6,5.1,0
665,OUTBOUND,T-0048,소켓 16P,D,D-02-02,D-02-02,출고STATION,9225.23,PEAK,12.8,11.0,0.0,0
666,OUTBOUND,T-0409,클립,J,J-01-01,J-01-01,출고STATION,9229.63,PEAK,8.9,7.8,0.0,0
667,INBOUND,T-0493,원터치 피팅,I,I-06-04,입고STATION,I-06-04,9232.82,PEAK,11.2,12.5,5.5,0
668,INBOUND,T-0494,솔레노이드 밸브,I,I-03-05,입고STATION,I-03-05,9239.36,PEAK,8.5,9.6,5.3,0
669,OUTBOUND,T-0494,솔레노이드 밸브,I,I-03-05,I-03-05,출고STATION,9244.55,PEAK,10.5,8.4,0.0,0
670,INBOUND,T-0495,부싱 20mm,B,B-02-03,입고STATION,B-02-03,9250.15,PEAK,12.7,8.6,4.4,0
671,OUTBOUND,T-0395,근접 센서,E,E-01-01,E-01-01,출고STATION,9253.44,PEAK,12.9,8.7,0.0,0
672,OUTBOUND,T-0445,나사 M4,A,A-06-02,A-06-02,출고STATION,9257.72,PEAK,12.3,12.3,0.0,0
673,INBOUND,T-0496,통신 케이블,C,C-03-04,입고STATION,C-03-04,9261.40,PEAK,11.1,8.5,3.8,0
674,OUTBOUND,T-0447,근접 센서,E,E-01-05,E-01-05,출고STATION,9268.17,PEAK,7.5,11.9,0.0,0
675,OUTBOUND,T-0059,터미널 블록,D,D-05-05,D-05-05,출고STATION,9273.98,PEAK,7.2,10.1,0.0,0
676,INBOUND,T-0497,제어 케이블,C,C-01-03,입고STATION,C-01-03,9280.54,PEAK,12.9,11.2,5.7,0
677,INBOUND,T-0498,퓨즈 5A,H,H-03-02,입고STATION,H-03-02,9284.37,PEAK,7.3,9.5,5.7,0
678,INBOUND,T-0499,제어 케이블,C,C-06-04,입고STATION,C-06-04,9288.49,PEAK,10.4,10.7,4.4,0
679,OUTBOUND,T-0423,베어링 6204,B,B-03-01,B-03-01,출고STATION,9293.78,PEAK,11.2,11.7,0.0,0
680,OUTBOUND,T-0193,전원공급장치 150W,H,H-03-05,H-03-05,출고STATION,9298.22,PEAK,12.0,11.2,0.0,0
681,INBOUND,T-0500,전선 2.5sq,C,C-05-03,입고STATION,C-05-03,9303.72,PEAK,9.8,11.6,5.0,0
682,OUTBOUND,T-0220,와셔 8mm,A,A-01-04,A-01-04,출고STATION,9307.55,PEAK,7.5,12.3,0.0,0
683,INBOUND,T-0501,솔레노이드 밸브,I,I-06-05,입고STATION,I-06-05,9313.93,PEAK,9.8,11.3,5.5,0
684,OUTBOUND,T-0348,볼트 M8,A,A-01-05,A-01-05,출고STATION,9318.88,PEAK,8.4,10.2,0.0,0
685,OUTBOUND,T-0129,튜브 연결구,I,I-01-04,I-01-04,출고STATION,9324.06,PEAK,7.6,12.9,0.0,0
686,OUTBOUND,T-0493,원터치 피팅,I,I-06-04,I-06-04,출고STATION,9327.80,PEAK,11.1,10.7,0.0,0
687,OUTBOUND,T-0282,릴레이 24V,G,G-02-01,G-02-01,출고STATION,9331.86,PEAK,11.7,10.5,0.0,0
688,INBOUND,T-0502,볼트 M8,A,A-01-01,입고STATION,A-01-01,9335.46,PEAK,8.6,8.6,3.8,0
689,INBOUND,T-0503,토글스위치,F,F-04-05,입고STATION,F-04-05,9341.14,PEAK,12.7,7.3,4.3,0
690,INBOUND,T-0504,튜브 연결구,I,I-02-04,입고STATION,I-02-04,9345.05,PEAK,10.5,11.4,6.1,0
691,INBOUND,T-0505,튜브 연결구,I,I-05-03,입고STATION,I-05-03,9349.72,PEAK,10.7,11.5,6.4,0
692,INBOUND,T-0506,제어 케이블,C,C-01-02,입고STATION,C-01-02,9356.25,PEAK,11.4,12.4,4.4,0
693,INBOUND,T-0507,컨트롤 모듈,G,G-06-01,입고STATION,G-06-01,9362.86,PEAK,11.2,10.2,5.2,0
694,OUTBOUND,T-0139,케이블타이,J,J-06-02,J-06-02,출고STATION,9369.46,PEAK,12.9,9.7,0.0,0
695,OUTBOUND,T-0378,베어링 6204,B,B-03-03,B-03-03,출고STATION,9372.94,PEAK,7.4,10.2,0.0,0
696,OUTBOUND,T-0216,베어링 6204,B,B-04-01,B-04-01,출고STATION,9379.83,PEAK,7.2,9.9,0.0,0
697,INBOUND,T-0508,푸시버튼,F,F-02-01,입고STATION,F-02-01,9384.52,PEAK,7.3,8.1,6.3,0
698,INBOUND,T-0509,PCB 보드,G,G-01-01,입고STATION,G-01-01,9391.51,PEAK,12.4,12.5,6.5,0
699,INBOUND,T-0510,볼트 M8,A,A-02-03,입고STATION,A-02-03,9395.79,PEAK,9.1,7.7,5.4,0
700,OUTBOUND,T-0491,전원공급장치 150W,H,H-05-03,H-05-03,출고STATION,9400.34,PEAK,9.0,8.4,0.0,0
701,INBOUND,T-0511,나사 M4,A,A-06-02,입고STATION,A-06-02,9405.42,PEAK,11.2,7.0,4.9,0
702,INBOUND,T-0512,전선 2.5sq,C,C-03-05,입고STATION,C-03-05,9408.87,PEAK,9.6,8.9,4.7,0
703,OUTBOUND,T-0119,전원공급장치 150W,H,H-02-05,H-02-05,출고STATION,9414.12,PEAK,10.7,9.3,0.0,0
704,OUTBOUND,T-0484,근접 센서,E,E-03-04,E-03-04,출고STATION,9420.64,PEAK,12.6,7.0,0.0,0
705,INBOUND,T-0513,원터치 피팅,I,I-06-02,입고STATION,I-06-02,9426.26,PEAK,10.1,11.3,6.4,0
706,INBOUND,T-0514,원터치 피팅,I,I-06-01,입고STATION,I-06-01,9429.95,PEAK,7.4,7.4,4.3,0
707,INBOUND,T-0515,케이블타이,J,J-04-01,입고STATION,J-04-01,9434.53,PEAK,7.8,10.0,5.2,0
708,OUTBOUND,T-0434,전원공급장치 150W,H,H-02-04,H-02-04,출고STATION,9437.73,PEAK,9.3,7.6,0.0,0
709,INBOUND,T-0516,온도 센서,E,E-06-04,입고STATION,E-06-04,9440.81,PEAK,7.5,8.0,5.6,0
710,INBOUND,T-0517,전선 2.5sq,C,C-02-01,입고STATION,C-02-01,9444.93,PEAK,11.0,10.1,4.1,0
711,OUTBOUND,T-0412,토글스위치,F,F-06-05,F-06-05,출고STATION,9448.47,PEAK,7.2,10.5,0.0,0
712,OUTBOUND,T-0132,원터치 피팅,I,I-02-05,I-02-05,출고STATION,9454.77,PEAK,11.5,11.3,0.0,1
713,INBOUND,T-0518,터미널 블록,D,D-01-05,입고STATION,D-01-05,9460.36,PEAK,12.5,8.6,4.4,0
714,OUTBOUND,T-0419,온도 센서,E,E-02-01,E-02-01,출고STATION,9466.32,PEAK,10.7,12.3,0.0,0
715,INBOUND,T-0519,퓨즈 5A,H,H-02-02,입고STATION,H-02-02,9471.38,PEAK,11.7,10.3,3.9,0
716,OUTBOUND,T-0506,제어 케이블,C,C-01-02,C-01-02,출고STATION,9476.41,PEAK,11.3,8.9,0.0,0
717,OUTBOUND,T-0479,나사 M4,A,A-02-02,A-02-02,출고STATION,9480.18,PEAK,7.6,10.4,0.0,0
718,INBOUND,T-0520,퓨즈 5A,H,H-04-03,입고STATION,H-04-03,9483.31,PEAK,9.8,12.1,6.1,0
719,INBOUND,T-0521,튜브 연결구,I,I-01-02,입고STATION,I-01-02,9487.11,PEAK,9.1,11.4,3.7,0
720,OUTBOUND,T-0515,케이블타이,J,J-04-01,J-04-01,출고STATION,9491.70,PEAK,11.9,9.2,0.0,0
721,OUTBOUND,T-0521,튜브 연결구,I,I-01-02,I-01-02,출고STATION,9495.66,PEAK,9.2,9.1,0.0,0
722,INBOUND,T-0522,전원공급장치 150W,H,H-06-02,입고STATION,H-06-02,9502.51,PEAK,7.5,11.4,4.2,0
723,OUTBOUND,T-0446,클립,J,J-02-05,J-02-05,출고STATION,9506.16,PEAK,10.5,9.0,0.0,0
724,INBOUND,T-0523,원터치 피팅,I,I-04-03,입고STATION,I-04-03,9511.92,PEAK,8.1,9.7,5.1,0
725,OUTBOUND,T-0471,터미널 블록,D,D-02-03,D-02-03,출고STATION,9515.57,PEAK,9.4,12.2,0.0,0
726,INBOUND,T-0524,광 센서,E,E-03-05,입고STATION,E-03-05,9521.16,PEAK,9.9,10.3,5.5,0
727,OUTBOUND,T-0355,전선 2.5sq,C,C-02-04,C-02-04,출고STATION,9525.80,PEAK,12.8,11.3,0.0,0
728,OUTBOUND,T-0509,PCB 보드,G,G-01-01,G-01-01,출고STATION,9532.44,PEAK,11.0,7.6,0.0,0
729,INBOUND,T-0525,광 센서,E,E-01-02,입고STATION,E-01-02,9536.34,PEAK,12.0,10.6,5.6,0
730,INBOUND,T-0526,리미트스위치,F,F-01-02,입고STATION,F-01-02,9543.20,PEAK,10.4,9.0,3.8,1
731,OUTBOUND,T-0337,커넥터 8P,D,D-05-04,D-05-04,출고STATION,9549.61,PEAK,9.5,7.8,0.0,0
732,OUTBOUND,T-0323,원터치 피팅,I,I-05-04,I-05-04,출고STATION,9553.82,PEAK,9.7,10.2,0.0,0
733,INBOUND,T-0527,퓨즈 5A,H,H-04-05,입고STATION,H-04-05,9557.23,PEAK,9.3,7.9,4.0,0
734,OUTBOUND,T-0525,광 센서,E,E-01-02,E-01-02,출고STATION,9562.82,PEAK,7.8,8.6,0.0,0
735,OUTBOUND,T-0527,퓨즈 5A,H,H-04-05,H-04-05,출고STATION,9567.74,PEAK,11.2,7.8,0.0,0
736,INBOUND,T-0528,어댑터 24V,H,H-04-02,입고STATION,H-04-02,9572.05,PEAK,11.8,8.7,4.1,0
737,INBOUND,T-0529,나사 M4,A,A-01-04,입고STATION,A-01-04,9575.65,PEAK,10.5,8.5,6.2,0
738,OUTBOUND,T-0289,절연테이프,J,J-05-01,J-05-01,출고STATION,9581.29,PEAK,12.2,10.3,0.0,0
739,INBOUND,T-0530,온도 센서,E,E-04-04,입고STATION,E-04-04,9586.91,PEAK,12.9,10.9,4.8,0
740,INBOUND,T-0531,컨트롤 모듈,G,G-01-04,입고STATION,G-01-04,9591.53,PEAK,8.0,12.5,6.0,0
741,INBOUND,T-0532,광 센서,E,E-06-05,입고STATION,E-06-05,9598.51,PEAK,10.1,9.5,6.1,0
742,INBOUND,T-0533,절연테이프,J,J-06-05,입고STATION,J-06-05,9604.36,PEAK,8.6,12.3,6.4,0
743,OUTBOUND,T-0531,컨트롤 모듈,G,G-01-04,G-01-04,출고STATION,9610.99,PEAK,8.5,10.3,0.0,0
744,INBOUND,T-0534,릴레이 24V,G,G-01-02,입고STATION,G-01-02,9617.37,PEAK,12.6,11.6,5.1,0
745,OUTBOUND,T-0470,전원공급장치 150W,H,H-06-03,H-06-03,출고STATION,9621.54,PEAK,10.5,11.6,0.0,0
746,OUTBOUND,T-0461,전원공급장치 150W,H,H-05-01,H-05-01,출고STATION,9627.59,PEAK,11.7,8.5,0.0,0
747,OUTBOUND,T-0520,퓨즈 5A,H,H-04-03,H-04-03,출고STATION,9631.48,PEAK,8.4,10.3,0.0,0
748,OUTBOUND,T-0528,어댑터 24V,H,H-04-02,H-04-02,출고STATION,9637.64,PEAK,12.1,11.1,0.0,0
749,INBOUND,T-0535,통신 케이블,C,C-04-02,입고STATION,C-04-02,9642.49,PEAK,8.8,8.5,4.9,0
750,OUTBOUND,T-0231,너트 M8,A,A-05-03,A-05-03,출고STATION,9647.82,PEAK,8.4,8.9,0.0,0
751,INBOUND,T-0536,튜브 연결구,I,I-01-03,입고STATION,I-01-03,9654.38,PEAK,12.8,12.6,4.2,0
752,OUTBOUND,T-0398,소켓 16P,D,D-05-02,D-05-02,출고STATION,9658.58,PEAK,10.3,12.4,0.0,0
753,OUTBOUND,T-0514,원터치 피팅,I,I-06-01,I-06-01,출고STATION,9665.55,PEAK,8.1,11.4,0.0,0
754,OUTBOUND,T-0374,나사 M4,A,A-06-03,A-06-03,출고STATION,9669.81,PEAK,10.2,12.6,0.0,0
755,OUTBOUND,T-0474,근접 센서,E,E-06-01,E-06-01,출고STATION,9674.14,PEAK,12.1,9.4,0.0,0
756,INBOUND,T-0537,소켓 16P,D,D-01-02,입고STATION,D-01-02,9677.16,PEAK,9.3,12.7,3.5,0
757,OUTBOUND,T-0441,제어 케이블,C,C-06-01,C-06-01,출고STATION,9683.22,PEAK,10.0,9.1,0.0,0
758,OUTBOUND,T-0490,토글스위치,F,F-03-03,F-03-03,출고STATION,9688.68,PEAK,10.2,11.7,0.0,0
759,OUTBOUND,T-0469,전선 2.5sq,C,C-05-04,C-05-04,출고STATION,9695.54,PEAK,10.5,7.6,0.0,0
760,INBOUND,T-0538,제어 케이블,C,C-04-01,입고STATION,C-04-01,9699.34,PEAK,11.0,9.1,3.8,0
761,OUTBOUND,T-0512,전선 2.5sq,C,C-03-05,C-03-05,출고STATION,9705.36,PEAK,8.3,11.1,0.0,0
762,INBOUND,T-0539,소형 롤러,B,B-03-02,입고STATION,B-03-02,9708.38,PEAK,10.3,7.3,4.3,0
763,OUTBOUND,T-0394,통신 케이블,C,C-03-03,C-03-03,출고STATION,9714.89,PEAK,9.7,11.8,0.0,0
764,INBOUND,T-0540,전선 2.5sq,C,C-04-05,입고STATION,C-04-05,9719.90,PEAK,8.8,7.5,6.2,0
765,INBOUND,T-0541,전원공급장치 150W,H,H-05-04,입고STATION,H-05-04,9724.09,PEAK,9.6,10.9,5.5,0
766,OUTBOUND,T-0524,광 센서,E,E-03-05,E-03-05,출고STATION,9730.65,PEAK,12.5,12.5,0.0,0
767,INBOUND,T-0542,원터치 피팅,I,I-05-01,입고STATION,I-05-01,9735.08,PEAK,11.4,7.1,4.1,0
768,INBOUND,T-0543,베어링 6204,B,B-01-02,입고STATION,B-01-02,9739.00,PEAK,10.3,13.0,6.4,0
769,OUTBOUND,T-0354,소켓 16P,D,D-03-02,D-03-02,출고STATION,9744.93,PEAK,7.1,9.5,0.0,0
770,INBOUND,T-0544,나사 M4,A,A-01-05,입고STATION,A-01-05,9749.40,PEAK,12.4,10.4,3.8,0
771,OUTBOUND,T-0430,전선 2.5sq,C,C-02-05,C-02-05,출고STATION,9755.90,PEAK,12.7,10.8,0.0,0
772,OUTBOUND,T-0533,절연테이프,J,J-06-05,J-06-05,출고STATION,9762.88,PEAK,11.9,11.2,0.0,0
773,INBOUND,T-0545,리미트스위치,F,F-03-01,입고STATION,F-03-01,9765.96,PEAK,7.2,10.6,5.3,0
774,INBOUND,T-0546,튜브 연결구,I,I-03-05,입고STATION,I-03-05,9770.48,PEAK,11.5,12.2,6.2,0
775,INBOUND,T-0547,케이블타이,J,J-01-02,입고STATION,J-01-02,9774.10,PEAK,8.2,9.8,4.4,0
776,INBOUND,T-0548,클립,J,J-02-03,입고STATION,J-02-03,9778.30,PEAK,13.0,9.7,4.4,0
777,INBOUND,T-0549,부싱 20mm,B,B-05-01,입고STATION,B-05-01,9782.38,PEAK,9.7,8.5,5.9,0
778,OUTBOUND,T-0473,전선 2.5sq,C,C-06-02,C-06-02,출고STATION,9788.70,PEAK,7.8,11.5,0.0,0
779,INBOUND,T-0550,소켓 16P,D,D-04-04,입고STATION,D-04-04,9792.16,PEAK,10.7,8.1,3.6,0
780,OUTBOUND,T-0486,소켓 16P,D,D-02-04,D-02-04,출고STATION,9795.96,PEAK,8.7,10.9,0.0,0
781,INBOUND,T-0551,통신 케이블,C,C-01-04,입고STATION,C-01-04,9801.77,PEAK,11.0,12.3,4.9,0
782,OUTBOUND,T-0536,튜브 연결구,I,I-01-03,I-01-03,출고STATION,9806.76,PEAK,8.2,9.5,0.0,0
783,INBOUND,T-0552,전선 2.5sq,C,C-01-02,입고STATION,C-01-02,9810.70,PEAK,10.5,10.1,6.2,0
784,OUTBOUND,T-0543,베어링 6204,B,B-01-02,B-01-02,출고STATION,9817.04,PEAK,7.2,8.9,0.0,0
785,OUTBOUND,T-0535,통신 케이블,C,C-04-02,C-04-02,출고STATION,9823.15,PEAK,11.8,7.5,0.0,0
786,INBOUND,T-0553,전원공급장치 150W,H,H-01-05,입고STATION,H-01-05,9828.73,PEAK,7.4,7.1,4.9,0
787,OUTBOUND,T-0456,터미널 블록,D,D-05-01,D-05-01,출고STATION,9833.59,PEAK,10.0,12.8,0.0,0
788,INBOUND,T-0554,전원공급장치 150W,H,H-01-03,입고STATION,H-01-03,9840.00,PEAK,8.1,9.3,4.6,0
789,OUTBOUND,T-0031,전선 2.5sq,C,C-01-01,C-01-01,출고STATION,9845.95,PEAK,10.2,12.4,0.0,0
790,OUTBOUND,T-0459,소형 롤러,B,B-02-04,B-02-04,출고STATION,9852.36,PEAK,9.1,7.6,0.0,0
791,OUTBOUND,T-0285,전원공급장치 150W,H,H-06-01,H-06-01,출고STATION,9856.79,PEAK,7.9,8.8,0.0,0
792,OUTBOUND,T-0379,제어 케이블,C,C-06-03,C-06-03,출고STATION,9861.28,PEAK,9.4,9.2,0.0,0
793,OUTBOUND,T-0501,솔레노이드 밸브,I,I-06-05,I-06-05,출고STATION,9865.88,PEAK,8.7,10.2,0.0,0
794,INBOUND,T-0555,케이블타이,J,J-05-05,입고STATION,J-05-05,9872.28,PEAK,10.2,8.6,6.4,0
795,OUTBOUND,T-0185,나사 M4,A,A-06-01,A-06-01,출고STATION,9875.74,PEAK,9.2,8.5,0.0,0
796,INBOUND,T-0556,토글스위치,F,F-06-03,입고STATION,F-06-03,9879.15,PEAK,11.7,11.1,3.5,0
797,OUTBOUND,T-0352,솔레노이드 밸브,I,I-03-03,I-03-03,출고STATION,9884.86,PEAK,10.6,8.8,0.0,0
798,INBOUND,T-0557,케이블타이,J,J-03-05,입고STATION,J-03-05,9890.31,PEAK,10.7,10.3,4.4,0
799,OUTBOUND,T-0504,튜브 연결구,I,I-02-04,I-02-04,출고STATION,9895.24,PEAK,9.8,9.1,0.0,0
800,OUTBOUND,T-0367,퓨즈 5A,H,H-04-01,H-04-01,출고STATION,9898.43,PEAK,11.8,10.3,0.0,0
801,OUTBOUND,T-0351,솔레노이드 밸브,I,I-04-05,I-04-05,출고STATION,9920.47,일반,7.1,7.4,0.0,0
802,OUTBOUND,T-0465,소켓 16P,D,D-03-04,D-03-04,출고STATION,9942.71,일반,10.2,9.1,0.0,0
803,OUTBOUND,T-0211,케이블타이,J,J-05-02,J-05-02,출고STATION,9962.90,일반,11.7,7.2,0.0,0
804,INBOUND,T-0558,터미널 블록,D,D-06-04,입고STATION,D-06-04,9982.23,일반,8.3,9.4,3.6,0
805,OUTBOUND,T-0372,컨트롤 모듈,G,G-04-02,G-04-02,출고STATION,10000.69,일반,7.8,12.3,0.0,0
806,INBOUND,T-0559,튜브 연결구,I,I-01-04,입고STATION,I-01-04,10024.08,일반,11.9,10.7,5.6,0
807,INBOUND,T-0560,통신 케이블,C,C-02-04,입고STATION,C-02-04,10039.62,일반,11.0,9.6,4.8,0
808,OUTBOUND,T-0522,전원공급장치 150W,H,H-06-02,H-06-02,출고STATION,10063.11,일반,11.1,11.3,0.0,0
809,OUTBOUND,T-0554,전원공급장치 150W,H,H-01-03,H-01-03,출고STATION,10078.86,일반,10.7,12.4,0.0,0
810,OUTBOUND,T-0329,근접 센서,E,E-04-02,E-04-02,출고STATION,10096.27,일반,11.1,10.3,0.0,0
811,OUTBOUND,T-0505,튜브 연결구,I,I-05-03,I-05-03,출고STATION,10116.34,일반,8.9,10.6,0.0,0
812,OUTBOUND,T-0475,소켓 16P,D,D-04-02,D-04-02,출고STATION,10135.37,일반,8.9,7.2,0.0,0
813,OUTBOUND,T-0376,클립,J,J-04-05,J-04-05,출고STATION,10154.96,일반,7.7,11.1,0.0,0
814,OUTBOUND,T-0411,전원공급장치 150W,H,H-04-04,H-04-04,출고STATION,10170.84,일반,12.8,12.3,0.0,0
815,OUTBOUND,T-0519,퓨즈 5A,H,H-02-02,H-02-02,출고STATION,10189.00,일반,10.4,11.4,0.0,0
816,OUTBOUND,T-0507,컨트롤 모듈,G,G-06-01,G-06-01,출고STATION,10205.03,일반,11.5,8.0,0.0,0
817,INBOUND,T-0561,볼트 M8,A,A-02-02,입고STATION,A-02-02,10225.60,일반,11.8,11.0,5.5,0
818,OUTBOUND,T-0344,클립,J,J-04-04,J-04-04,출고STATION,10248.52,일반,12.5,11.8,0.0,0
819,OUTBOUND,T-0546,튜브 연결구,I,I-03-05,I-03-05,출고STATION,10266.56,일반,10.0,9.9,0.0,0
820,INBOUND,T-0562,전원공급장치 150W,H,H-06-04,입고STATION,H-06-04,10283.63,일반,9.9,12.1,5.5,0
821,OUTBOUND,T-0241,볼트 M8,A,A-06-05,A-06-05,출고STATION,10302.27,일반,10.8,10.1,0.0,0
822,INBOUND,T-0563,전원공급장치 150W,H,H-05-05,입고STATION,H-05-05,10319.50,일반,10.8,11.0,4.6,0
823,OUTBOUND,T-0457,케이블타이,J,J-03-04,J-03-04,출고STATION,10340.10,일반,12.6,11.0,0.0,0
824,INBOUND,T-0564,토글스위치,F,F-02-05,입고STATION,F-02-05,10359.83,일반,10.9,12.2,5.0,0
825,OUTBOUND,T-0453,부싱 20mm,B,B-04-03,B-04-03,출고STATION,10379.35,일반,9.0,12.6,0.0,0
826,INBOUND,T-0565,토글스위치,F,F-01-05,입고STATION,F-01-05,10394.38,일반,8.6,11.0,5.7,0
827,INBOUND,T-0566,광 센서,E,E-02-04,입고STATION,E-02-04,10419.02,일반,9.3,7.8,5.2,0
828,INBOUND,T-0567,베어링 6204,B,B-01-03,입고STATION,B-01-03,10439.24,일반,10.6,10.5,3.7,0
829,OUTBOUND,T-0418,어댑터 24V,H,H-03-04,H-03-04,출고STATION,10463.21,일반,10.1,12.4,0.0,0
830,OUTBOUND,T-0333,컨트롤 모듈,G,G-01-03,G-01-03,출고STATION,10486.43,일반,8.9,12.4,0.0,0
831,OUTBOUND,T-0324,터미널 블록,D,D-05-03,D-05-03,출고STATION,10503.97,일반,11.3,8.1,0.0,0
832,OUTBOUND,T-0369,PCB 보드,G,G-03-04,G-03-04,출고STATION,10520.18,일반,8.2,9.0,0.0,0
833,OUTBOUND,T-0464,터미널 블록,D,D-02-05,D-02-05,출고STATION,10539.75,일반,7.7,8.4,0.0,0
834,OUTBOUND,T-0534,릴레이 24V,G,G-01-02,G-01-02,출고STATION,10558.13,일반,9.4,12.6,0.0,0
835,INBOUND,T-0568,케이블타이,J,J-01-05,입고STATION,J-01-05,10582.39,일반,7.4,9.8,6.0,0
836,INBOUND,T-0569,전원공급장치 150W,H,H-02-01,입고STATION,H-02-01,10605.11,일반,12.2,11.9,5.4,0
837,INBOUND,T-0570,원터치 피팅,I,I-06-04,입고STATION,I-06-04,10626.70,일반,11.8,7.2,3.8,0
838,OUTBOUND,T-0343,볼트 M8,A,A-02-04,A-02-04,출고STATION,10651.34,일반,9.2,12.5,0.0,0
839,INBOUND,T-0571,솔레노이드 밸브,I,I-02-05,입고STATION,I-02-05,10673.70,일반,8.4,9.0,4.9,0
840,OUTBOUND,T-0553,전원공급장치 150W,H,H-01-05,H-01-05,출고STATION,10697.09,일반,10.3,8.7,0.0,0
841,OUTBOUND,T-0540,전선 2.5sq,C,C-04-05,C-04-05,출고STATION,10719.90,일반,9.5,8.4,0.0,0
842,INBOUND,T-0572,전선 2.5sq,C,C-06-01,입고STATION,C-06-01,10736.64,일반,8.4,10.9,6.3,0
843,OUTBOUND,T-0364,케이블타이,J,J-05-04,J-05-04,출고STATION,10755.51,일반,10.1,10.8,0.0,0
844,OUTBOUND,T-0342,솔레노이드 밸브,I,I-06-03,I-06-03,출고STATION,10779.34,일반,11.9,9.9,0.0,0
845,INBOUND,T-0573,클립,J,J-02-02,입고STATION,J-02-02,10798.52,일반,10.7,8.4,4.3,0
846,OUTBOUND,T-0488,근접 센서,E,E-02-05,E-02-05,출고STATION,10821.15,일반,8.5,8.4,0.0,0
847,INBOUND,T-0574,온도 센서,E,E-05-03,입고STATION,E-05-03,10845.78,일반,11.7,9.3,4.0,0
848,OUTBOUND,T-0551,통신 케이블,C,C-01-04,C-01-04,출고STATION,10868.83,일반,11.7,7.9,0.0,0
849,OUTBOUND,T-0513,원터치 피팅,I,I-06-02,I-06-02,출고STATION,10889.86,일반,9.7,12.0,0.0,0
850,INBOUND,T-0575,솔레노이드 밸브,I,I-01-02,입고STATION,I-01-02,10913.29,일반,7.8,8.6,6.0,0
851,OUTBOUND,T-0292,솔레노이드 밸브,I,I-02-02,I-02-02,출고STATION,10935.41,일반,11.3,12.3,0.0,0
852,OUTBOUND,T-0568,케이블타이,J,J-01-05,J-01-05,출고STATION,10952.41,일반,12.5,7.6,0.0,0
853,OUTBOUND,T-0226,리미트스위치,F,F-05-04,F-05-04,출고STATION,10970.32,일반,9.1,9.8,0.0,0
854,INBOUND,T-0576,통신 케이블,C,C-05-04,입고STATION,C-05-04,10986.65,일반,10.9,8.6,5.7,0
855,OUTBOUND,T-0565,토글스위치,F,F-01-05,F-01-05,출고STATION,11007.07,일반,8.1,10.0,0.0,0
856,INBOUND,T-0577,토글스위치,F,F-06-05,입고STATION,F-06-05,11023.23,일반,11.9,12.9,5.6,0
857,INBOUND,T-0578,클립,J,J-02-01,입고STATION,J-02-01,11043.03,일반,12.4,9.3,4.7,0
858,INBOUND,T-0579,솔레노이드 밸브,I,I-05-04,입고STATION,I-05-04,11065.13,일반,7.8,11.5,5.4,0
859,OUTBOUND,T-0188,PCB 보드,G,G-06-05,G-06-05,출고STATION,11088.91,일반,11.4,7.7,0.0,0
860,INBOUND,T-0580,베어링 6204,B,B-01-01,입고STATION,B-01-01,11104.03,일반,11.5,11.0,6.2,0
861,OUTBOUND,T-0444,와셔 8mm,A,A-02-05,A-02-05,출고STATION,11122.84,일반,10.1,7.2,0.0,0
862,OUTBOUND,T-0299,근접 센서,E,E-06-03,E-06-03,출고STATION,11138.41,일반,12.4,10.1,0.0,0
863,INBOUND,T-0581,근접 센서,E,E-01-03,입고STATION,E-01-03,11163.24,일반,7.3,9.0,4.3,0
864,INBOUND,T-0582,근접 센서,E,E-02-03,입고STATION,E-02-03,11186.64,일반,12.6,10.1,5.6,0
865,OUTBOUND,T-0260,너트 M8,A,A-01-03,A-01-03,출고STATION,11209.17,일반,9.3,8.0,0.0,0
866,OUTBOUND,T-0449,부싱 20mm,B,B-05-05,B-05-05,출고STATION,11232.31,일반,9.7,9.6,0.0,0
867,INBOUND,T-0583,원터치 피팅,I,I-06-01,입고STATION,I-06-01,11255.99,일반,12.7,11.6,5.5,0
868,INBOUND,T-0584,솔레노이드 밸브,I,I-01-03,입고STATION,I-01-03,11278.42,일반,11.8,12.6,5.4,0
869,INBOUND,T-0585,광 센서,E,E-06-02,입고STATION,E-06-02,11295.79,일반,12.2,11.5,5.4,0
870,INBOUND,T-0586,PCB 보드,G,G-06-03,입고STATION,G-06-03,11317.44,일반,8.4,10.4,4.7,0
871,INBOUND,T-0587,토글스위치,F,F-03-03,입고STATION,F-03-03,11336.60,일반,7.4,12.7,5.8,0
872,OUTBOUND,T-0582,근접 센서,E,E-02-03,E-02-03,출고STATION,11352.14,일반,8.2,11.3,0.0,0
873,OUTBOUND,T-0498,퓨즈 5A,H,H-03-02,H-03-02,출고STATION,11373.35,일반,10.9,9.9,0.0,0
874,OUTBOUND,T-0396,푸시버튼,F,F-03-05,F-03-05,출고STATION,11397.46,일반,10.7,7.0,0.0,0
875,INBOUND,T-0588,케이블타이,J,J-04-02,입고STATION,J-04-02,11418.35,일반,8.5,9.0,4.8,0
876,INBOUND,T-0589,터미널 블록,D,D-01-01,입고STATION,D-01-01,11441.11,일반,11.3,7.7,4.2,0
877,OUTBOUND,T-0539,소형 롤러,B,B-03-02,B-03-02,출고STATION,11460.60,일반,10.8,12.4,0.0,0
878,OUTBOUND,T-0123,원터치 피팅,I,I-04-01,I-04-01,출고STATION,11485.22,일반,10.4,10.4,0.0,0
879,OUTBOUND,T-0472,컨트롤 모듈,G,G-02-04,G-02-04,출고STATION,11503.99,일반,8.5,12.7,0.0,0
880,INBOUND,T-0590,전선 2.5sq,C,C-03-05,입고STATION,C-03-05,11524.56,일반,7.3,12.1,5.9,0
881,OUTBOUND,T-0429,온도 센서,E,E-05-02,E-05-02,출고STATION,11545.40,일반,11.3,11.5,0.0,0
882,INBOUND,T-0591,전선 2.5sq,C,C-03-03,입고STATION,C-03-03,11563.70,일반,7.1,12.6,3.8,0
883,OUTBOUND,T-0263,토글스위치,F,F-02-04,F-02-04,출고STATION,11580.24,일반,8.8,8.6,0.0,0
884,OUTBOUND,T-0557,케이블타이,J,J-03-05,J-03-05,출고STATION,11595.75,일반,8.9,9.5,0.0,0
885,OUTBOUND,T-0562,전원공급장치 150W,H,H-06-04,H-06-04,출고STATION,11617.37,일반,9.9,10.3,0.0,0
886,INBOUND,T-0592,토글스위치,F,F-05-04,입고STATION,F-05-04,11633.10,일반,7.1,7.7,4.5,0
887,INBOUND,T-0593,통신 케이블,C,C-02-05,입고STATION,C-02-05,11650.30,일반,7.7,9.3,4.8,0
888,INBOUND,T-0594,원터치 피팅,I,I-06-05,입고STATION,I-06-05,11665.98,일반,12.1,9.8,3.8,0
889,INBOUND,T-0595,솔레노이드 밸브,I,I-03-03,입고STATION,I-03-03,11685.14,일반,9.7,9.3,5.9,0
890,OUTBOUND,T-0341,터미널 블록,D,D-06-05,D-06-05,출고STATION,11701.06,일반,9.2,10.5,0.0,0
891,OUTBOUND,T-0191,푸시버튼,F,F-05-02,F-05-02,출고STATION,11718.19,일반,9.4,10.2,0.0,0
892,OUTBOUND,T-0439,터미널 블록,D,D-03-05,D-03-05,출고STATION,11736.80,일반,10.7,10.8,0.0,0
893,INBOUND,T-0596,퓨즈 5A,H,H-01-01,입고STATION,H-01-01,11757.98,일반,10.1,7.1,4.4,0
894,OUTBOUND,T-0401,나사 M4,A,A-04-01,A-04-01,출고STATION,11781.22,일반,12.8,8.9,0.0,0
895,OUTBOUND,T-0569,전원공급장치 150W,H,H-02-01,H-02-01,출고STATION,11802.91,일반,9.6,11.3,0.0,0
896,INBOUND,T-0597,클립,J,J-03-03,입고STATION,J-03-03,11826.95,일반,12.8,8.9,4.6,0
897,OUTBOUND,T-0320,너트 M8,A,A-05-05,A-05-05,출고STATION,11844.39,일반,12.5,7.0,0.0,0
898,OUTBOUND,T-0435,릴레이 24V,G,G-04-03,G-04-03,출고STATION,11868.25,일반,10.3,10.0,0.0,0
899,OUTBOUND,T-0584,솔레노이드 밸브,I,I-01-03,I-01-03,출고STATION,11887.11,일반,12.3,11.7,0.0,0
900,INBOUND,T-0598,솔레노이드 밸브,I,I-02-04,입고STATION,I-02-04,11902.35,일반,12.8,12.7,4.3,0
901,OUTBOUND,T-0432,원터치 피팅,I,I-03-04,I-03-04,출고STATION,11922.50,일반,11.3,11.2,0.0,0
902,INBOUND,T-0599,광 센서,E,E-05-01,입고STATION,E-05-01,11942.37,일반,11.5,11.8,6.5,0
903,INBOUND,T-0600,원터치 피팅,I,I-04-05,입고STATION,I-04-05,11959.29,일반,8.4,7.4,3.8,0
904,INBOUND,T-0601,통신 케이블,C,C-06-02,입고STATION,C-06-02,11983.77,일반,12.0,10.4,6.4,0
905,INBOUND,T-0602,베어링 6204,B,B-05-02,입고STATION,B-05-02,12004.10,일반,9.6,8.7,4.1,0
906,INBOUND,T-0603,소켓 16P,D,D-06-01,입고STATION,D-06-01,12025.81,일반,12.8,10.8,5.6,0
907,OUTBOUND,T-0567,베어링 6204,B,B-01-03,B-01-03,출고STATION,12045.05,일반,7.7,11.8,0.0,0
908,OUTBOUND,T-0586,PCB 보드,G,G-06-03,G-06-03,출고STATION,12065.43,일반,8.2,11.5,0.0,0
909,INBOUND,T-0604,전선 2.5sq,C,C-04-02,입고STATION,C-04-02,12087.90,일반,12.6,12.8,5.1,0
910,OUTBOUND,T-0508,푸시버튼,F,F-02-01,F-02-01,출고STATION,12107.49,일반,12.7,11.4,0.0,0
911,OUTBOUND,T-0561,볼트 M8,A,A-02-02,A-02-02,출고STATION,12123.36,일반,8.8,8.6,0.0,0
912,INBOUND,T-0605,원터치 피팅,I,I-05-03,입고STATION,I-05-03,12146.31,일반,12.4,12.3,4.9,0
913,OUTBOUND,T-0450,커넥터 8P,D,D-06-02,D-06-02,출고STATION,12167.06,일반,10.1,10.2,0.0,0
914,OUTBOUND,T-0563,전원공급장치 150W,H,H-05-05,H-05-05,출고STATION,12186.13,일반,8.3,10.0,0.0,0
915,OUTBOUND,T-0487,토글스위치,F,F-01-01,F-01-01,출고STATION,12205.18,일반,11.7,9.3,0.0,0
916,INBOUND,T-0606,소형 롤러,B,B-04-04,입고STATION,B-04-04,12224.07,일반,8.5,12.0,4.0,0
917,INBOUND,T-0607,케이블타이,J,J-06-03,입고STATION,J-06-03,12239.13,일반,8.8,8.9,5.3,0
918,OUTBOUND,T-0407,케이블타이,J,J-06-01,J-06-01,출고STATION,12261.69,일반,10.0,12.4,0.0,0
919,INBOUND,T-0608,부싱 20mm,B,B-05-03,입고STATION,B-05-03,12283.70,일반,12.7,12.6,3.6,0
920,OUTBOUND,T-0608,부싱 20mm,B,B-05-03,B-05-03,출고STATION,12307.98,일반,7.3,7.3,0.0,0
921,INBOUND,T-0609,광 센서,E,E-02-02,입고STATION,E-02-02,12330.85,일반,12.1,11.2,5.9,0
922,INBOUND,T-0610,전원공급장치 150W,H,H-03-03,입고STATION,H-03-03,12346.71,일반,8.8,8.6,6.0,0
923,OUTBOUND,T-0012,나사 M4,A,A-05-04,A-05-04,출고STATION,12365.66,일반,11.0,12.7,0.0,0
924,INBOUND,T-0611,커넥터 8P,D,D-02-01,입고STATION,D-02-01,12382.23,일반,7.0,7.5,5.9,0
925,OUTBOUND,T-0162,튜브 연결구,I,I-02-03,I-02-03,출고STATION,12404.70,일반,12.9,11.5,0.0,0
926,INBOUND,T-0612,제어 케이블,C,C-01-01,입고STATION,C-01-01,12429.30,일반,11.7,12.1,4.6,0
927,OUTBOUND,T-0545,리미트스위치,F,F-03-01,F-03-01,출고STATION,12451.07,일반,10.5,8.9,0.0,0
928,OUTBOUND,T-0583,원터치 피팅,I,I-06-01,I-06-01,출고STATION,12471.60,일반,11.7,8.6,0.0,0
929,OUTBOUND,T-0014,나사 M4,A,A-04-05,A-04-05,출고STATION,12487.84,일반,9.7,8.5,0.0,0
930,OUTBOUND,T-0571,솔레노이드 밸브,I,I-02-05,I-02-05,출고STATION,12508.80,일반,11.0,11.3,0.0,0
931,OUTBOUND,T-0581,근접 센서,E,E-01-03,E-01-03,출고STATION,12533.27,일반,12.7,9.5,0.0,0
932,INBOUND,T-0613,푸시버튼,F,F-01-05,입고STATION,F-01-05,12555.76,일반,12.5,7.0,5.4,0
933,OUTBOUND,T-0575,솔레노이드 밸브,I,I-01-02,I-01-02,출고STATION,12574.88,일반,8.2,12.5,0.0,0
934,INBOUND,T-0614,소켓 16P,D,D-03-01,입고STATION,D-03-01,12591.49,일반,9.8,11.9,4.6,0
935,INBOUND,T-0615,커넥터 8P,D,D-02-02,입고STATION,D-02-02,12614.84,일반,8.0,10.9,4.5,0
936,INBOUND,T-0616,케이블타이,J,J-03-01,입고STATION,J-03-01,12631.65,일반,12.1,11.7,3.7,0
937,OUTBOUND,T-0570,원터치 피팅,I,I-06-04,I-06-04,출고STATION,12655.17,일반,8.8,9.4,0.0,0
938,INBOUND,T-0617,부싱 20mm,B,B-04-05,입고STATION,B-04-05,12676.61,일반,12.1,12.0,4.6,0
939,OUTBOUND,T-0609,광 센서,E,E-02-02,E-02-02,출고STATION,12698.33,일반,12.2,8.3,0.0,0
940,INBOUND,T-0618,절연테이프,J,J-01-01,입고STATION,J-01-01,12715.31,일반,9.2,8.0,4.8,0
941,OUTBOUND,T-0350,리미트스위치,F,F-02-02,F-02-02,출고STATION,12739.82,일반,9.4,11.4,0.0,0
942,INBOUND,T-0619,커넥터 8P,D,D-05-05,입고STATION,D-05-05,12761.53,일반,9.1,11.1,6.1,0
943,OUTBOUND,T-0495,부싱 20mm,B,B-02-03,B-02-03,출고STATION,12779.38,일반,10.4,9.3,0.0,0
944,INBOUND,T-0620,전원공급장치 150W,H,H-02-03,입고STATION,H-02-03,12797.56,일반,12.7,10.2,6.0,0
945,OUTBOUND,T-0574,온도 센서,E,E-05-03,E-05-03,출고STATION,12818.73,일반,11.3,8.4,0.0,0
946,INBOUND,T-0621,리미트스위치,F,F-03-05,입고STATION,F-03-05,12839.38,일반,10.5,11.8,3.7,0
947,INBOUND,T-0622,전선 2.5sq,C,C-06-03,입고STATION,C-06-03,12863.97,일반,10.3,11.1,5.6,0
948,INBOUND,T-0623,소켓 16P,D,D-02-03,입고STATION,D-02-03,12882.10,일반,12.8,12.4,5.3,0
949,INBOUND,T-0624,PCB 보드,G,G-02-03,입고STATION,G-02-03,12904.50,일반,11.3,10.9,4.6,0
950,OUTBOUND,T-0576,통신 케이블,C,C-05-04,C-05-04,출고STATION,12927.90,일반,12.4,8.4,0.0,0
951,INBOUND,T-0625,전원공급장치 150W,H,H-03-01,입고STATION,H-03-01,12950.23,일반,7.3,10.7,4.5,0
952,OUTBOUND,T-0566,광 센서,E,E-02-04,E-02-04,출고STATION,12969.68,일반,10.8,8.1,0.0,0
953,INBOUND,T-0626,통신 케이블,C,C-04-05,입고STATION,C-04-05,12990.20,일반,12.4,10.3,5.6,0
954,INBOUND,T-0627,근접 센서,E,E-05-05,입고STATION,E-05-05,13011.27,일반,12.2,12.9,4.0,0
955,OUTBOUND,T-0623,소켓 16P,D,D-02-03,D-02-03,출고STATION,13035.18,일반,12.7,12.6,0.0,0
956,INBOUND,T-0628,소형 롤러,B,B-02-01,입고STATION,B-02-01,13057.51,일반,11.1,12.1,5.7,0
957,OUTBOUND,T-0544,나사 M4,A,A-01-05,A-01-05,출고STATION,13073.27,일반,7.6,7.2,0.0,0
958,OUTBOUND,T-0607,케이블타이,J,J-06-03,J-06-03,출고STATION,13094.58,일반,12.6,11.1,0.0,0
959,INBOUND,T-0629,커넥터 8P,D,D-05-04,입고STATION,D-05-04,13117.28,일반,12.6,10.9,4.2,0
960,OUTBOUND,T-0594,원터치 피팅,I,I-06-05,I-06-05,출고STATION,13137.79,일반,12.8,10.6,0.0,0
961,OUTBOUND,T-0601,통신 케이블,C,C-06-02,C-06-02,출고STATION,13157.51,일반,7.9,8.1,0.0,0
962,INBOUND,T-0630,클립,J,J-06-02,입고STATION,J-06-02,13176.44,일반,8.4,11.4,6.0,0
963,OUTBOUND,T-0443,제어 케이블,C,C-04-03,C-04-03,출고STATION,13200.01,일반,9.3,9.9,0.0,0
964,OUTBOUND,T-0437,소형 롤러,B,B-06-04,B-06-04,출고STATION,13220.02,일반,9.2,8.9,0.0,0
965,INBOUND,T-0631,너트 M8,A,A-05-03,입고STATION,A-05-03,13238.66,일반,10.9,9.2,5.0,0
966,OUTBOUND,T-0384,케이블타이,J,J-03-02,J-03-02,출고STATION,13262.14,일반,10.6,8.7,0.0,0
967,INBOUND,T-0632,제어 케이블,C,C-01-04,입고STATION,C-01-04,13284.71,일반,10.2,10.1,5.5,0
968,INBOUND,T-0633,클립,J,J-04-01,입고STATION,J-04-01,13301.30,일반,12.8,10.9,5.0,0
969,INBOUND,T-0634,통신 케이블,C,C-05-04,입고STATION,C-05-04,13322.90,일반,8.1,11.6,5.8,0
970,OUTBOUND,T-0489,리미트스위치,F,F-05-01,F-05-01,출고STATION,13345.22,일반,8.1,7.0,0.0,0
971,OUTBOUND,T-0625,전원공급장치 150W,H,H-03-01,H-03-01,출고STATION,13362.41,일반,12.1,11.8,0.0,0
972,OUTBOUND,T-0081,리미트스위치,F,F-02-03,F-02-03,출고STATION,13378.04,일반,9.3,9.7,0.0,0
973,OUTBOUND,T-0255,커넥터 8P,D,D-04-05,D-04-05,출고STATION,13393.46,일반,12.8,11.6,0.0,0
974,INBOUND,T-0635,리미트스위치,F,F-02-04,입고STATION,F-02-04,13417.54,일반,11.0,10.2,5.4,0
975,OUTBOUND,T-0596,퓨즈 5A,H,H-01-01,H-01-01,출고STATION,13437.24,일반,9.3,12.6,0.0,0
976,INBOUND,T-0636,푸시버튼,F,F-05-02,입고STATION,F-05-02,13452.64,일반,11.5,7.8,3.7,0
977,OUTBOUND,T-0523,원터치 피팅,I,I-04-03,I-04-03,출고STATION,13474.67,일반,11.2,9.1,0.0,0
978,OUTBOUND,T-0516,온도 센서,E,E-06-04,E-06-04,출고STATION,13498.02,일반,10.6,7.8,0.0,0
979,INBOUND,T-0637,제어 케이블,C,C-06-02,입고STATION,C-06-02,13518.47,일반,8.7,7.6,5.8,0
980,INBOUND,T-0638,토글스위치,F,F-02-01,입고STATION,F-02-01,13540.00,일반,8.1,10.9,6.3,0
981,INBOUND,T-0639,소형 롤러,B,B-03-04,입고STATION,B-03-04,13561.54,일반,8.8,12.9,5.8,0
982,INBOUND,T-0640,소켓 16P,D,D-05-02,입고STATION,D-05-02,13579.05,일반,11.8,12.0,5.4,0
983,INBOUND,T-0641,리미트스위치,F,F-01-01,입고STATION,F-01-01,13598.11,일반,11.8,7.5,4.0,0
984,INBOUND,T-0642,케이블타이,J,J-02-05,입고STATION,J-02-05,13621.04,일반,10.7,10.9,5.0,0
985,OUTBOUND,T-0591,전선 2.5sq,C,C-03-03,C-03-03,출고STATION,13641.06,일반,7.2,10.0,0.0,0
986,INBOUND,T-0643,소형 롤러,B,B-02-02,입고STATION,B-02-02,13657.71,일반,8.0,9.5,5.0,0
987,OUTBOUND,T-0603,소켓 16P,D,D-06-01,D-06-01,출고STATION,13679.15,일반,10.3,11.4,0.0,0
988,OUTBOUND,T-0420,리미트스위치,F,F-06-04,F-06-04,출고STATION,13696.02,일반,7.5,11.3,0.0,0
989,OUTBOUND,T-0617,부싱 20mm,B,B-04-05,B-04-05,출고STATION,13718.19,일반,12.3,9.7,0.0,0
990,OUTBOUND,T-0477,푸시버튼,F,F-05-05,F-05-05,출고STATION,13735.49,일반,8.1,12.8,0.0,0
991,INBOUND,T-0644,전원공급장치 150W,H,H-01-02,입고STATION,H-01-02,13751.63,일반,9.2,9.4,5.5,0
992,OUTBOUND,T-0634,통신 케이블,C,C-05-04,C-05-04,출고STATION,13768.73,일반,9.2,9.1,0.0,0
993,INBOUND,T-0645,너트 M8,A,A-06-03,입고STATION,A-06-03,13792.07,일반,10.7,7.6,5.8,0
994,INBOUND,T-0646,클립,J,J-05-01,입고STATION,J-05-01,13807.50,일반,10.7,10.1,6.2,0
995,INBOUND,T-0647,원터치 피팅,I,I-03-05,입고STATION,I-03-05,13824.11,일반,10.3,11.2,5.6,0
996,INBOUND,T-0648,전선 2.5sq,C,C-04-03,입고STATION,C-04-03,13848.02,일반,9.6,7.2,5.1,0
997,OUTBOUND,T-0622,전선 2.5sq,C,C-06-03,C-06-03,출고STATION,13864.68,일반,7.1,11.8,0.0,0
998,INBOUND,T-0649,클립,J,J-06-05,입고STATION,J-06-05,13889.26,일반,12.9,7.5,3.9,0
999,INBOUND,T-0650,근접 센서,E,E-04-01,입고STATION,E-04-01,13910.64,일반,10.1,9.7,3.9,0
1000,OUTBOUND,T-0146,절연테이프,J,J-02-04,J-02-04,출고STATION,13927.80,일반,7.9,7.4,0.0,0
