주문ID,저장구역,품목,발생시각,구간,태그부착,적재,적치,피킹,하역,RFID
O0001,B,베어링 6204,0.00,일반,5.6,7.9,9.8,11.0,11.8,OK
O0002,D,커넥터 8P,22.42,일반,5.0,7.1,9.6,9.2,12.1,OK
O0003,B,소형 롤러,38.81,일반,5.8,9.6,8.1,12.1,11.9,OK
O0004,I,원터치 피팅,61.22,일반,3.8,10.1,10.0,11.6,10.6,OK
O0005,A,볼트 M8,82.12,일반,5.2,9.3,7.3,7.4,12.7,OK
O0006,D,소켓 16P,98.06,일반,4.4,12.3,10.1,7.6,12.1,OK
O0007,I,원터치 피팅,119.08,일반,6.3,11.1,7.6,10.7,11.7,OK
O0008,I,솔레노이드 밸브,141.24,일반,4.5,10.2,11.2,8.0,12.1,OK
O0009,J,절연테이프,158.44,일반,3.7,10.5,9.2,8.1,10.6,OK
O0010,A,너트 M8,181.54,일반,5.2,7.7,10.0,11.7,12.7,OK
O0011,F,리미트스위치,203.52,일반,3.6,12.8,10.6,7.5,7.8,OK
O0012,F,푸시버튼,220.07,일반,5.5,7.9,11.8,7.7,10.2,OK
O0013,B,부싱 20mm,236.00,일반,3.6,7.0,12.4,12.9,7.7,OK
O0014,J,절연테이프,259.48,일반,6.5,12.4,12.3,9.0,11.3,OK
O0015,H,퓨즈 5A,282.55,일반,6.3,11.2,12.1,12.1,9.3,OK
O0016,G,릴레이 24V,298.80,일반,3.8,8.2,12.6,9.4,11.1,OK
O0017,J,절연테이프,319.32,일반,4.3,10.5,12.5,9.0,9.1,OK
O0018,B,베어링 6204,340.09,일반,4.0,12.0,11.2,12.8,11.0,OK
O0019,E,근접 센서,361.70,일반,4.2,8.1,8.3,9.3,12.9,OK
O0020,B,부싱 20mm,385.26,일반,4.9,7.4,7.2,10.3,10.7,OK
O0021,F,푸시버튼,403.04,일반,6.2,12.2,12.7,10.5,8.6,OK
O0022,D,소켓 16P,421.74,일반,5.8,7.9,7.0,11.2,7.7,OK
O0023,B,소형 롤러,439.41,일반,4.1,9.6,7.1,9.3,9.0,OK
O0024,I,튜브 연결구,460.76,일반,3.9,10.5,11.2,8.2,7.3,OK
O0025,H,전원공급장치 150W,478.21,일반,5.6,8.6,10.9,7.4,11.2,OK
O0026,I,원터치 피팅,495.91,일반,4.2,11.4,9.9,10.8,8.7,OK
O0027,A,너트 M8,517.75,일반,4.4,9.9,9.7,12.5,11.5,OK
O0028,F,리미트스위치,540.97,일반,6.0,10.7,11.3,10.1,10.5,OK
O0029,D,소켓 16P,558.65,일반,6.3,10.8,11.9,10.6,7.1,OK
O0030,F,푸시버튼,582.41,일반,6.1,11.2,12.4,12.4,8.4,OK
O0031,G,컨트롤 모듈,603.96,일반,5.3,11.4,10.1,8.5,9.9,OK
O0032,E,근접 센서,623.55,일반,4.4,9.1,9.7,8.6,7.8,OK
O0033,I,튜브 연결구,641.02,일반,4.6,9.2,11.7,11.2,9.7,OK
O0034,J,절연테이프,658.65,일반,5.9,8.4,9.8,9.2,13.0,OK
O0035,G,PCB 보드,682.63,일반,5.3,10.2,7.3,8.1,12.3,OK
O0036,C,통신 케이블,699.82,일반,4.1,8.1,12.6,10.5,11.3,OK
O0037,A,볼트 M8,719.75,일반,4.3,10.0,12.5,8.1,8.5,OK
O0038,C,통신 케이블,736.28,일반,6.0,10.1,7.8,12.0,8.9,OK
O0039,B,부싱 20mm,755.50,일반,4.3,7.9,11.2,9.4,9.3,OK
O0040,H,퓨즈 5A,774.32,일반,4.9,9.8,10.9,7.6,11.1,OK
O0041,I,원터치 피팅,791.83,일반,6.0,8.7,11.0,8.2,11.2,OK
O0042,B,소형 롤러,813.64,일반,5.1,9.9,12.7,9.2,7.5,OK
O0043,E,광 센서,837.48,일반,3.6,12.3,12.0,8.1,10.8,OK
O0044,E,온도 센서,855.89,일반,6.1,9.5,7.4,10.8,7.5,OK
O0045,A,와셔 8mm,872.47,일반,6.3,10.7,8.5,11.6,7.2,OK
O0046,C,통신 케이블,897.19,일반,4.4,7.4,12.2,11.0,11.8,OK
O0047,E,광 센서,921.31,일반,4.2,8.7,10.6,11.7,10.8,OK
O0048,D,커넥터 8P,941.39,일반,5.9,9.5,10.8,12.1,11.0,OK
O0049,C,통신 케이블,960.13,일반,5.3,8.2,9.6,12.0,9.9,OK
O0050,I,원터치 피팅,984.66,일반,5.9,7.9,7.2,10.5,11.6,OK
O0051,H,어댑터 24V,1005.65,일반,4.8,9.8,7.7,10.8,8.5,OK
O0052,F,리미트스위치,1021.77,일반,5.0,10.1,8.4,11.6,7.1,OK
O0053,D,소켓 16P,1039.17,일반,3.8,7.5,7.1,10.1,7.4,OK
O0054,B,소형 롤러,1063.64,일반,4.8,11.1,8.2,10.9,10.3,OK
O0055,B,소형 롤러,1083.50,일반,5.9,12.9,9.1,12.3,8.9,OK
O0056,C,통신 케이블,1106.15,일반,4.8,7.1,11.3,7.5,10.7,OK
O0057,I,원터치 피팅,1125.91,일반,4.8,8.5,12.7,8.8,9.1,OK
O0058,J,절연테이프,1143.56,일반,3.9,10.9,8.8,8.6,8.9,OK
O0059,I,튜브 연결구,1168.20,일반,5.9,8.3,7.7,9.0,10.4,OK
O0060,E,온도 센서,1190.10,일반,3.8,9.1,12.8,12.4,9.7,OK
O0061,F,리미트스위치,1215.05,일반,4.0,11.0,11.3,8.6,10.8,OK
O0062,H,어댑터 24V,1239.05,일반,4.4,8.7,11.8,10.7,10.1,OK
O0063,B,부싱 20mm,1256.53,일반,5.2,9.9,8.5,12.0,11.8,OK
O0064,I,원터치 피팅,1271.74,일반,4.7,12.6,7.1,11.6,8.0,OK
O0065,A,볼트 M8,1292.62,일반,4.5,10.7,8.9,10.1,10.1,OK
O0066,A,너트 M8,1314.70,일반,5.2,8.6,10.8,10.3,8.8,OK
O0067,A,와셔 8mm,1330.37,일반,3.5,12.9,12.2,7.4,11.3,OK
O0068,D,터미널 블록,1346.08,일반,6.5,9.7,11.5,8.5,10.9,OK
O0069,D,소켓 16P,1367.77,일반,5.9,8.6,8.0,9.6,10.0,OK
O0070,J,클립,1384.10,일반,4.0,9.3,10.3,11.2,7.8,OK
O0071,H,전원공급장치 150W,1403.82,일반,4.6,12.9,9.2,9.7,9.2,OK
O0072,B,소형 롤러,1420.73,일반,6.3,10.5,11.5,7.9,9.9,OK
O0073,G,PCB 보드,1440.04,일반,4.3,9.4,10.8,9.7,11.2,OK
O0074,A,볼트 M8,1459.71,일반,5.3,11.8,12.7,12.8,9.1,OK
O0075,F,푸시버튼,1475.31,일반,5.6,7.1,11.9,12.4,12.4,OK
O0076,D,소켓 16P,1492.80,일반,5.7,12.0,9.7,10.8,9.3,OK
O0077,G,릴레이 24V,1512.29,일반,5.1,8.5,9.6,10.5,9.3,OK
O0078,D,커넥터 8P,1530.07,일반,5.4,8.9,9.9,7.5,8.9,OK
O0079,I,원터치 피팅,1549.50,일반,4.9,9.0,9.3,7.2,12.9,OK
O0080,I,원터치 피팅,1565.01,일반,3.5,10.5,7.2,10.4,12.5,OK
O0081,D,커넥터 8P,1589.70,일반,4.9,12.0,8.4,7.8,7.3,OK
O0082,H,어댑터 24V,1608.76,일반,5.8,9.6,9.1,12.9,8.5,OK
O0083,A,너트 M8,1632.41,일반,5.9,9.7,11.7,9.0,12.4,OK
O0084,G,PCB 보드,1651.20,일반,5.4,12.0,11.0,12.2,9.1,OK
O0085,H,전원공급장치 150W,1675.46,일반,6.3,9.6,8.9,11.8,9.1,OK
O0086,I,튜브 연결구,1694.69,일반,5.2,7.5,12.0,10.7,7.3,OK
O0087,C,전선 2.5sq,1716.88,일반,4.4,9.6,11.8,11.8,11.4,OK
O0088,A,볼트 M8,1734.85,일반,5.0,7.5,9.1,11.5,7.2,OK
O0089,A,볼트 M8,1757.32,일반,3.5,9.0,8.9,9.9,8.1,OK
O0090,I,튜브 연결구,1778.17,일반,3.9,11.7,12.0,9.5,12.3,OK
O0091,I,원터치 피팅,1794.74,일반,5.2,10.8,9.7,7.8,12.4,OK
O0092,B,소형 롤러,1818.25,일반,6.1,9.3,10.3,10.7,9.2,OK
O0093,D,터미널 블록,1833.93,일반,6.0,9.3,9.0,12.3,12.6,OK
O0094,J,케이블타이,1850.13,일반,3.9,10.2,9.8,9.7,10.6,OK
O0095,A,볼트 M8,1870.92,일반,5.2,11.1,10.3,7.0,10.4,MISREAD
O0096,J,클립,1890.11,일반,5.6,10.1,9.3,8.3,9.7,OK
O0097,E,근접 센서,1910.34,일반,4.0,10.7,10.1,7.5,8.5,OK
O0098,F,푸시버튼,1932.04,일반,3.8,7.6,12.0,8.9,11.0,OK
O0099,C,통신 케이블,1949.70,일반,5.0,9.7,7.2,7.4,7.7,OK
O0100,H,전원공급장치 150W,1971.15,일반,5.6,12.8,11.1,8.4,10.5,OK
O0101,B,베어링 6204,1995.44,일반,4.3,9.5,11.8,8.2,7.2,OK
O0102,J,케이블타이,2015.02,일반,4.5,10.6,12.8,8.2,8.6,OK
O0103,D,소켓 16P,2030.76,일반,4.3,10.0,7.1,11.8,13.0,OK
O0104,F,푸시버튼,2048.41,일반,4.7,9.3,11.2,9.5,12.2,OK
O0105,F,리미트스위치,2072.20,일반,4.3,7.7,10.6,7.4,9.5,OK
O0106,I,튜브 연결구,2088.78,일반,6.0,9.4,12.0,10.6,11.5,OK
O0107,I,원터치 피팅,2106.80,일반,5.9,11.4,11.8,9.3,8.1,OK
O0108,I,솔레노이드 밸브,2128.48,일반,5.9,7.7,11.6,7.3,7.1,OK
O0109,B,베어링 6204,2152.80,일반,5.7,11.7,9.2,11.1,11.4,OK
O0110,B,소형 롤러,2170.44,일반,3.9,7.4,8.8,11.7,8.4,OK
O0111,E,온도 센서,2190.98,일반,5.5,12.7,8.6,12.8,11.7,OK
O0112,F,푸시버튼,2212.02,일반,4.3,7.7,9.0,10.5,12.8,OK
O0113,E,광 센서,2233.90,일반,4.4,10.5,10.0,7.1,8.7,OK
O0114,A,볼트 M8,2253.79,일반,5.0,11.3,8.8,12.9,12.5,OK
O0115,E,근접 센서,2275.13,일반,3.9,8.3,9.1,9.9,9.6,OK
O0116,C,통신 케이블,2290.16,일반,5.7,7.1,7.8,9.6,10.0,OK
O0117,C,통신 케이블,2314.96,일반,5.8,9.3,10.8,8.8,10.1,OK
O0118,G,컨트롤 모듈,2334.38,일반,5.7,7.1,11.3,10.5,12.4,OK
O0119,B,소형 롤러,2349.48,일반,3.5,8.8,12.9,9.1,10.3,OK
O0120,I,원터치 피팅,2373.52,일반,5.0,11.6,8.9,7.5,10.6,OK
O0121,J,클립,2396.86,일반,3.6,7.9,9.1,8.0,12.8,OK
O0122,C,전선 2.5sq,2413.34,일반,5.8,11.1,8.9,7.1,7.1,OK
O0123,A,와셔 8mm,2431.43,일반,4.6,10.2,11.5,12.6,12.0,OK
O0124,D,소켓 16P,2448.53,일반,5.6,12.7,12.6,10.8,11.2,OK
O0125,I,솔레노이드 밸브,2464.55,일반,6.1,10.2,10.4,12.8,8.7,OK
O0126,C,전선 2.5sq,2489.29,일반,6.5,10.1,10.6,9.3,7.0,OK
O0127,C,제어 케이블,2512.94,일반,5.9,9.6,7.7,7.5,7.3,OK
O0128,F,리미트스위치,2528.19,일반,5.4,11.8,12.0,7.2,10.3,OK
O0129,D,터미널 블록,2551.21,일반,4.4,8.1,10.1,8.9,7.5,OK
O0130,B,부싱 20mm,2567.80,일반,6.0,10.3,12.3,10.2,8.0,OK
O0131,H,어댑터 24V,2591.52,일반,5.1,9.3,7.6,12.0,8.7,OK
O0132,H,전원공급장치 150W,2608.52,일반,4.2,8.7,10.8,11.2,12.6,OK
O0133,D,커넥터 8P,2626.57,일반,3.8,11.9,9.1,7.7,8.8,OK
O0134,D,터미널 블록,2641.81,일반,3.6,12.9,12.1,10.4,9.7,OK
O0135,B,부싱 20mm,2660.09,일반,5.1,9.0,11.9,7.9,8.7,OK
O0136,I,솔레노이드 밸브,2678.60,일반,6.5,10.2,9.0,11.1,12.8,OK
O0137,I,솔레노이드 밸브,2700.40,일반,4.1,7.8,10.4,12.0,9.0,OK
O0138,B,부싱 20mm,2724.79,일반,3.5,7.5,8.3,12.0,10.6,OK
O0139,E,근접 센서,2741.57,일반,5.6,12.3,9.7,9.9,12.3,OK
O0140,G,PCB 보드,2757.66,일반,4.3,12.0,8.5,11.6,7.5,OK
O0141,F,리미트스위치,2779.94,일반,4.8,10.1,8.7,7.5,7.5,OK
O0142,I,원터치 피팅,2801.01,일반,4.4,9.1,11.6,11.1,9.7,OK
O0143,J,케이블타이,2819.86,일반,4.9,12.1,10.7,8.6,9.0,OK
O0144,G,릴레이 24V,2837.40,일반,6.2,8.9,9.6,8.4,10.4,OK
O0145,I,튜브 연결구,2857.60,일반,5.8,12.3,12.0,12.6,10.1,OK
O0146,D,터미널 블록,2879.80,일반,5.9,7.3,7.6,11.0,11.2,OK
O0147,F,토글스위치,2899.11,일반,4.3,11.4,9.7,7.1,11.4,OK
O0148,B,소형 롤러,2917.25,일반,4.6,9.5,7.8,11.8,8.5,OK
O0149,I,솔레노이드 밸브,2941.25,일반,5.9,9.3,10.7,10.1,10.0,OK
O0150,F,리미트스위치,2962.92,일반,5.0,7.5,10.0,10.2,7.1,OK
O0151,I,원터치 피팅,2984.89,일반,6.4,9.0,7.7,7.6,9.7,FAIL
O0152,G,컨트롤 모듈,3001.81,일반,6.0,10.0,11.5,11.1,11.4,OK
O0153,C,통신 케이블,3024.29,일반,4.6,10.0,11.4,11.5,12.0,OK
O0154,G,컨트롤 모듈,3044.98,일반,5.5,11.6,10.8,10.6,8.8,OK
O0155,E,온도 센서,3068.32,일반,4.2,7.0,7.4,7.4,13.0,OK
O0156,J,클립,3085.42,일반,6.3,9.8,11.0,11.4,7.3,OK
O0157,H,전원공급장치 150W,3106.97,일반,3.8,7.5,8.6,12.3,11.6,OK
O0158,D,소켓 16P,3126.39,일반,4.4,9.2,8.4,9.0,9.3,OK
O0159,C,통신 케이블,3146.12,일반,6.4,8.2,11.1,8.2,12.8,OK
O0160,I,튜브 연결구,3161.97,일반,5.5,11.5,9.0,7.3,10.9,OK
O0161,F,푸시버튼,3183.30,일반,6.2,12.9,11.8,8.2,7.6,OK
O0162,D,소켓 16P,3206.48,일반,6.2,11.2,9.9,8.9,10.7,OK
O0163,D,커넥터 8P,3224.59,일반,4.0,9.8,10.4,11.1,11.2,OK
O0164,D,터미널 블록,3239.83,일반,4.9,11.5,12.5,11.3,10.0,OK
O0165,B,부싱 20mm,3260.94,일반,4.9,10.0,10.3,10.3,9.8,OK
O0166,J,케이블타이,3280.09,일반,5.1,8.9,11.8,9.1,12.3,OK
O0167,G,PCB 보드,3302.27,일반,5.7,7.6,11.9,12.1,7.3,OK
O0168,C,통신 케이블,3321.27,일반,5.8,9.1,8.7,7.1,12.4,OK
O0169,B,부싱 20mm,3343.15,일반,5.8,8.1,11.6,8.7,10.4,OK
O0170,I,솔레노이드 밸브,3360.33,일반,4.7,10.8,8.0,8.8,9.3,OK
O0171,D,커넥터 8P,3375.84,일반,4.7,8.5,7.7,11.5,10.0,OK
O0172,H,퓨즈 5A,3395.40,일반,4.1,13.0,7.5,7.1,12.8,OK
O0173,I,튜브 연결구,3415.71,일반,5.0,9.4,8.3,12.6,12.6,OK
O0174,H,퓨즈 5A,3433.89,일반,5.2,9.3,11.5,10.6,9.8,OK
O0175,I,솔레노이드 밸브,3457.04,일반,6.1,11.0,8.9,11.4,10.5,OK
O0176,I,솔레노이드 밸브,3480.34,일반,3.9,7.4,11.0,8.6,11.8,OK
O0177,H,전원공급장치 150W,3504.31,일반,5.1,9.2,8.7,9.3,10.5,OK
O0178,D,소켓 16P,3521.90,일반,4.1,9.6,8.2,10.8,10.5,OK
O0179,I,솔레노이드 밸브,3539.68,일반,5.5,11.4,8.1,10.7,11.1,OK
O0180,E,온도 센서,3560.95,일반,5.8,7.3,8.2,8.9,8.8,OK
O0181,E,근접 센서,3576.72,일반,4.6,10.5,8.1,11.5,10.4,OK
O0182,F,토글스위치,3594.44,일반,5.2,9.7,10.4,7.8,11.1,OK
O0183,C,전선 2.5sq,3610.24,일반,4.2,9.5,7.6,8.7,9.4,OK
O0184,C,통신 케이블,3629.07,일반,4.6,11.9,10.5,11.5,10.1,OK
O0185,G,PCB 보드,3646.21,일반,5.9,12.3,8.1,7.3,12.6,OK
O0186,H,전원공급장치 150W,3664.52,일반,5.2,9.7,9.6,10.1,11.0,OK
O0187,G,PCB 보드,3680.14,일반,5.5,12.3,10.2,12.2,7.8,OK
O0188,J,클립,3704.19,일반,3.7,10.4,9.3,8.0,12.9,OK
O0189,J,절연테이프,3719.39,일반,5.4,8.0,7.1,7.6,11.7,OK
O0190,F,리미트스위치,3739.16,일반,4.2,11.4,9.6,9.1,11.4,OK
O0191,G,컨트롤 모듈,3761.69,일반,6.3,7.7,10.6,9.5,8.8,OK
O0192,I,튜브 연결구,3784.17,일반,4.1,9.7,11.2,8.5,9.4,OK
O0193,H,어댑터 24V,3808.15,일반,4.6,9.5,8.6,9.7,7.0,OK
O0194,H,어댑터 24V,3825.88,일반,5.3,11.1,10.6,11.0,12.4,OK
O0195,G,컨트롤 모듈,3844.76,일반,4.7,11.1,8.4,11.1,11.5,OK
O0196,H,어댑터 24V,3861.41,일반,6.0,11.2,11.6,12.8,9.8,OK
O0197,I,원터치 피팅,3886.22,일반,4.7,9.8,11.9,7.6,8.7,OK
O0198,J,클립,3910.29,일반,4.8,10.6,10.3,10.3,9.8,OK
O0199,B,소형 롤러,3931.92,일반,6.1,9.8,8.8,12.7,9.4,OK
O0200,H,어댑터 24V,3951.21,일반,6.2,8.2,8.8,10.6,12.0,OK
O0201,D,터미널 블록,3954.41,PEAK,5.4,7.2,8.0,10.5,9.2,OK
O0202,F,리미트스위치,3958.72,PEAK,4.5,12.6,8.5,9.5,11.7,OK
O0203,E,근접 센서,3964.72,PEAK,4.4,11.2,9.3,8.8,10.4,OK
O0204,A,와셔 8mm,3969.60,PEAK,3.9,8.6,9.7,8.5,8.0,OK
O0205,C,전선 2.5sq,3973.50,PEAK,5.9,8.2,10.3,10.3,11.2,OK
O0206,C,통신 케이블,3980.30,PEAK,4.9,12.1,12.6,12.0,7.7,OK
O0207,C,통신 케이블,3983.91,PEAK,5.1,11.0,10.5,9.4,9.5,OK
O0208,H,전원공급장치 150W,3990.70,PEAK,5.1,9.4,10.8,10.3,11.8,OK
O0209,J,클립,3994.37,PEAK,4.3,12.2,8.0,7.9,8.9,OK
O0210,E,근접 센서,3997.83,PEAK,6.1,9.1,9.3,11.8,9.1,OK
O0211,G,컨트롤 모듈,4003.14,PEAK,4.4,8.2,12.5,10.4,10.3,OK
O0212,D,커넥터 8P,4009.78,PEAK,6.1,7.7,11.9,8.7,11.9,OK
O0213,B,베어링 6204,4015.15,PEAK,4.9,7.7,10.8,12.8,9.8,OK
O0214,C,통신 케이블,4020.93,PEAK,5.8,7.5,11.0,9.4,12.6,OK
O0215,I,튜브 연결구,4027.06,PEAK,3.7,12.9,11.5,12.4,9.0,OK
O0216,H,어댑터 24V,4031.55,PEAK,6.0,8.5,12.5,9.7,8.2,OK
O0217,A,나사 M4,4037.95,PEAK,5.9,10.8,7.7,12.9,12.4,OK
O0218,F,토글스위치,4044.79,PEAK,6.5,9.0,11.7,8.7,11.6,OK
O0219,H,퓨즈 5A,4048.40,PEAK,4.8,10.3,13.0,10.5,9.8,OK
O0220,I,솔레노이드 밸브,4054.63,PEAK,4.9,12.7,10.4,10.2,12.9,OK
O0221,E,온도 센서,4059.38,PEAK,6.0,9.7,11.1,11.8,12.6,OK
O0222,A,와셔 8mm,4065.78,PEAK,3.6,9.1,10.2,7.3,8.8,OK
O0223,I,튜브 연결구,4072.31,PEAK,3.5,9.5,12.2,11.3,12.9,OK
O0224,C,제어 케이블,4077.75,PEAK,6.3,8.6,12.5,12.7,8.7,OK
O0225,D,터미널 블록,4084.15,PEAK,6.1,12.0,11.2,12.3,9.7,OK
O0226,H,퓨즈 5A,4090.35,PEAK,4.2,11.2,7.2,7.0,7.4,OK
O0227,A,너트 M8,4093.39,PEAK,5.9,12.1,10.6,9.2,12.5,OK
O0228,D,소켓 16P,4099.27,PEAK,5.9,12.8,8.5,9.3,12.2,OK
O0229,F,푸시버튼,4104.17,PEAK,6.2,7.1,11.9,11.0,10.8,OK
O0230,D,터미널 블록,4107.54,PEAK,4.5,12.5,9.4,12.5,9.1,OK
O0231,H,전원공급장치 150W,4113.20,PEAK,5.5,8.1,12.0,7.9,8.0,OK
O0232,H,퓨즈 5A,4120.19,PEAK,4.7,7.1,7.0,11.2,11.2,OK
O0233,D,커넥터 8P,4125.00,PEAK,3.6,9.9,11.3,8.3,8.5,OK
O0234,D,커넥터 8P,4130.89,PEAK,3.6,12.0,11.0,8.4,9.6,OK
O0235,H,어댑터 24V,4134.75,PEAK,6.1,12.9,10.0,8.1,8.4,OK
O0236,H,어댑터 24V,4141.08,PEAK,6.2,8.0,10.6,9.8,8.4,OK
O0237,B,부싱 20mm,4145.29,PEAK,4.3,12.1,10.3,9.0,11.9,OK
O0238,H,퓨즈 5A,4148.47,PEAK,6.0,8.3,9.4,12.3,9.4,OK
O0239,F,푸시버튼,4155.25,PEAK,5.6,10.4,10.8,8.9,9.3,OK
O0240,I,솔레노이드 밸브,4161.74,PEAK,4.2,7.8,12.4,8.5,8.0,OK
O0241,C,제어 케이블,4166.50,PEAK,4.0,8.5,8.4,10.1,11.9,OK
O0242,C,제어 케이블,4173.27,PEAK,4.1,9.7,7.7,9.0,11.5,OK
O0243,C,전선 2.5sq,4178.23,PEAK,4.9,10.5,10.2,8.0,12.6,OK
O0244,H,어댑터 24V,4181.83,PEAK,5.6,8.0,11.0,8.8,9.1,OK
O0245,I,튜브 연결구,4188.81,PEAK,6.4,12.7,8.3,10.1,9.4,OK
O0246,G,PCB 보드,4194.19,PEAK,6.4,11.8,7.4,10.5,7.1,MISREAD
O0247,I,솔레노이드 밸브,4198.99,PEAK,4.2,8.0,8.1,12.9,11.5,OK
O0248,C,전선 2.5sq,4204.27,PEAK,4.0,9.3,8.0,10.0,9.3,OK
O0249,C,전선 2.5sq,4209.77,PEAK,5.3,7.6,9.0,10.1,9.2,OK
O0250,D,커넥터 8P,4213.73,PEAK,5.2,12.4,12.0,11.3,11.5,OK
O0251,F,리미트스위치,4218.36,PEAK,5.8,10.4,11.1,11.5,11.0,OK
O0252,H,퓨즈 5A,4221.49,PEAK,4.1,8.6,10.9,10.4,10.5,OK
O0253,D,터미널 블록,4227.93,PEAK,3.7,8.4,12.6,10.8,11.4,OK
O0254,J,케이블타이,4234.08,PEAK,4.4,7.5,10.5,10.7,9.4,OK
O0255,D,터미널 블록,4238.78,PEAK,6.5,10.0,10.3,7.4,8.4,OK
O0256,D,터미널 블록,4245.09,PEAK,4.0,10.8,10.1,11.4,12.3,OK
O0257,E,온도 센서,4250.47,PEAK,3.8,9.0,8.6,7.3,11.0,OK
O0258,J,절연테이프,4253.97,PEAK,6.3,10.4,12.7,7.5,9.8,OK
O0259,I,솔레노이드 밸브,4260.74,PEAK,3.7,9.5,11.6,8.4,8.0,OK
O0260,I,튜브 연결구,4264.06,PEAK,5.5,9.4,10.2,9.3,12.8,OK
O0261,C,전선 2.5sq,4268.35,PEAK,3.6,8.6,13.0,11.9,12.0,OK
O0262,G,컨트롤 모듈,4275.20,PEAK,5.6,12.2,12.8,11.4,12.1,OK
O0263,J,절연테이프,4282.00,PEAK,6.3,9.7,9.1,12.9,9.6,FAIL
O0264,B,부싱 20mm,4287.30,PEAK,3.9,8.8,7.9,7.4,11.5,OK
O0265,H,어댑터 24V,4292.38,PEAK,4.4,11.0,12.4,7.0,9.7,OK
O0266,I,원터치 피팅,4299.37,PEAK,4.5,10.0,10.2,7.6,10.4,OK
O0267,H,퓨즈 5A,4304.25,PEAK,5.1,9.5,7.4,8.1,7.5,OK
O0268,I,튜브 연결구,4307.67,PEAK,4.9,9.1,8.9,10.4,12.7,OK
O0269,F,토글스위치,4312.65,PEAK,3.7,11.0,7.9,12.8,10.0,OK
O0270,H,전원공급장치 150W,4315.80,PEAK,5.7,9.2,8.6,11.3,7.4,OK
O0271,G,릴레이 24V,4319.26,PEAK,3.7,8.7,9.7,9.3,7.1,OK
O0272,I,원터치 피팅,4324.89,PEAK,5.6,7.6,12.9,10.4,10.6,OK
O0273,I,튜브 연결구,4328.64,PEAK,5.3,12.1,7.9,9.9,11.1,OK
O0274,H,퓨즈 5A,4333.41,PEAK,4.5,12.1,8.2,12.1,9.9,OK
O0275,I,원터치 피팅,4336.93,PEAK,5.9,8.5,11.2,12.8,8.8,OK
O0276,B,소형 롤러,4340.05,PEAK,5.3,9.2,9.0,7.9,8.1,OK
O0277,I,원터치 피팅,4343.68,PEAK,4.6,7.3,9.9,8.3,10.2,OK
O0278,A,나사 M4,4347.58,PEAK,6.1,8.1,7.4,12.7,8.6,OK
O0279,B,부싱 20mm,4354.37,PEAK,5.7,9.9,10.8,9.6,7.2,OK
O0280,H,전원공급장치 150W,4361.10,PEAK,5.8,12.4,9.4,10.2,10.5,OK
O0281,B,부싱 20mm,4367.44,PEAK,4.8,9.4,8.6,8.0,9.8,OK
O0282,D,커넥터 8P,4372.64,PEAK,6.0,9.8,10.2,7.7,8.5,OK
O0283,F,리미트스위치,4376.75,PEAK,4.5,10.5,9.6,13.0,7.7,OK
O0284,C,제어 케이블,4383.48,PEAK,4.9,8.7,11.6,7.2,11.3,OK
O0285,G,컨트롤 모듈,4389.39,PEAK,4.0,8.5,11.5,12.7,12.1,OK
O0286,I,솔레노이드 밸브,4394.35,PEAK,5.0,11.7,11.4,9.0,12.1,OK
O0287,F,리미트스위치,4398.68,PEAK,4.0,12.5,7.3,10.6,8.8,OK
O0288,J,케이블타이,4405.41,PEAK,6.3,9.4,11.4,11.7,7.7,OK
O0289,I,원터치 피팅,4410.70,PEAK,5.7,11.8,10.1,11.2,8.4,OK
O0290,I,솔레노이드 밸브,4414.97,PEAK,5.9,7.7,9.8,7.8,11.0,OK
O0291,J,케이블타이,4421.92,PEAK,6.3,12.5,9.7,11.5,8.4,OK
O0292,H,어댑터 24V,4426.90,PEAK,4.2,9.3,8.7,12.9,7.8,OK
O0293,I,원터치 피팅,4433.40,PEAK,5.5,8.0,8.0,11.3,10.8,OK
O0294,D,커넥터 8P,4439.29,PEAK,3.9,8.4,7.7,7.9,7.1,OK
O0295,E,광 센서,4444.17,PEAK,5.6,10.6,10.2,10.1,7.4,OK
O0296,E,광 센서,4449.94,PEAK,4.3,10.2,9.4,12.5,10.9,OK
O0297,H,퓨즈 5A,4456.38,PEAK,4.1,8.7,11.5,12.0,11.8,OK
O0298,G,릴레이 24V,4462.25,PEAK,4.8,11.0,11.4,11.8,8.5,OK
O0299,H,어댑터 24V,4467.72,PEAK,4.9,12.9,9.1,10.3,11.7,OK
O0300,C,통신 케이블,4473.71,PEAK,3.8,11.3,10.0,7.3,12.1,OK
O0301,D,소켓 16P,4479.52,PEAK,3.8,11.8,8.0,11.9,8.2,OK
O0302,H,어댑터 24V,4483.72,PEAK,3.6,9.5,9.3,7.5,12.5,OK
O0303,D,커넥터 8P,4487.89,PEAK,5.3,12.6,12.2,9.8,12.3,OK
O0304,D,커넥터 8P,4493.02,PEAK,5.5,9.2,12.1,7.8,7.8,OK
O0305,F,토글스위치,4496.72,PEAK,6.4,7.5,8.9,8.0,9.1,OK
O0306,D,커넥터 8P,4502.45,PEAK,5.6,11.3,7.8,7.6,7.7,OK
O0307,H,퓨즈 5A,4507.30,PEAK,3.9,11.5,12.3,8.0,11.9,OK
O0308,E,광 센서,4510.33,PEAK,4.6,10.6,8.5,11.9,9.1,OK
O0309,H,퓨즈 5A,4515.52,PEAK,5.5,9.1,11.7,12.4,12.8,MISREAD
O0310,J,절연테이프,4519.72,PEAK,4.1,10.5,12.2,9.9,9.7,OK
O0311,I,솔레노이드 밸브,4524.54,PEAK,5.9,9.5,8.4,9.1,9.3,OK
O0312,H,퓨즈 5A,4527.97,PEAK,4.1,12.5,12.4,9.7,9.8,OK
O0313,A,나사 M4,4532.15,PEAK,5.2,11.3,7.6,7.3,12.4,OK
O0314,C,통신 케이블,4536.25,PEAK,5.0,13.0,9.1,10.0,11.7,OK
O0315,E,근접 센서,4542.23,PEAK,6.0,12.6,12.7,8.0,8.8,OK
O0316,D,소켓 16P,4547.66,PEAK,6.5,10.3,9.4,10.4,8.9,OK
O0317,J,클립,4551.66,PEAK,5.4,8.1,12.3,7.3,12.9,OK
O0318,J,클립,4558.02,PEAK,4.7,10.5,10.8,8.3,12.1,OK
O0319,A,와셔 8mm,4561.18,PEAK,5.2,12.0,9.1,11.1,8.8,OK
O0320,H,전원공급장치 150W,4567.10,PEAK,4.2,9.8,7.6,11.1,9.2,OK
O0321,D,소켓 16P,4573.09,PEAK,6.0,8.8,8.5,9.4,10.8,OK
O0322,H,어댑터 24V,4579.60,PEAK,6.4,9.6,11.6,12.1,10.5,OK
O0323,F,리미트스위치,4583.63,PEAK,5.2,9.1,10.6,8.9,7.8,OK
O0324,C,제어 케이블,4589.61,PEAK,5.7,10.1,8.5,12.5,10.7,OK
O0325,D,소켓 16P,4596.47,PEAK,5.4,8.2,10.8,10.4,8.9,OK
O0326,G,PCB 보드,4602.36,PEAK,3.9,8.3,11.0,11.5,8.9,OK
O0327,H,퓨즈 5A,4605.72,PEAK,4.8,11.3,10.8,8.7,8.7,OK
O0328,H,퓨즈 5A,4609.22,PEAK,5.4,11.3,11.9,10.2,8.1,OK
O0329,E,근접 센서,4613.74,PEAK,4.5,11.0,11.0,7.3,11.1,OK
O0330,H,퓨즈 5A,4619.44,PEAK,6.0,13.0,12.7,7.9,7.8,OK
O0331,I,튜브 연결구,4623.33,PEAK,4.9,9.9,11.6,9.4,11.6,MISREAD
O0332,D,커넥터 8P,4627.54,PEAK,5.9,10.2,12.7,8.5,7.0,OK
O0333,I,원터치 피팅,4634.32,PEAK,5.0,9.5,11.4,8.0,9.5,OK
O0334,B,부싱 20mm,4637.71,PEAK,6.4,11.5,11.0,9.0,12.7,OK
O0335,J,클립,4642.52,PEAK,5.8,12.4,9.1,12.9,10.1,OK
O0336,D,터미널 블록,4649.31,PEAK,5.5,9.8,9.2,11.1,8.9,OK
O0337,G,PCB 보드,4654.93,PEAK,4.6,11.8,9.2,9.2,12.2,OK
O0338,H,어댑터 24V,4661.68,PEAK,6.1,9.8,8.9,11.6,8.7,OK
O0339,E,근접 센서,4666.46,PEAK,5.2,9.3,9.5,10.4,12.3,OK
O0340,H,어댑터 24V,4673.38,PEAK,4.2,10.9,10.3,9.3,10.1,OK
O0341,C,제어 케이블,4677.97,PEAK,3.5,10.4,10.8,7.3,10.3,OK
O0342,C,전선 2.5sq,4681.34,PEAK,3.8,8.8,11.0,9.4,9.7,OK
O0343,D,소켓 16P,4687.49,PEAK,4.3,8.1,9.2,9.6,8.6,OK
O0344,G,릴레이 24V,4691.31,PEAK,5.6,10.5,12.2,11.7,12.9,OK
O0345,B,부싱 20mm,4696.65,PEAK,4.6,7.1,12.9,11.9,10.1,OK
O0346,G,릴레이 24V,4702.75,PEAK,5.6,11.3,12.4,8.1,12.7,OK
O0347,B,소형 롤러,4706.86,PEAK,3.9,9.2,9.5,8.7,9.4,OK
O0348,C,전선 2.5sq,4710.86,PEAK,6.4,11.9,10.2,8.3,9.9,OK
O0349,B,소형 롤러,4713.92,PEAK,6.0,9.0,9.6,12.9,7.9,OK
O0350,C,전선 2.5sq,4718.22,PEAK,5.8,12.9,8.3,10.3,9.7,OK
O0351,C,제어 케이블,4724.19,PEAK,6.2,12.0,9.8,7.4,11.7,OK
O0352,C,제어 케이블,4728.98,PEAK,5.2,7.8,7.4,8.9,10.1,OK
O0353,A,와셔 8mm,4733.99,PEAK,5.6,11.4,11.4,9.1,9.6,OK
O0354,A,나사 M4,4738.83,PEAK,6.4,7.2,10.3,12.4,7.3,OK
O0355,C,제어 케이블,4745.21,PEAK,5.9,7.2,12.7,13.0,9.0,OK
O0356,C,제어 케이블,4751.06,PEAK,4.2,12.5,12.3,10.0,12.5,OK
O0357,H,퓨즈 5A,4756.50,PEAK,4.8,10.5,10.7,7.7,11.9,OK
O0358,H,전원공급장치 150W,4762.03,PEAK,4.1,11.4,10.6,10.5,10.7,OK
O0359,I,튜브 연결구,4769.01,PEAK,6.3,9.2,8.2,7.4,8.7,OK
O0360,C,통신 케이블,4774.43,PEAK,6.4,7.6,9.4,12.8,11.8,OK
O0361,J,케이블타이,4780.03,PEAK,6.3,7.5,11.2,12.1,8.8,OK
O0362,F,리미트스위치,4784.75,PEAK,3.5,12.9,12.4,7.5,12.7,OK
O0363,C,제어 케이블,4791.06,PEAK,3.9,12.6,7.3,12.0,8.0,OK
O0364,E,근접 센서,4795.77,PEAK,4.2,10.1,11.6,12.4,10.9,OK
O0365,C,전선 2.5sq,4801.52,PEAK,5.2,10.1,9.0,9.2,9.1,OK
O0366,H,어댑터 24V,4804.89,PEAK,3.6,7.5,8.0,9.5,9.8,OK
O0367,H,퓨즈 5A,4810.12,PEAK,4.8,7.5,7.9,12.7,7.5,OK
O0368,I,튜브 연결구,4813.61,PEAK,5.4,9.2,9.2,9.9,7.1,OK
O0369,H,전원공급장치 150W,4816.81,PEAK,3.7,8.1,11.5,10.3,9.9,OK
O0370,D,소켓 16P,4820.23,PEAK,4.1,10.4,9.5,11.2,7.8,OK
O0371,E,광 센서,4825.15,PEAK,4.5,8.3,8.0,12.8,10.3,OK
O0372,G,릴레이 24V,4829.62,PEAK,5.3,10.8,11.7,11.1,12.0,OK
O0373,G,컨트롤 모듈,4835.85,PEAK,4.4,11.9,12.7,11.1,10.6,OK
O0374,H,어댑터 24V,4841.55,PEAK,4.9,11.2,8.6,11.6,10.6,OK
O0375,E,온도 센서,4845.28,PEAK,4.9,8.3,7.9,10.1,12.7,OK
O0376,D,소켓 16P,4849.68,PEAK,5.9,9.5,12.6,11.6,7.4,MISREAD
O0377,C,전선 2.5sq,4855.31,PEAK,4.1,12.0,7.2,11.0,7.9,OK
O0378,I,솔레노이드 밸브,4861.29,PEAK,5.3,8.8,12.2,9.4,10.5,OK
O0379,H,퓨즈 5A,4865.66,PEAK,4.1,10.5,11.6,7.4,10.5,OK
O0380,B,베어링 6204,4871.04,PEAK,4.0,7.5,10.4,7.4,10.9,OK
O0381,C,제어 케이블,4877.06,PEAK,5.2,12.2,10.5,11.6,10.9,OK
O0382,I,솔레노이드 밸브,4881.83,PEAK,6.5,8.8,10.5,9.6,9.0,OK
O0383,A,와셔 8mm,4885.92,PEAK,4.9,8.5,12.3,7.3,7.7,OK
O0384,I,튜브 연결구,4890.64,PEAK,3.8,7.4,8.1,10.4,9.0,OK
O0385,I,튜브 연결구,4896.31,PEAK,5.8,11.9,10.0,12.0,8.7,OK
O0386,D,커넥터 8P,4899.53,PEAK,4.6,8.1,10.9,12.6,12.9,OK
O0387,C,전선 2.5sq,4905.59,PEAK,4.0,12.8,9.2,12.1,11.2,OK
O0388,D,터미널 블록,4910.58,PEAK,3.8,10.8,8.1,8.7,10.6,OK
O0389,H,어댑터 24V,4915.71,PEAK,5.4,12.5,9.6,10.1,11.4,OK
O0390,F,푸시버튼,4920.30,PEAK,5.5,10.3,8.9,7.8,10.1,OK
O0391,H,퓨즈 5A,4925.14,PEAK,6.2,10.9,10.8,8.5,9.6,OK
O0392,I,솔레노이드 밸브,4929.85,PEAK,5.8,10.5,8.4,7.6,12.7,OK
O0393,H,어댑터 24V,4933.31,PEAK,4.4,10.0,12.9,8.7,9.3,OK
O0394,J,절연테이프,4939.52,PEAK,6.2,8.3,11.1,8.5,7.6,OK
O0395,B,부싱 20mm,4942.87,PEAK,3.7,11.9,8.9,7.2,10.1,OK
O0396,I,솔레노이드 밸브,4948.23,PEAK,6.5,11.2,11.3,11.0,7.3,OK
O0397,D,커넥터 8P,4954.21,PEAK,5.7,7.4,10.4,10.7,8.8,OK
O0398,D,터미널 블록,4959.25,PEAK,5.6,11.7,10.1,12.0,11.2,OK
O0399,J,케이블타이,4963.66,PEAK,4.9,11.6,10.1,12.7,7.5,OK
O0400,D,커넥터 8P,4967.60,PEAK,3.9,9.8,11.3,11.0,9.8,OK
O0401,B,베어링 6204,4988.63,일반,5.1,10.4,7.6,12.9,8.2,OK
O0402,H,전원공급장치 150W,5013.14,일반,5.3,9.1,11.7,10.5,10.9,OK
O0403,J,절연테이프,5035.68,일반,4.3,7.6,10.5,12.7,7.3,OK
O0404,J,클립,5057.49,일반,4.7,10.5,11.4,12.2,12.8,OK
O0405,J,절연테이프,5078.85,일반,5.8,12.8,12.6,11.4,12.4,OK
O0406,F,푸시버튼,5102.49,일반,4.7,11.2,10.2,10.5,9.6,OK
O0407,H,전원공급장치 150W,5121.89,일반,4.9,10.4,7.4,10.2,10.2,OK
O0408,E,광 센서,5143.20,일반,5.0,9.1,7.3,8.1,12.6,OK
O0409,I,원터치 피팅,5158.76,일반,6.2,12.5,13.0,12.0,9.1,OK
O0410,H,어댑터 24V,5176.87,일반,5.4,8.8,9.0,8.4,10.5,OK
O0411,E,근접 센서,5192.44,일반,3.5,9.8,10.7,9.6,8.9,OK
O0412,B,소형 롤러,5213.88,일반,4.3,10.7,9.3,9.8,12.6,OK
O0413,G,PCB 보드,5234.82,일반,4.2,10.1,11.3,12.8,10.9,FAIL
O0414,A,나사 M4,5255.63,일반,3.7,8.6,7.8,7.8,10.0,OK
O0415,J,클립,5279.72,일반,4.6,9.3,7.6,7.7,7.5,OK
O0416,J,절연테이프,5296.60,일반,5.6,8.0,11.0,10.1,8.2,OK
O0417,A,나사 M4,5316.61,일반,3.6,10.5,10.9,11.5,11.3,OK
O0418,F,토글스위치,5332.65,일반,6.2,8.6,8.8,7.1,10.7,FAIL
O0419,C,전선 2.5sq,5348.49,일반,4.5,11.7,10.3,7.8,12.6,OK
O0420,H,전원공급장치 150W,5365.97,일반,4.5,11.7,7.6,10.4,9.4,OK
O0421,J,케이블타이,5386.21,일반,6.0,12.2,11.3,9.1,11.4,OK
O0422,E,온도 센서,5404.85,일반,4.6,11.9,9.2,11.0,9.2,OK
O0423,F,토글스위치,5423.94,일반,4.9,7.5,11.4,8.4,10.0,OK
O0424,F,푸시버튼,5444.91,일반,4.5,12.0,8.1,9.7,10.1,OK
O0425,I,튜브 연결구,5463.21,일반,4.7,12.2,7.8,9.9,10.3,OK
O0426,E,광 센서,5482.08,일반,4.3,12.8,11.3,9.6,11.0,OK
O0427,J,케이블타이,5505.59,일반,5.3,12.0,10.6,11.2,9.0,OK
O0428,J,클립,5523.93,일반,4.5,7.5,7.0,9.5,7.8,OK
O0429,F,리미트스위치,5540.34,일반,4.9,10.2,10.6,9.3,7.9,OK
O0430,G,릴레이 24V,5565.02,일반,5.7,7.8,8.6,11.3,11.2,OK
O0431,B,부싱 20mm,5585.97,일반,5.7,11.8,8.7,8.2,7.1,OK
O0432,F,푸시버튼,5606.56,일반,4.2,12.5,10.4,12.2,10.3,OK
O0433,I,원터치 피팅,5628.26,일반,6.5,10.9,9.6,12.3,8.0,OK
O0434,G,컨트롤 모듈,5649.72,일반,6.0,11.2,10.1,9.5,12.2,OK
O0435,F,리미트스위치,5668.34,일반,4.3,12.3,12.9,11.5,8.5,OK
O0436,D,터미널 블록,5685.14,일반,6.0,12.6,11.6,10.2,7.1,OK
O0437,H,어댑터 24V,5709.62,일반,5.8,8.4,11.7,8.5,9.5,OK
O0438,C,전선 2.5sq,5726.88,일반,5.2,12.5,12.1,11.1,12.5,OK
O0439,B,소형 롤러,5742.65,일반,4.2,9.8,12.3,8.4,8.9,OK
O0440,I,원터치 피팅,5765.36,일반,6.4,12.6,8.3,11.6,10.3,OK
O0441,J,케이블타이,5786.98,일반,5.8,8.1,11.4,8.7,10.2,OK
O0442,C,전선 2.5sq,5807.95,일반,5.2,12.1,9.4,7.8,9.3,OK
O0443,J,케이블타이,5824.76,일반,3.5,7.9,10.0,9.1,12.0,OK
O0444,A,나사 M4,5846.97,일반,5.9,10.8,10.5,7.6,8.8,OK
O0445,D,터미널 블록,5865.62,일반,4.6,7.6,7.3,8.3,11.1,OK
O0446,H,어댑터 24V,5886.72,일반,5.2,7.3,8.5,11.2,9.7,OK
O0447,E,온도 센서,5907.06,일반,6.3,8.8,7.5,12.5,7.8,OK
O0448,D,터미널 블록,5931.10,일반,5.4,11.0,7.5,12.5,12.5,OK
O0449,J,절연테이프,5952.89,일반,5.7,7.1,8.2,9.4,10.3,OK
O0450,E,온도 센서,5972.50,일반,6.4,12.8,7.1,9.5,10.8,OK
O0451,G,릴레이 24V,5992.53,일반,5.2,7.5,12.2,12.7,10.8,OK
O0452,J,케이블타이,6015.70,일반,5.9,11.2,11.2,7.2,10.6,OK
O0453,A,나사 M4,6039.43,일반,4.0,11.5,12.2,12.3,7.9,OK
O0454,I,원터치 피팅,6063.17,일반,4.9,8.7,8.1,13.0,9.7,OK
O0455,I,원터치 피팅,6085.29,일반,6.3,9.7,8.5,11.8,11.5,OK
O0456,C,제어 케이블,6103.14,일반,5.8,8.0,10.7,8.1,7.2,OK
O0457,I,원터치 피팅,6122.63,일반,4.3,10.9,11.8,11.0,12.3,OK
O0458,B,베어링 6204,6145.94,일반,3.6,8.2,9.5,8.6,10.5,OK
O0459,F,푸시버튼,6169.11,일반,6.2,9.2,7.2,8.9,8.6,OK
O0460,G,컨트롤 모듈,6188.26,일반,3.8,7.5,7.4,7.1,9.8,OK
O0461,G,릴레이 24V,6207.00,일반,5.0,12.8,8.4,8.1,9.3,OK
O0462,A,와셔 8mm,6225.75,일반,6.2,10.2,12.4,8.0,9.1,OK
O0463,F,푸시버튼,6250.05,일반,4.4,7.9,8.8,10.4,9.4,OK
O0464,E,온도 센서,6266.43,일반,6.2,8.7,10.2,8.0,10.2,OK
O0465,C,통신 케이블,6288.39,일반,6.4,8.4,9.2,8.5,10.4,OK
O0466,J,케이블타이,6308.08,일반,5.5,7.1,12.4,10.6,8.8,OK
O0467,A,와셔 8mm,6332.14,일반,5.4,10.3,8.9,10.1,9.8,OK
O0468,C,통신 케이블,6349.30,일반,6.0,11.8,10.3,7.5,7.1,OK
O0469,J,클립,6373.70,일반,6.2,10.2,9.1,10.4,11.7,OK
O0470,E,근접 센서,6392.93,일반,4.1,8.3,9.4,7.3,7.9,OK
O0471,A,너트 M8,6410.94,일반,6.1,11.4,11.9,10.7,11.2,OK
O0472,J,절연테이프,6430.14,일반,5.5,9.6,9.6,12.8,11.1,OK
O0473,H,퓨즈 5A,6445.77,일반,4.0,10.7,12.4,7.4,11.1,OK
O0474,I,튜브 연결구,6466.13,일반,6.2,8.9,10.6,8.8,8.9,OK
O0475,C,제어 케이블,6483.55,일반,4.6,7.7,11.1,10.5,12.8,OK
O0476,J,절연테이프,6502.84,일반,4.5,10.4,11.4,12.5,11.5,OK
O0477,G,릴레이 24V,6520.25,일반,4.5,11.8,11.0,11.0,9.9,OK
O0478,B,소형 롤러,6541.89,일반,5.9,11.6,10.0,9.9,9.9,OK
O0479,B,소형 롤러,6566.64,일반,6.0,11.0,8.1,10.8,10.1,OK
O0480,I,튜브 연결구,6587.08,일반,5.4,11.0,9.1,7.8,12.6,OK
O0481,H,어댑터 24V,6602.28,일반,5.2,10.9,12.2,10.0,7.5,OK
O0482,F,리미트스위치,6623.64,일반,6.3,11.8,8.6,11.0,11.4,OK
O0483,F,푸시버튼,6646.11,일반,4.6,7.8,10.3,9.2,10.6,OK
O0484,B,소형 롤러,6664.56,일반,3.7,8.1,10.1,12.4,9.2,OK
O0485,F,푸시버튼,6686.91,일반,6.2,12.4,11.3,8.1,10.8,OK
O0486,I,솔레노이드 밸브,6702.35,일반,4.5,10.2,7.7,8.4,13.0,OK
O0487,C,통신 케이블,6725.49,일반,6.3,11.7,7.4,9.8,12.0,OK
O0488,H,퓨즈 5A,6745.14,일반,6.1,11.9,10.7,10.3,11.8,OK
O0489,C,전선 2.5sq,6761.96,일반,3.8,12.2,9.2,12.5,7.6,OK
O0490,H,어댑터 24V,6784.12,일반,4.5,9.8,8.2,10.3,8.7,OK
O0491,A,너트 M8,6802.05,일반,4.7,8.4,9.1,8.4,10.9,OK
O0492,F,리미트스위치,6825.91,일반,4.2,10.1,10.8,12.9,11.9,OK
O0493,I,솔레노이드 밸브,6846.07,일반,6.0,10.7,8.4,8.6,7.6,OK
O0494,D,터미널 블록,6863.60,일반,4.2,12.9,11.7,9.3,8.0,OK
O0495,A,와셔 8mm,6882.17,일반,5.8,7.9,11.8,9.7,12.0,OK
O0496,F,리미트스위치,6899.90,일반,3.9,8.6,12.0,7.6,11.3,OK
O0497,H,전원공급장치 150W,6923.80,일반,4.9,12.5,7.6,8.2,9.1,OK
O0498,C,제어 케이블,6942.19,일반,5.1,10.9,8.6,11.4,12.9,OK
O0499,F,토글스위치,6964.11,일반,5.0,7.3,11.9,12.9,11.2,OK
O0500,B,소형 롤러,6981.77,일반,6.2,9.3,9.4,11.8,7.8,OK
O0501,G,컨트롤 모듈,7001.02,일반,5.4,8.3,11.4,7.7,11.9,OK
O0502,C,통신 케이블,7025.97,일반,5.5,12.3,7.5,10.1,7.2,OK
O0503,B,베어링 6204,7043.91,일반,6.2,10.1,12.3,7.3,9.0,OK
O0504,E,온도 센서,7062.19,일반,3.6,12.6,10.1,11.2,8.2,OK
O0505,G,릴레이 24V,7081.65,일반,4.0,8.1,9.7,9.6,8.0,OK
O0506,F,리미트스위치,7103.54,일반,5.8,11.0,10.2,11.8,12.6,OK
O0507,F,토글스위치,7118.97,일반,5.3,12.2,11.5,10.9,11.8,OK
O0508,E,광 센서,7143.95,일반,5.2,9.4,10.7,7.4,12.7,OK
O0509,A,볼트 M8,7168.75,일반,5.4,8.2,11.3,12.9,10.9,OK
O0510,G,PCB 보드,7190.46,일반,4.4,10.7,7.0,12.3,8.5,OK
O0511,C,전선 2.5sq,7210.59,일반,4.8,9.5,11.3,7.7,8.3,OK
O0512,J,클립,7227.02,일반,5.4,12.4,11.5,10.4,10.4,OK
O0513,A,너트 M8,7249.83,일반,4.3,12.7,9.4,7.3,12.1,OK
O0514,F,리미트스위치,7265.50,일반,4.3,11.3,11.5,9.4,7.1,OK
O0515,J,케이블타이,7284.33,일반,3.8,8.0,8.8,8.6,12.2,OK
O0516,H,전원공급장치 150W,7305.38,일반,4.8,9.1,9.9,10.3,11.1,OK
O0517,B,소형 롤러,7324.10,일반,3.9,9.0,8.8,7.7,9.3,OK
O0518,F,리미트스위치,7340.48,일반,4.0,12.1,9.8,7.6,11.0,OK
O0519,E,근접 센서,7358.62,일반,4.7,11.9,10.8,9.2,10.5,OK
O0520,A,너트 M8,7383.23,일반,4.7,10.2,8.4,10.7,10.8,OK
O0521,G,컨트롤 모듈,7403.22,일반,5.0,7.1,8.8,11.1,12.8,OK
O0522,E,광 센서,7419.40,일반,4.0,9.6,11.3,10.6,12.8,OK
O0523,J,절연테이프,7438.86,일반,4.6,12.4,12.5,7.0,12.4,OK
O0524,H,어댑터 24V,7460.80,일반,5.0,12.4,12.3,11.7,11.3,OK
O0525,B,부싱 20mm,7477.03,일반,6.4,8.5,10.3,11.3,11.2,OK
O0526,H,어댑터 24V,7493.75,일반,5.8,11.8,13.0,10.4,8.4,OK
O0527,F,토글스위치,7516.86,일반,3.8,9.1,12.0,10.4,12.9,OK
O0528,B,소형 롤러,7535.33,일반,4.8,8.7,8.1,12.4,12.8,MISREAD
O0529,E,근접 센서,7555.75,일반,5.6,11.4,7.7,11.8,10.4,OK
O0530,C,제어 케이블,7577.87,일반,5.7,12.8,12.6,12.8,10.2,OK
O0531,B,베어링 6204,7597.96,일반,6.4,11.4,10.5,8.8,8.6,OK
O0532,D,터미널 블록,7620.88,일반,6.2,12.3,9.8,9.0,10.1,OK
O0533,I,튜브 연결구,7636.14,일반,3.9,8.3,10.0,10.5,11.7,OK
O0534,I,원터치 피팅,7654.83,일반,5.5,8.5,12.0,8.0,10.0,OK
O0535,B,베어링 6204,7675.95,일반,4.5,10.6,10.8,10.0,12.4,OK
O0536,H,퓨즈 5A,7694.05,일반,6.3,12.6,7.2,11.6,7.3,OK
O0537,G,컨트롤 모듈,7713.15,일반,3.9,12.1,11.2,11.8,8.6,OK
O0538,F,토글스위치,7728.89,일반,4.3,12.1,9.0,11.0,12.7,OK
O0539,H,퓨즈 5A,7744.63,일반,3.5,7.5,11.8,11.6,12.9,OK
O0540,C,통신 케이블,7764.81,일반,5.4,11.7,12.1,9.2,8.6,OK
O0541,C,전선 2.5sq,7786.20,일반,4.5,9.3,11.7,8.6,8.6,OK
O0542,A,볼트 M8,7805.53,일반,4.2,12.7,11.0,11.3,12.6,OK
O0543,E,근접 센서,7825.71,일반,4.7,12.9,12.5,7.0,10.8,OK
O0544,D,터미널 블록,7842.33,일반,4.1,12.5,11.6,9.8,11.9,OK
O0545,I,솔레노이드 밸브,7866.81,일반,4.5,8.0,10.9,9.0,10.4,OK
O0546,E,근접 센서,7890.27,일반,5.8,7.4,9.4,8.8,9.4,OK
O0547,I,솔레노이드 밸브,7911.62,일반,6.1,12.0,9.2,12.8,12.2,OK
O0548,E,광 센서,7927.87,일반,6.2,9.2,8.0,9.6,11.5,OK
O0549,I,튜브 연결구,7948.20,일반,5.7,7.8,9.1,11.1,12.1,OK
O0550,J,케이블타이,7964.89,일반,5.2,9.3,11.0,12.7,10.2,OK
O0551,J,클립,7981.60,일반,4.6,11.3,8.4,11.2,10.5,OK
O0552,F,토글스위치,8005.62,일반,3.7,8.3,10.3,11.1,11.2,OK
O0553,A,볼트 M8,8021.03,일반,6.4,12.4,10.6,11.3,11.3,OK
O0554,J,절연테이프,8036.49,일반,4.6,10.1,12.4,8.4,12.9,OK
O0555,J,절연테이프,8058.00,일반,5.4,9.0,11.9,10.8,8.1,OK
O0556,A,나사 M4,8079.18,일반,6.2,10.3,11.1,8.1,12.2,OK
O0557,I,솔레노이드 밸브,8103.07,일반,4.0,10.3,12.7,12.6,7.9,OK
O0558,E,온도 센서,8124.49,일반,6.0,11.3,12.1,7.6,7.2,OK
O0559,G,PCB 보드,8141.94,일반,6.3,11.1,11.1,12.6,10.9,OK
O0560,A,너트 M8,8161.47,일반,6.4,12.8,10.6,8.9,7.9,OK
O0561,H,전원공급장치 150W,8180.87,일반,6.0,8.4,11.4,12.0,8.6,OK
O0562,J,케이블타이,8197.91,일반,5.0,11.8,9.2,8.9,10.4,OK
O0563,F,토글스위치,8216.03,일반,4.6,9.9,7.7,10.6,8.7,OK
O0564,F,리미트스위치,8240.92,일반,5.1,10.1,11.0,11.3,12.8,OK
O0565,F,토글스위치,8257.22,일반,5.0,8.9,8.1,11.6,11.6,OK
O0566,F,푸시버튼,8277.84,일반,4.0,7.0,10.3,12.1,11.8,OK
O0567,E,온도 센서,8297.50,일반,4.7,9.7,11.4,12.8,11.6,OK
O0568,B,베어링 6204,8314.98,일반,5.5,10.2,10.9,7.9,9.3,OK
O0569,G,컨트롤 모듈,8332.89,일반,3.8,11.5,7.8,7.5,10.4,OK
O0570,C,제어 케이블,8352.07,일반,4.6,9.2,10.6,7.8,7.5,OK
O0571,F,푸시버튼,8376.40,일반,3.8,11.6,8.5,8.1,10.9,OK
O0572,H,퓨즈 5A,8399.04,일반,5.6,8.8,12.9,11.7,9.6,OK
O0573,E,온도 센서,8418.70,일반,6.0,10.8,12.3,11.8,7.5,OK
O0574,G,컨트롤 모듈,8433.94,일반,6.0,10.7,10.9,10.0,10.9,OK
O0575,D,커넥터 8P,8453.51,일반,5.0,8.5,8.0,9.5,10.0,OK
O0576,A,볼트 M8,8474.34,일반,5.2,11.4,10.3,7.5,11.3,OK
O0577,J,클립,8492.15,일반,6.2,9.7,11.1,8.1,12.8,OK
O0578,E,광 센서,8513.88,일반,4.6,9.4,10.9,7.2,9.2,OK
O0579,B,부싱 20mm,8528.96,일반,6.3,10.7,7.6,11.7,11.1,OK
O0580,E,광 센서,8545.30,일반,5.1,12.3,11.6,10.3,11.2,OK
O0581,G,PCB 보드,8563.96,일반,4.8,9.6,7.2,10.2,10.0,OK
O0582,A,너트 M8,8579.41,일반,5.9,11.5,12.9,7.5,7.8,OK
O0583,E,근접 센서,8598.04,일반,5.1,9.7,7.8,8.4,7.9,OK
O0584,H,퓨즈 5A,8616.90,일반,4.6,12.8,9.3,11.6,7.6,OK
O0585,J,클립,8634.70,일반,3.9,9.7,12.2,8.7,9.9,OK
O0586,C,전선 2.5sq,8655.81,일반,5.3,12.7,11.6,12.5,10.4,OK
O0587,F,토글스위치,8674.75,일반,5.5,7.5,10.6,12.5,8.2,OK
O0588,C,전선 2.5sq,8699.14,일반,5.2,7.2,9.1,9.6,11.3,OK
O0589,G,컨트롤 모듈,8720.16,일반,4.9,7.5,7.4,7.5,9.3,OK
O0590,A,너트 M8,8735.56,일반,6.1,12.0,10.7,9.6,8.3,OK
O0591,H,퓨즈 5A,8757.70,일반,4.9,10.9,11.1,12.3,13.0,OK
O0592,J,클립,8777.27,일반,4.4,9.5,10.6,11.5,7.3,OK
O0593,J,절연테이프,8793.67,일반,6.2,11.2,12.3,9.9,12.9,OK
O0594,J,클립,8810.29,일반,4.0,10.2,7.2,7.2,9.1,OK
O0595,J,절연테이프,8833.72,일반,6.1,8.9,11.0,7.4,7.2,OK
O0596,I,튜브 연결구,8853.79,일반,5.5,9.7,12.7,7.3,9.1,OK
O0597,J,절연테이프,8873.69,일반,5.3,10.2,11.3,10.9,11.0,OK
O0598,A,와셔 8mm,8893.44,일반,5.2,10.0,9.8,7.6,10.4,OK
O0599,B,부싱 20mm,8911.75,일반,6.1,9.1,12.4,12.5,8.3,OK
O0600,A,나사 M4,8932.59,일반,5.9,11.3,7.5,7.8,8.5,OK
O0601,G,컨트롤 모듈,8936.65,PEAK,4.2,9.3,8.1,12.6,7.3,OK
O0602,I,원터치 피팅,8940.56,PEAK,4.4,11.5,12.8,7.9,9.6,OK
O0603,F,푸시버튼,8945.66,PEAK,3.9,10.7,8.7,11.7,8.1,OK
O0604,C,전선 2.5sq,8951.94,PEAK,4.0,7.2,8.3,11.7,10.1,OK
O0605,D,터미널 블록,8955.02,PEAK,4.7,8.4,8.6,7.6,10.4,MISREAD
O0606,I,튜브 연결구,8960.78,PEAK,4.6,7.5,10.6,12.8,12.1,OK
O0607,G,릴레이 24V,8966.69,PEAK,4.5,12.4,12.1,8.2,7.0,OK
O0608,F,토글스위치,8971.93,PEAK,5.7,10.1,10.7,11.1,10.4,OK
O0609,F,토글스위치,8976.44,PEAK,3.7,9.6,8.6,9.8,10.9,OK
O0610,H,퓨즈 5A,8980.81,PEAK,4.3,9.9,10.5,11.8,10.9,OK
O0611,E,광 센서,8985.75,PEAK,4.7,8.9,8.0,11.6,11.9,OK
O0612,E,온도 센서,8989.94,PEAK,5.3,7.3,9.1,10.4,7.1,OK
O0613,F,리미트스위치,8995.76,PEAK,5.4,11.7,9.4,8.1,10.1,OK
O0614,H,전원공급장치 150W,9000.68,PEAK,3.6,9.4,10.7,12.9,7.4,OK
O0615,F,리미트스위치,9004.17,PEAK,5.6,11.6,12.7,12.0,7.3,OK
O0616,B,부싱 20mm,9010.44,PEAK,6.1,8.0,8.9,11.1,9.1,OK
O0617,A,와셔 8mm,9013.61,PEAK,5.4,11.3,8.2,8.9,12.7,OK
O0618,J,절연테이프,9020.31,PEAK,5.2,7.4,7.5,9.8,10.0,OK
O0619,E,광 센서,9024.16,PEAK,6.4,10.0,7.8,7.2,10.5,OK
O0620,D,커넥터 8P,9029.95,PEAK,4.6,9.9,9.7,9.5,11.5,OK
O0621,B,소형 롤러,9033.15,PEAK,5.1,8.9,10.0,8.4,8.9,OK
O0622,H,퓨즈 5A,9037.08,PEAK,3.8,8.8,11.1,11.2,9.7,OK
O0623,B,베어링 6204,9041.97,PEAK,5.0,9.1,9.6,8.0,12.6,OK
O0624,B,부싱 20mm,9048.83,PEAK,5.9,9.7,12.0,7.4,10.3,OK
O0625,F,리미트스위치,9054.44,PEAK,5.6,8.1,8.9,11.9,12.6,OK
O0626,E,온도 센서,9060.04,PEAK,4.2,8.8,11.8,8.5,9.4,OK
O0627,C,통신 케이블,9064.18,PEAK,4.3,7.7,10.9,12.8,10.2,OK
O0628,C,전선 2.5sq,9069.48,PEAK,6.5,8.1,10.0,8.5,9.1,OK
O0629,A,나사 M4,9074.15,PEAK,3.6,12.0,7.2,8.5,11.3,OK
O0630,H,어댑터 24V,9080.30,PEAK,3.6,10.7,8.0,10.8,9.2,OK
O0631,C,제어 케이블,9083.34,PEAK,3.9,11.8,9.8,12.4,9.7,OK
O0632,G,컨트롤 모듈,9087.48,PEAK,4.2,9.8,10.8,12.1,10.4,OK
O0633,G,PCB 보드,9092.46,PEAK,6.4,12.2,8.7,8.5,9.6,OK
O0634,E,근접 센서,9096.55,PEAK,4.6,10.5,7.2,11.9,8.5,OK
O0635,J,케이블타이,9102.47,PEAK,4.3,8.5,7.8,10.8,7.5,OK
O0636,H,퓨즈 5A,9105.53,PEAK,6.3,7.7,9.8,10.3,12.5,OK
O0637,I,솔레노이드 밸브,9111.22,PEAK,5.6,11.9,9.9,8.5,11.4,OK
O0638,C,전선 2.5sq,9116.29,PEAK,5.7,11.0,9.6,11.7,9.2,OK
O0639,D,커넥터 8P,9123.21,PEAK,4.0,12.7,8.1,8.9,9.4,OK
O0640,H,전원공급장치 150W,9127.26,PEAK,4.4,9.0,10.2,8.4,10.0,OK
O0641,A,와셔 8mm,9131.46,PEAK,5.9,12.7,12.7,7.9,9.7,OK
O0642,A,볼트 M8,9137.08,PEAK,6.1,10.5,10.7,12.2,8.3,OK
O0643,H,퓨즈 5A,9141.94,PEAK,4.3,8.5,10.1,11.3,12.7,OK
O0644,E,온도 센서,9145.41,PEAK,6.2,10.1,12.9,7.9,13.0,OK
O0645,D,터미널 블록,9150.87,PEAK,5.5,8.6,10.3,11.9,8.8,OK
O0646,G,PCB 보드,9154.48,PEAK,4.9,11.0,12.2,7.5,8.7,OK
O0647,I,튜브 연결구,9159.14,PEAK,3.8,9.1,11.7,7.8,12.7,OK
O0648,B,소형 롤러,9165.35,PEAK,5.5,9.2,8.8,8.3,8.9,OK
O0649,A,나사 M4,9171.37,PEAK,4.7,11.3,9.2,12.3,7.0,OK
O0650,C,전선 2.5sq,9176.48,PEAK,5.5,10.2,8.6,7.5,9.2,OK
O0651,B,소형 롤러,9182.80,PEAK,4.9,9.7,8.8,10.6,7.3,OK
O0652,I,원터치 피팅,9187.95,PEAK,6.1,9.9,10.9,7.4,10.4,OK
O0653,F,푸시버튼,9193.67,PEAK,5.9,7.9,11.2,11.8,11.4,OK
O0654,C,제어 케이블,9200.26,PEAK,5.7,12.4,12.9,10.2,9.7,OK
O0655,C,통신 케이블,9203.79,PEAK,4.7,12.1,9.5,7.3,12.0,OK
O0656,J,케이블타이,9208.64,PEAK,5.8,10.1,11.0,12.0,7.1,OK
O0657,J,케이블타이,9213.22,PEAK,5.0,12.5,9.9,12.6,8.1,OK
O0658,H,퓨즈 5A,9218.54,PEAK,6.1,9.1,11.0,12.8,11.6,OK
O0659,A,나사 M4,9221.79,PEAK,5.5,8.6,8.0,12.4,7.7,OK
O0660,D,소켓 16P,9224.92,PEAK,5.4,8.1,12.8,10.8,10.0,OK
O0661,F,리미트스위치,9231.83,PEAK,6.3,9.4,11.7,11.8,12.0,OK
O0662,I,솔레노이드 밸브,9238.80,PEAK,5.0,11.7,7.3,11.5,8.3,OK
O0663,G,릴레이 24V,9242.12,PEAK,5.9,10.3,11.2,13.0,7.8,OK
O0664,D,소켓 16P,9247.74,PEAK,3.9,8.9,7.3,12.3,9.8,OK
O0665,D,커넥터 8P,9252.31,PEAK,4.4,9.8,9.4,8.7,8.9,OK
O0666,F,토글스위치,9258.34,PEAK,6.0,8.9,11.1,11.7,12.6,OK
O0667,I,원터치 피팅,9264.21,PEAK,5.4,7.7,10.0,10.9,10.8,OK
O0668,H,어댑터 24V,9268.20,PEAK,6.3,9.4,9.6,12.5,11.3,OK
O0669,A,볼트 M8,9274.95,PEAK,4.8,8.4,10.5,7.5,10.3,OK
O0670,C,전선 2.5sq,9281.19,PEAK,5.9,11.8,7.5,12.2,9.5,OK
O0671,C,제어 케이블,9285.01,PEAK,4.3,11.3,9.1,7.5,12.4,OK
O0672,A,너트 M8,9290.40,PEAK,4.5,7.8,10.9,12.6,8.8,OK
O0673,D,소켓 16P,9296.37,PEAK,4.4,7.2,7.4,10.6,11.0,OK
O0674,A,너트 M8,9300.24,PEAK,4.0,8.0,7.7,7.0,8.6,OK
O0675,H,퓨즈 5A,9305.25,PEAK,6.4,10.4,10.3,10.1,12.5,OK
O0676,E,근접 센서,9310.64,PEAK,5.9,10.1,10.3,7.8,9.2,OK
O0677,D,터미널 블록,9314.85,PEAK,3.7,11.4,10.6,10.8,11.7,OK
O0678,D,소켓 16P,9319.05,PEAK,5.1,7.7,8.6,9.2,10.8,OK
O0679,C,제어 케이블,9324.77,PEAK,3.7,11.1,10.2,8.1,9.5,OK
O0680,G,PCB 보드,9331.53,PEAK,5.7,7.8,11.8,10.8,10.1,OK
O0681,H,전원공급장치 150W,9337.32,PEAK,5.2,7.0,8.0,11.6,8.4,OK
O0682,D,커넥터 8P,9341.05,PEAK,6.5,11.3,10.0,8.2,9.1,OK
O0683,F,푸시버튼,9345.26,PEAK,4.5,10.5,8.9,7.4,9.0,OK
O0684,G,컨트롤 모듈,9350.51,PEAK,4.7,10.1,12.0,12.2,7.1,FAIL
O0685,D,터미널 블록,9354.04,PEAK,5.4,12.2,9.1,12.4,7.4,OK
O0686,E,근접 센서,9359.63,PEAK,5.4,10.6,13.0,12.8,7.1,OK
O0687,A,와셔 8mm,9364.77,PEAK,3.7,7.8,10.2,9.4,7.2,OK
O0688,A,볼트 M8,9369.28,PEAK,5.2,7.4,8.0,9.6,12.1,OK
O0689,J,클립,9373.03,PEAK,3.6,7.5,9.2,9.9,11.8,OK
O0690,H,전원공급장치 150W,9378.27,PEAK,3.7,10.7,11.9,12.1,10.6,OK
O0691,D,소켓 16P,9385.10,PEAK,5.3,8.7,7.9,9.8,7.9,OK
O0692,F,푸시버튼,9388.57,PEAK,3.8,11.2,11.3,11.3,12.3,OK
O0693,F,푸시버튼,9394.35,PEAK,3.8,10.4,12.2,7.5,10.5,OK
O0694,F,리미트스위치,9399.56,PEAK,4.3,10.8,7.9,7.4,7.3,FAIL
O0695,H,전원공급장치 150W,9404.69,PEAK,3.5,7.2,11.0,11.0,11.2,OK
O0696,C,통신 케이블,9409.74,PEAK,3.9,12.4,7.5,8.4,12.7,OK
O0697,B,부싱 20mm,9414.62,PEAK,6.4,9.3,11.6,12.5,9.4,OK
O0698,D,소켓 16P,9418.87,PEAK,6.4,9.8,10.3,9.3,7.9,OK
O0699,I,솔레노이드 밸브,9422.46,PEAK,4.2,11.3,11.8,11.2,12.5,OK
O0700,I,튜브 연결구,9426.07,PEAK,6.5,7.8,8.3,9.9,9.7,OK
O0701,H,전원공급장치 150W,9432.40,PEAK,4.0,10.4,9.8,12.9,12.9,OK
O0702,I,솔레노이드 밸브,9438.45,PEAK,5.3,10.1,12.3,10.7,9.1,OK
O0703,B,베어링 6204,9442.13,PEAK,4.1,8.6,7.3,8.5,12.4,OK
O0704,C,통신 케이블,9448.01,PEAK,4.5,12.0,10.8,10.3,9.0,OK
O0705,J,케이블타이,9451.14,PEAK,4.6,11.2,7.5,11.2,9.3,OK
O0706,D,커넥터 8P,9457.20,PEAK,6.4,10.2,12.1,9.0,10.0,OK
O0707,I,솔레노이드 밸브,9463.03,PEAK,3.9,10.6,12.1,10.2,7.6,OK
O0708,G,PCB 보드,9466.27,PEAK,4.8,9.1,11.7,11.2,9.8,OK
O0709,I,원터치 피팅,9471.91,PEAK,4.3,12.0,10.9,7.4,7.1,OK
O0710,G,PCB 보드,9474.97,PEAK,5.0,7.2,9.2,9.5,11.3,OK
O0711,J,절연테이프,9478.04,PEAK,6.1,11.9,10.0,7.6,9.6,OK
O0712,A,볼트 M8,9484.27,PEAK,5.3,11.6,9.0,11.0,11.8,OK
O0713,H,전원공급장치 150W,9489.37,PEAK,3.5,9.0,7.5,11.5,8.5,OK
O0714,H,전원공급장치 150W,9493.43,PEAK,5.3,12.9,8.1,11.0,7.8,OK
O0715,D,터미널 블록,9498.27,PEAK,5.1,9.1,8.7,10.8,9.3,OK
O0716,J,클립,9504.01,PEAK,5.0,9.4,10.7,8.0,12.1,OK
O0717,I,솔레노이드 밸브,9510.05,PEAK,6.4,12.2,12.2,11.4,11.4,OK
O0718,C,통신 케이블,9515.26,PEAK,4.6,11.0,9.2,10.5,9.8,OK
O0719,I,튜브 연결구,9518.94,PEAK,4.0,11.1,7.8,7.1,11.0,OK
O0720,C,통신 케이블,9525.08,PEAK,4.8,10.5,11.9,8.0,10.6,OK
O0721,I,솔레노이드 밸브,9531.76,PEAK,6.1,9.4,7.6,9.0,8.8,FAIL
O0722,H,퓨즈 5A,9534.94,PEAK,4.1,12.4,7.0,11.1,8.4,OK
O0723,H,어댑터 24V,9540.20,PEAK,3.8,12.0,9.8,11.5,11.3,OK
O0724,I,원터치 피팅,9547.04,PEAK,5.8,12.8,8.2,12.2,8.9,OK
O0725,I,튜브 연결구,9551.24,PEAK,5.2,12.2,8.4,10.0,9.1,OK
O0726,D,소켓 16P,9557.83,PEAK,4.8,7.4,11.7,10.8,8.0,OK
O0727,H,어댑터 24V,9563.72,PEAK,5.1,13.0,8.0,9.2,12.7,OK
O0728,C,제어 케이블,9567.11,PEAK,3.8,7.7,9.2,7.3,12.6,OK
O0729,G,PCB 보드,9572.53,PEAK,3.5,11.5,11.2,11.6,7.3,OK
O0730,H,전원공급장치 150W,9579.41,PEAK,5.1,12.0,12.0,7.5,11.4,OK
O0731,I,솔레노이드 밸브,9584.37,PEAK,4.2,10.9,12.2,10.8,7.7,OK
O0732,I,원터치 피팅,9588.11,PEAK,5.5,9.4,7.2,11.0,10.9,OK
O0733,D,소켓 16P,9594.20,PEAK,4.2,8.0,8.6,10.8,11.6,OK
O0734,I,튜브 연결구,9597.50,PEAK,6.4,11.7,10.7,13.0,8.2,OK
O0735,I,솔레노이드 밸브,9603.63,PEAK,6.4,11.0,7.9,7.5,9.6,OK
O0736,H,전원공급장치 150W,9608.08,PEAK,4.8,12.2,12.6,10.6,11.3,OK
O0737,D,커넥터 8P,9612.52,PEAK,5.9,10.2,9.3,9.4,12.7,OK
O0738,I,원터치 피팅,9616.26,PEAK,4.6,11.5,12.8,8.6,7.6,OK
O0739,C,통신 케이블,9619.37,PEAK,4.2,7.5,9.2,8.7,12.0,OK
O0740,I,원터치 피팅,9624.76,PEAK,6.4,10.1,8.9,12.0,7.8,OK
O0741,C,통신 케이블,9628.93,PEAK,3.7,12.5,12.4,9.6,10.8,OK
O0742,B,소형 롤러,9635.53,PEAK,6.2,8.8,8.1,8.7,9.1,OK
O0743,B,베어링 6204,9640.62,PEAK,6.2,10.8,7.4,10.5,9.4,OK
O0744,D,커넥터 8P,9644.69,PEAK,4.1,7.8,11.9,9.3,12.4,OK
O0745,H,전원공급장치 150W,9648.36,PEAK,5.2,7.9,9.7,13.0,10.9,OK
O0746,D,소켓 16P,9654.49,PEAK,4.4,10.0,8.0,7.1,10.0,OK
O0747,D,터미널 블록,9659.99,PEAK,5.4,10.0,9.4,8.1,7.4,OK
O0748,I,솔레노이드 밸브,9663.42,PEAK,4.9,12.2,11.3,13.0,9.8,OK
O0749,H,전원공급장치 150W,9669.79,PEAK,4.4,10.6,11.6,12.8,9.9,OK
O0750,J,클립,9674.13,PEAK,4.6,8.6,10.0,8.6,11.2,OK
O0751,D,터미널 블록,9677.67,PEAK,4.6,8.2,12.5,12.0,12.8,OK
O0752,E,온도 센서,9681.93,PEAK,3.7,12.3,7.5,8.8,8.9,OK
O0753,G,릴레이 24V,9687.87,PEAK,4.5,9.0,10.9,9.4,11.9,OK
O0754,I,솔레노이드 밸브,9692.17,PEAK,5.0,7.1,9.6,10.7,11.4,OK
O0755,D,소켓 16P,9695.63,PEAK,6.1,9.9,11.7,11.1,10.9,OK
O0756,I,튜브 연결구,9701.70,PEAK,6.4,8.8,8.9,12.7,7.8,OK
O0757,J,케이블타이,9705.54,PEAK,3.8,10.4,8.4,9.4,10.3,OK
O0758,F,토글스위치,9711.81,PEAK,5.8,8.9,7.9,9.9,10.7,OK
O0759,B,부싱 20mm,9716.81,PEAK,5.7,8.4,12.4,7.0,8.7,OK
O0760,F,푸시버튼,9722.44,PEAK,5.1,10.4,7.9,10.8,9.5,OK
O0761,I,튜브 연결구,9727.24,PEAK,5.7,7.8,11.9,11.5,9.4,OK
O0762,J,절연테이프,9732.27,PEAK,5.9,10.7,10.1,8.7,12.7,OK
O0763,E,광 센서,9737.44,PEAK,5.8,11.9,9.5,9.5,12.8,OK
O0764,C,전선 2.5sq,9744.02,PEAK,5.4,12.6,8.0,12.1,7.4,OK
O0765,E,근접 센서,9750.10,PEAK,6.2,9.8,11.9,9.3,11.3,OK
O0766,I,솔레노이드 밸브,9755.69,PEAK,5.9,8.6,11.7,11.9,9.7,OK
O0767,C,전선 2.5sq,9762.55,PEAK,5.7,9.6,8.7,11.3,9.6,FAIL
O0768,D,터미널 블록,9766.58,PEAK,4.5,12.6,12.5,12.5,7.9,OK
O0769,D,터미널 블록,9771.08,PEAK,6.0,8.4,9.8,12.2,8.0,OK
O0770,H,전원공급장치 150W,9778.07,PEAK,4.6,12.0,8.9,11.8,10.3,OK
O0771,D,터미널 블록,9784.75,PEAK,3.8,10.1,7.2,12.4,11.7,OK
O0772,D,소켓 16P,9789.00,PEAK,4.3,8.2,8.8,12.2,7.1,OK
O0773,I,튜브 연결구,9793.93,PEAK,4.5,12.0,9.1,7.9,11.7,OK
O0774,H,어댑터 24V,9799.72,PEAK,4.3,7.4,12.1,9.5,7.7,OK
O0775,H,퓨즈 5A,9805.96,PEAK,4.3,9.6,9.1,8.8,8.9,OK
O0776,J,케이블타이,9809.40,PEAK,6.0,10.2,12.9,10.9,9.7,OK
O0777,H,퓨즈 5A,9814.46,PEAK,3.6,11.8,11.9,7.1,12.7,OK
O0778,I,튜브 연결구,9819.17,PEAK,4.4,12.1,8.6,7.3,12.3,OK
O0779,F,리미트스위치,9822.91,PEAK,5.4,11.0,11.7,9.9,10.2,OK
O0780,B,부싱 20mm,9826.02,PEAK,5.9,7.8,9.7,9.9,10.0,OK
O0781,D,커넥터 8P,9831.39,PEAK,3.8,11.3,8.5,9.0,8.3,OK
O0782,A,볼트 M8,9835.50,PEAK,5.1,7.3,10.6,10.2,10.0,OK
O0783,H,전원공급장치 150W,9841.70,PEAK,6.4,8.0,11.6,11.1,11.3,OK
O0784,I,튜브 연결구,9845.49,PEAK,6.3,10.9,12.9,9.7,10.5,OK
O0785,I,튜브 연결구,9852.35,PEAK,4.8,9.7,11.9,10.3,9.9,OK
O0786,H,전원공급장치 150W,9856.92,PEAK,3.9,8.2,8.0,9.0,9.8,OK
O0787,J,절연테이프,9862.39,PEAK,5.4,9.9,10.0,12.2,11.4,OK
O0788,D,터미널 블록,9869.07,PEAK,4.1,7.6,8.1,9.7,9.8,OK
O0789,D,터미널 블록,9872.54,PEAK,5.4,11.7,7.3,11.4,11.1,OK
O0790,I,튜브 연결구,9878.31,PEAK,6.4,12.2,12.8,13.0,11.0,OK
O0791,D,터미널 블록,9881.87,PEAK,6.1,7.2,10.0,7.6,9.9,OK
O0792,J,케이블타이,9887.41,PEAK,5.2,8.8,8.8,10.9,11.3,OK
O0793,D,커넥터 8P,9892.63,PEAK,4.0,11.1,12.3,9.4,11.7,OK
O0794,C,제어 케이블,9896.89,PEAK,4.8,7.1,8.3,9.5,8.5,OK
O0795,D,터미널 블록,9903.69,PEAK,6.2,11.1,11.7,11.2,11.1,OK
O0796,I,솔레노이드 밸브,9910.55,PEAK,4.7,9.2,9.4,12.3,7.5,OK
O0797,I,솔레노이드 밸브,9916.29,PEAK,5.7,11.1,11.4,12.8,9.1,OK
O0798,D,터미널 블록,9919.96,PEAK,4.0,11.2,7.6,7.8,11.0,OK
O0799,H,어댑터 24V,9923.09,PEAK,5.5,8.4,7.3,11.1,12.9,OK
O0800,I,튜브 연결구,9929.21,PEAK,6.1,8.6,7.9,9.2,12.8,OK
O0801,J,케이블타이,9949.32,일반,5.2,11.6,8.8,11.0,12.0,OK
O0802,I,솔레노이드 밸브,9967.00,일반,4.6,9.0,10.2,10.9,7.7,OK
O0803,A,나사 M4,9987.42,일반,5.1,9.0,7.5,8.4,12.9,OK
O0804,G,릴레이 24V,10007.88,일반,4.5,9.1,11.1,10.8,12.2,OK
O0805,D,터미널 블록,10030.24,일반,6.2,8.6,8.9,10.5,8.2,OK
O0806,A,나사 M4,10053.99,일반,6.2,9.1,10.2,7.1,11.2,OK
O0807,B,부싱 20mm,10071.62,일반,6.5,7.6,7.4,11.5,10.8,OK
O0808,B,베어링 6204,10095.27,일반,4.9,10.9,12.1,9.8,7.1,OK
O0809,J,클립,10112.37,일반,5.2,12.4,9.6,8.5,9.0,OK
O0810,J,클립,10130.87,일반,6.2,8.6,8.5,11.5,10.3,OK
O0811,J,케이블타이,10150.16,일반,5.0,8.2,7.8,11.7,12.4,OK
O0812,D,커넥터 8P,10173.00,일반,5.6,7.9,8.1,12.7,11.2,OK
O0813,I,솔레노이드 밸브,10193.71,일반,4.3,8.2,12.2,7.8,11.0,OK
O0814,C,제어 케이블,10214.67,일반,3.6,12.4,10.5,11.2,11.1,OK
O0815,E,온도 센서,10239.46,일반,5.1,7.7,7.7,11.3,11.0,OK
O0816,I,튜브 연결구,10260.19,일반,4.6,7.2,11.0,12.8,9.7,OK
O0817,C,제어 케이블,10283.34,일반,4.1,7.5,7.6,11.3,8.2,OK
O0818,E,광 센서,10307.53,일반,4.9,7.5,7.3,9.2,9.9,OK
O0819,C,전선 2.5sq,10323.80,일반,4.6,10.8,7.0,8.9,9.1,OK
O0820,F,푸시버튼,10340.26,일반,5.9,8.2,10.2,10.2,7.9,OK
O0821,G,PCB 보드,10362.88,일반,4.8,11.0,8.3,10.9,12.9,OK
O0822,E,광 센서,10379.30,일반,5.3,9.6,8.4,12.2,11.8,OK
O0823,H,어댑터 24V,10398.44,일반,5.9,9.5,7.5,11.5,10.2,OK
O0824,B,부싱 20mm,10419.78,일반,4.1,8.1,9.9,12.6,10.4,OK
O0825,E,광 센서,10439.93,일반,3.5,8.4,10.5,10.4,12.5,OK
O0826,F,리미트스위치,10464.30,일반,4.7,7.3,8.1,8.7,7.2,OK
O0827,F,토글스위치,10488.80,일반,3.9,11.0,7.7,10.9,9.5,OK
O0828,B,소형 롤러,10503.82,일반,6.2,10.0,7.4,8.0,10.1,OK
O0829,F,푸시버튼,10528.55,일반,6.4,12.8,10.9,7.5,12.7,OK
O0830,G,릴레이 24V,10551.50,일반,6.4,7.5,9.1,11.7,11.8,OK
O0831,D,터미널 블록,10576.18,일반,6.1,12.4,11.4,10.0,7.4,OK
O0832,E,온도 센서,10593.87,일반,6.0,12.9,8.1,9.3,10.4,FAIL
O0833,C,통신 케이블,10614.34,일반,3.6,11.4,12.6,11.4,9.0,OK
O0834,F,토글스위치,10637.87,일반,3.5,10.4,13.0,10.9,10.7,OK
O0835,A,볼트 M8,10660.49,일반,5.7,13.0,7.5,7.1,9.9,OK
O0836,H,어댑터 24V,10681.75,일반,6.1,12.5,9.8,8.7,11.6,OK
O0837,C,제어 케이블,10697.99,일반,4.0,10.9,8.7,9.5,11.5,OK
O0838,G,릴레이 24V,10717.56,일반,4.9,10.4,12.3,9.4,7.4,OK
O0839,C,통신 케이블,10742.52,일반,5.0,10.1,12.3,9.9,12.6,OK
O0840,E,근접 센서,10760.53,일반,5.8,11.6,8.0,8.3,8.4,OK
O0841,E,근접 센서,10782.08,일반,5.1,12.0,11.9,10.0,9.2,OK
O0842,C,전선 2.5sq,10800.80,일반,4.6,7.9,11.6,12.3,11.7,OK
O0843,E,광 센서,10819.76,일반,6.3,12.1,11.4,10.5,8.0,OK
O0844,D,터미널 블록,10841.76,일반,4.2,8.6,8.7,12.4,8.2,OK
O0845,B,베어링 6204,10863.31,일반,4.5,12.9,8.3,7.7,10.0,OK
O0846,B,베어링 6204,10880.45,일반,4.5,7.3,11.9,8.4,12.4,OK
O0847,I,튜브 연결구,10901.38,일반,3.8,12.5,9.3,12.2,7.2,OK
O0848,A,와셔 8mm,10920.83,일반,5.8,8.0,10.7,10.1,8.1,OK
O0849,G,컨트롤 모듈,10944.00,일반,3.8,7.2,8.3,11.3,11.9,OK
O0850,B,베어링 6204,10960.33,일반,4.3,8.6,10.3,12.2,8.7,OK
O0851,B,베어링 6204,10979.16,일반,5.6,11.4,8.5,9.9,12.4,OK
O0852,E,근접 센서,10997.29,일반,4.7,12.5,11.8,11.0,9.1,OK
O0853,C,통신 케이블,11016.12,일반,6.4,7.2,8.1,11.4,11.7,OK
O0854,C,전선 2.5sq,11041.05,일반,4.2,7.7,9.5,9.4,10.0,OK
O0855,A,너트 M8,11061.35,일반,5.3,11.6,9.6,9.3,10.0,OK
O0856,D,소켓 16P,11080.75,일반,4.3,9.7,10.7,9.6,8.3,OK
O0857,G,컨트롤 모듈,11103.24,일반,5.4,9.1,9.5,8.0,11.5,OK
O0858,D,커넥터 8P,11125.10,일반,3.6,9.8,11.9,8.0,10.0,OK
O0859,C,전선 2.5sq,11149.07,일반,4.1,9.9,8.3,10.9,10.8,OK
O0860,G,PCB 보드,11169.96,일반,6.3,11.3,10.6,12.1,10.9,OK
O0861,F,푸시버튼,11194.59,일반,4.0,9.9,7.8,9.6,9.8,OK
O0862,B,베어링 6204,11212.07,일반,6.1,8.5,11.3,7.4,9.2,OK
O0863,J,클립,11232.61,일반,4.9,7.8,12.1,8.0,10.1,OK
O0864,A,와셔 8mm,11253.68,일반,5.0,8.0,9.0,10.5,9.1,OK
O0865,J,클립,11270.74,일반,4.1,10.1,11.7,11.8,11.8,OK
O0866,G,PCB 보드,11287.62,일반,3.9,8.9,10.4,9.8,11.1,OK
O0867,D,터미널 블록,11309.09,일반,4.3,8.6,7.3,12.7,7.1,OK
O0868,D,터미널 블록,11327.94,일반,5.4,9.8,8.7,12.9,9.7,OK
O0869,B,소형 롤러,11349.32,일반,4.8,10.0,8.1,12.5,8.2,OK
O0870,A,와셔 8mm,11373.21,일반,5.0,10.6,9.3,7.9,11.5,OK
O0871,C,제어 케이블,11397.55,일반,3.9,9.4,10.0,10.3,12.8,OK
O0872,J,절연테이프,11421.16,일반,4.2,8.3,8.2,11.7,10.0,OK
O0873,C,제어 케이블,11439.81,일반,4.2,10.5,13.0,11.1,12.0,OK
O0874,B,베어링 6204,11464.36,일반,6.0,10.3,12.9,9.2,13.0,OK
O0875,A,와셔 8mm,11485.23,일반,4.2,7.2,9.8,12.6,10.8,OK
O0876,A,나사 M4,11502.39,일반,6.0,12.2,12.2,12.5,7.6,OK
O0877,I,솔레노이드 밸브,11522.46,일반,4.1,11.3,9.8,10.3,7.5,OK
O0878,G,릴레이 24V,11541.69,일반,5.5,12.7,9.8,11.3,7.5,OK
O0879,I,튜브 연결구,11563.10,일반,6.4,10.9,10.5,9.8,12.4,OK
O0880,B,부싱 20mm,11579.62,일반,5.4,9.4,9.5,10.3,8.9,OK
O0881,D,커넥터 8P,11595.41,일반,3.7,8.1,12.9,8.5,10.8,OK
O0882,G,컨트롤 모듈,11615.78,일반,5.4,9.6,10.0,12.2,11.0,OK
O0883,B,부싱 20mm,11637.12,일반,6.0,11.5,8.2,11.0,10.8,OK
O0884,D,커넥터 8P,11659.11,일반,6.3,12.2,12.2,12.0,12.7,OK
O0885,G,릴레이 24V,11676.55,일반,4.5,8.9,10.3,8.2,8.7,OK
O0886,J,케이블타이,11696.09,일반,6.4,10.1,10.5,12.2,10.8,OK
O0887,C,전선 2.5sq,11714.18,일반,6.3,11.1,7.1,11.3,11.6,OK
O0888,C,통신 케이블,11729.31,일반,3.9,10.7,7.7,7.8,12.2,OK
O0889,H,전원공급장치 150W,11744.42,일반,5.6,12.1,10.6,9.5,7.5,OK
O0890,E,근접 센서,11764.65,일반,4.9,8.0,11.8,10.4,12.3,OK
O0891,E,광 센서,11783.37,일반,5.8,9.8,8.6,7.1,8.6,OK
O0892,A,와셔 8mm,11807.23,일반,6.0,8.4,7.3,12.9,11.9,OK
O0893,E,광 센서,11830.30,일반,6.0,9.8,9.5,11.8,10.1,OK
O0894,J,클립,11845.94,일반,5.0,11.6,7.3,12.5,10.3,OK
O0895,H,퓨즈 5A,11861.71,일반,6.0,9.6,8.9,7.3,9.0,OK
O0896,H,퓨즈 5A,11880.31,일반,6.5,12.9,9.7,7.8,11.1,OK
O0897,C,제어 케이블,11896.98,일반,3.6,8.4,10.0,9.6,10.2,OK
O0898,J,클립,11919.72,일반,5.0,11.5,9.1,11.5,7.2,OK
O0899,D,소켓 16P,11941.94,일반,5.3,8.6,12.5,11.1,8.6,OK
O0900,A,볼트 M8,11962.03,일반,5.1,11.2,10.8,7.9,10.1,OK
O0901,H,전원공급장치 150W,11979.48,일반,6.2,9.0,10.5,12.9,9.1,OK
O0902,C,전선 2.5sq,11998.31,일반,6.1,9.4,7.9,10.7,12.4,OK
O0903,A,나사 M4,12022.62,일반,4.2,9.9,12.0,8.1,9.2,OK
O0904,D,터미널 블록,12039.86,일반,5.8,12.2,10.1,12.5,8.7,OK
O0905,F,리미트스위치,12064.02,일반,4.4,11.4,9.5,11.4,11.3,OK
O0906,J,절연테이프,12087.28,일반,4.7,10.8,9.1,12.9,11.2,OK
O0907,A,너트 M8,12103.48,일반,5.5,11.5,10.4,11.5,8.6,OK
O0908,I,원터치 피팅,12120.71,일반,5.4,8.0,11.1,10.2,12.2,OK
O0909,B,부싱 20mm,12145.25,일반,6.4,7.1,9.9,12.8,8.8,OK
O0910,E,온도 센서,12168.91,일반,5.3,7.3,12.2,7.6,11.8,OK
O0911,H,어댑터 24V,12184.77,일반,4.3,10.3,8.5,12.2,7.8,OK
O0912,E,광 센서,12203.46,일반,5.9,11.3,10.7,8.8,10.1,OK
O0913,J,케이블타이,12226.31,일반,3.7,8.6,12.7,8.1,7.6,OK
O0914,J,절연테이프,12245.95,일반,5.0,11.4,11.9,11.2,12.5,OK
O0915,D,소켓 16P,12270.92,일반,6.3,7.4,7.0,9.7,12.1,OK
O0916,D,커넥터 8P,12294.93,일반,3.5,9.9,9.0,9.1,10.5,OK
O0917,G,릴레이 24V,12309.99,일반,4.1,7.8,9.1,10.3,7.6,OK
O0918,F,토글스위치,12327.32,일반,3.9,10.5,9.1,11.4,7.9,OK
O0919,A,와셔 8mm,12350.72,일반,5.7,10.1,8.5,7.0,10.1,OK
O0920,G,컨트롤 모듈,12365.73,일반,6.1,12.2,7.6,12.5,7.4,OK
O0921,B,베어링 6204,12388.00,일반,4.9,12.1,9.4,12.8,7.3,OK
O0922,D,터미널 블록,12408.30,일반,6.1,7.4,11.1,11.9,10.0,OK
O0923,A,너트 M8,12428.22,일반,4.9,12.3,10.8,9.7,10.8,OK
O0924,B,베어링 6204,12450.34,일반,4.5,7.3,11.1,7.9,11.8,OK
O0925,I,솔레노이드 밸브,12474.55,일반,5.4,8.6,9.6,10.6,11.6,OK
O0926,F,리미트스위치,12496.56,일반,4.7,10.7,12.0,7.2,10.2,OK
O0927,B,소형 롤러,12521.31,일반,4.7,7.2,12.6,7.6,11.5,OK
O0928,C,통신 케이블,12537.26,일반,3.6,12.6,12.6,8.0,9.4,OK
O0929,B,소형 롤러,12560.46,일반,5.6,10.3,7.3,10.0,7.1,OK
O0930,G,컨트롤 모듈,12581.14,일반,5.7,12.6,7.2,13.0,11.4,OK
O0931,D,터미널 블록,12605.78,일반,5.5,7.2,12.7,10.6,10.1,OK
O0932,F,리미트스위치,12623.39,일반,3.9,7.1,10.7,12.8,12.6,OK
O0933,F,리미트스위치,12645.40,일반,5.0,9.0,8.7,12.5,12.6,OK
O0934,D,커넥터 8P,12664.93,일반,5.2,12.1,8.9,12.1,12.3,OK
O0935,C,통신 케이블,12689.36,일반,3.6,10.9,9.9,10.6,11.5,OK
O0936,B,베어링 6204,12705.45,일반,5.4,10.4,7.9,12.8,7.8,OK
O0937,F,리미트스위치,12724.95,일반,4.4,11.7,8.5,8.7,7.8,OK
O0938,F,푸시버튼,12741.16,일반,3.8,8.3,11.9,8.6,10.4,OK
O0939,H,전원공급장치 150W,12760.67,일반,4.0,8.6,12.1,8.7,12.3,OK
O0940,B,베어링 6204,12784.20,일반,4.0,7.0,10.4,8.4,7.6,OK
O0941,E,광 센서,12807.28,일반,4.7,12.1,9.1,10.9,9.9,OK
O0942,A,너트 M8,12829.24,일반,3.7,9.7,7.7,10.1,9.7,OK
O0943,F,푸시버튼,12852.60,일반,6.1,11.9,9.1,11.0,9.6,OK
O0944,D,터미널 블록,12868.52,일반,4.6,12.4,11.7,12.9,10.7,OK
O0945,A,와셔 8mm,12887.48,일반,3.8,11.8,9.8,9.6,7.1,OK
O0946,C,전선 2.5sq,12905.08,일반,6.4,7.7,9.9,7.0,7.5,OK
O0947,H,퓨즈 5A,12929.60,일반,5.2,11.8,11.7,11.0,10.1,OK
O0948,D,커넥터 8P,12952.08,일반,5.6,7.7,11.2,8.8,11.1,OK
O0949,C,전선 2.5sq,12971.70,일반,4.9,12.0,9.2,9.7,10.5,OK
O0950,D,커넥터 8P,12986.82,일반,5.8,11.1,8.6,7.9,7.8,OK
O0951,G,PCB 보드,13003.80,일반,3.7,7.1,10.8,8.7,8.7,OK
O0952,B,소형 롤러,13025.67,일반,3.9,9.1,10.0,7.2,10.3,OK
O0953,B,베어링 6204,13046.53,일반,5.3,11.2,11.3,7.9,9.0,OK
O0954,D,소켓 16P,13071.50,일반,4.1,8.5,11.1,10.1,8.8,OK
O0955,C,전선 2.5sq,13090.93,일반,6.0,9.4,7.6,9.3,10.4,OK
O0956,F,푸시버튼,13114.98,일반,6.4,8.0,9.7,9.1,10.7,OK
O0957,H,어댑터 24V,13130.41,일반,4.6,8.6,12.3,7.3,8.3,OK
O0958,J,절연테이프,13147.09,일반,3.8,7.5,11.8,9.8,11.6,OK
O0959,G,PCB 보드,13170.31,일반,4.3,10.8,10.7,11.3,10.4,OK
O0960,G,릴레이 24V,13185.60,일반,6.3,10.4,9.5,10.8,8.5,OK
O0961,C,제어 케이블,13204.14,일반,3.6,11.0,11.8,8.6,12.9,OK
O0962,C,전선 2.5sq,13221.94,일반,4.6,7.5,10.3,7.0,9.9,OK
O0963,J,케이블타이,13243.08,일반,6.3,10.6,11.7,11.7,11.1,OK
O0964,H,전원공급장치 150W,13264.55,일반,4.6,8.0,7.9,7.1,9.5,OK
O0965,H,어댑터 24V,13288.38,일반,5.4,12.8,10.5,10.4,8.1,OK
O0966,G,릴레이 24V,13304.26,일반,4.2,11.6,8.4,10.2,7.8,OK
O0967,I,원터치 피팅,13323.45,일반,4.8,11.0,12.3,12.2,11.4,OK
O0968,I,원터치 피팅,13344.76,일반,4.5,11.2,7.6,9.9,11.5,OK
O0969,F,리미트스위치,13369.65,일반,6.1,7.9,9.3,12.0,11.2,OK
O0970,H,전원공급장치 150W,13390.10,일반,3.9,12.0,12.6,12.0,12.3,OK
O0971,I,솔레노이드 밸브,13414.22,일반,3.5,11.6,12.8,11.8,11.3,OK
O0972,C,전선 2.5sq,13433.11,일반,3.9,8.4,8.4,9.3,11.3,OK
O0973,D,커넥터 8P,13451.30,일반,5.8,11.0,12.1,10.6,11.0,OK
O0974,E,근접 센서,13475.26,일반,5.1,9.1,11.5,7.3,7.4,OK
O0975,H,퓨즈 5A,13498.34,일반,4.4,11.0,11.7,7.7,10.1,OK
O0976,J,케이블타이,13516.92,일반,6.0,11.9,8.3,7.2,8.3,OK
O0977,B,베어링 6204,13541.66,일반,5.2,7.4,7.9,10.9,8.0,OK
O0978,E,광 센서,13563.22,일반,4.3,9.6,11.8,8.4,9.9,OK
O0979,A,너트 M8,13586.39,일반,6.0,11.8,11.5,11.4,9.5,OK
O0980,G,PCB 보드,13607.14,일반,5.4,12.4,10.9,11.6,9.1,OK
O0981,C,전선 2.5sq,13631.50,일반,3.6,9.1,9.8,11.1,12.7,OK
O0982,F,토글스위치,13648.86,일반,5.0,9.6,12.1,7.4,12.3,OK
O0983,J,케이블타이,13670.84,일반,4.2,7.7,11.8,10.7,9.5,OK
O0984,F,토글스위치,13692.87,일반,5.2,10.1,12.2,9.4,9.4,OK
O0985,J,케이블타이,13713.51,일반,4.5,12.9,9.4,10.6,8.2,OK
O0986,H,퓨즈 5A,13736.88,일반,5.7,7.7,11.8,12.3,12.7,OK
O0987,H,어댑터 24V,13754.97,일반,4.8,12.3,12.4,7.5,10.2,OK
O0988,D,소켓 16P,13770.87,일반,3.7,10.2,12.2,9.4,9.9,OK
O0989,I,솔레노이드 밸브,13788.06,일반,4.6,12.3,8.0,10.5,7.9,OK
O0990,J,케이블타이,13803.06,일반,4.6,8.0,7.9,12.9,10.5,OK
O0991,F,토글스위치,13826.13,일반,3.6,9.4,12.4,8.9,9.4,OK
O0992,F,푸시버튼,13842.90,일반,4.9,11.4,7.1,12.1,12.8,OK
O0993,J,클립,13858.12,일반,3.7,11.5,8.4,11.6,8.3,OK
O0994,B,소형 롤러,13882.29,일반,6.4,10.9,10.6,8.6,12.2,OK
O0995,B,부싱 20mm,13905.90,일반,5.0,8.6,10.4,8.1,8.1,OK
O0996,G,컨트롤 모듈,13927.95,일반,6.0,11.5,8.3,8.3,8.2,OK
O0997,E,온도 센서,13943.96,일반,4.0,10.1,9.4,11.2,8.3,OK
O0998,C,통신 케이블,13960.32,일반,4.7,8.4,10.0,8.0,10.1,OK
O0999,H,퓨즈 5A,13984.81,일반,5.0,11.1,9.8,11.6,8.5,OK
O1000,I,튜브 연결구,14002.98,일반,4.2,9.1,7.1,9.2,7.6,OK
